Workbook

Sheet How to Use
B2: Robotics & AI Club: 16-Class Curriculum Hardware Guide (8 weeks, 2 classes a week)
B3: Curriculum developed by Qasim Mushtaq, MS Robotics and AI · Pak-Turk Maarif International Schools & Colleges, Chak Shahzad Campus
B5: Tabs
B6: 16-Class Plan | C6: Class-by-class plan (2 classes a week, 8 weeks) for all 4 age groups with activity code, domains, software, SDGs and main outcome. Click a code to open its kit.
B7: Little Explorers (Ages 5-7) | C7: Kit list per activity (LE-01 to LE-16). Quantities are PER GROUP unless marked Per class.
B8: Junior Makers (Ages 8-11) | C8: Kit list per activity (JM-01 to JM-16). Quantities are PER GROUP unless marked Per class.
B9: Young Innovators (Ages 12-14) | C9: Kit list per activity (YI-01 to YI-16). Quantities are PER GROUP unless marked Per class.
B10: Tech Leaders (Ages 15-17) | C10: Kit list per activity (TL-01 to TL-16). Quantities are PER GROUP unless marked Per class.
B11: Master Hardware | C11: Every component used, by category. Counts and maximum quantities are live formulas reading the four kit tabs.
B12: Software Guide | C12: All software tools used, with age suitability and which activities use them.
B14: Assumptions
B15: Group size | C15: 1 group = 2 students. Multiply 'Per group' quantities by the number of groups.
B16: Per class | C16: Shared per room (3D printer, glue gun, candle for teacher demos). Do not multiply by groups.
B17: Reusable vs consumable | C17: Reusable parts are reused every class: order enough for your largest session plus 10-20% spares. Consumables (LEDs, resistors, batteries, tape, fruit) are used up: add them across every session.
B18: Codes | C18: LE = Little Explorers (5-7), JM = Junior Makers (8-11), YI = Young Innovators (12-14), TL = Tech Leaders (15-17). Classes 17-18 are capstone projects built from existing kits.
B19: Safety | C19: Ages 5-7: all wiring pre-done by the teacher. Flame and gas tests are teacher-only. Li-ion (18650) work is supervised; use protected cells. Relays switch low-voltage loads only.

Sheet 16-Class Plan
A1: 16-Class Plan: 4 age groups x 16 classes (2 a week, 8 weeks) + optional capstone showcase after the batch
A2: Curriculum developed by Qasim Mushtaq, MS Robotics and AI
A4: Age group | B4: Phase | C4: Class (Week) | D4: Code | E4: Activity | F4: Domain | G4: Second domain | H4: Mode | I4: Primary software | J4: SDGs | K4: Main learning outcome
A5: Little Explorers (Ages 5-7) | Curious hands, big ideas
A6: Ages 5-7 | B6: Circuits & Power | C6: 1 (W1) | D6: LE-01 | E6: Light-Up Paper Circuit Card | F6: Electronics & Circuits | G6: - | H6: Hardware | I6: No software needed | J6: SDG 4, SDG 7 | K6: Science: Electricity flows only in a closed loop; Technology: Batteries have a + and a - side; Arts: Designing a personalised card
A7: Ages 5-7 | B7: Circuits & Power | C7: 2 (W1) | D7: LE-02 | E7: Push-Button Doorbell | F7: Electronics & Circuits | G7: - | H7: Hardware | I7: mBlock 5 / ArduBlock (picture blocks) | J7: SDG 4, SDG 10 | K7: Science: Pressing a button closes a circuit; Technology: Inputs and outputs; Life Skills: Designing for people with different needs
A8: Ages 5-7 | B8: Circuits & Power | C8: 3 (W2) | D8: LE-03 | E8: Lemon Battery LED Lamp | F8: Power & Energy | G8: - | H8: Hardware | I8: No software needed | J8: SDG 7, SDG 4 | K8: Science: Chemical energy can become electrical energy; Maths: Counting and comparing results; Engineering: Connecting cells in series
A9: Ages 5-7 | B9: Circuits & Power | C9: 4 (W2) | D9: LE-04 | E9: Traffic Light Controller | F9: Programming & Logic | G9: - | H9: Hardware | I9: mBlock 5 / ArduBlock (picture blocks) | J9: SDG 11, SDG 4 | K9: Computing: Sequences: instructions run in order; Maths: Time in seconds; Life Skills: Road safety
A10: Ages 5-7 | B10: Sensing the World | C10: 5 (W3) | D10: LE-05 | E10: Automatic Night Lamp | F10: Sensors & Environment | G10: - | H10: Hardware | I10: mBlock 5 / ArduBlock (picture blocks) | J10: SDG 7, SDG 11 | K10: Science: Light and darkness can be measured; Computing: If-then decisions; Life Skills: Saving energy
A11: Ages 5-7 | B11: Sensing the World | C11: 6 (W3) | D11: LE-06 | E11: Hot & Cold Temperature Indicator | F11: Sensors & Environment | G11: - | H11: Hardware | I11: mBlock 5 / ArduBlock (picture blocks) | J11: SDG 3, SDG 13 | K11: Science: Hot and cold can be measured; Maths: Comparing bigger and smaller numbers; Computing: Thresholds in decisions
A12: Ages 5-7 | B12: Sensing the World | C12: 7 (W4) | D12: LE-07 | E12: Plant Water Alarm | F12: Sensors & Environment | G12: - | H12: Hardware | I12: mBlock 5 / ArduBlock (picture blocks) | J12: SDG 2, SDG 15 | K12: Science: Plants need water to live; Technology: Sensors in farming; Life Skills: Caring for living things
A13: Ages 5-7 | B13: Sensing the World | C13: 8 (W4) | D13: LE-08 | E13: Motion Detector Room Alarm | F13: Security & Safety | G13: - | H13: Hardware | I13: mBlock 5 / ArduBlock (picture blocks) | J13: SDG 11, SDG 16 | K13: Science: Our bodies give off heat; Technology: Motion sensors in security; Life Skills: Keeping homes safe
A14: Ages 5-7 | B14: Move & Communicate | C14: 9 (W5) | D14: LE-09 | E14: Waving Robot Arm | F14: Robotics & Actuation | G14: - | H14: Hardware | I14: mBlock 5 / ArduBlock (picture blocks) | J14: SDG 9, SDG 4 | K14: Engineering: Motors create movement; Maths: Turning and angles; Arts: Designing a robot character
A15: Ages 5-7 | B15: Move & Communicate | C15: 10 (W5) | D15: LE-10 | E15: Automatic Railway Crossing Gate | F15: Robotics & Actuation | G15: - | H15: Hardware | I15: mBlock 5 / ArduBlock (picture blocks) | J15: SDG 9, SDG 11 | K15: Engineering: Sensors, decisions and motors working together; Science: Echoes measure distance; Life Skills: Railway safety
A16: Ages 5-7 | B16: Move & Communicate | C16: 11 (W6) | D16: LE-11 | E16: Vibrating Brush Robot | F16: Mechanical Design | G16: - | H16: Hardware | I16: No software needed | J16: SDG 9, SDG 4 | K16: Engineering: Balance and weight change movement; Science: Vibration is a kind of motion; Life Skills: Improving after a test
A17: Ages 5-7 | B17: Move & Communicate | C17: 12 (W6) | D17: LE-12 | E17: Morse Code Light Messenger | F17: IoT & Communication | G17: - | H17: Hardware | I17: mBlock 5 / ArduBlock (picture blocks) | J17: SDG 9, SDG 17 | K17: Computing: Information can be sent as patterns (codes); Science: Light and sound carry messages; Life Skills: Listening and taking turns
... A23: Ages 5-7 | B23: Capstone (optional, after the batch) | C23: Extra B | D23: - | E23: Project-based learning: plan, build, test, showcase | F23: All domains | G23: - | H23: Hardware + Software | I23: Mixed | J23: - | K23: Suggested: Light-up invention for my bedroom; Smart plant pot helper; Makey Makey musical instrument; Talking robot face with lights and sounds
A25: Junior Makers (Ages 8-11) | From circuits to coded robots
A26: Ages 8-11 | B26: Circuits, Code & Sensing | C26: 1 (W1) | D26: JM-01 | E26: Series & Parallel Circuit Lab | F26: Electronics & Circuits | G26: - | H26: Hardware + Software | I26: PhET Circuit Construction Kit | J26: SDG 4, SDG 7 | K26: Science: Current, voltage and circuit paths; Technology: Using a multimeter safely; Maths: Recording and comparing measurements
A27: Ages 8-11 | B27: Circuits, Code & Sensing | C27: 2 (W1) | D27: JM-02 | E27: Two-Player Reaction Timer with Scoreboard | F27: Programming & Logic | G27: - | H27: Hardware | I27: ArduinoBlocks | J27: SDG 3, SDG 4 | K27: Computing: Variables, random numbers and timing; Maths: Milliseconds and comparing times; Life Skills: Fair play
A28: Ages 8-11 | B28: Circuits, Code & Sensing | C28: 3 (W2) | D28: JM-03 | E28: Mini Weather Station with OLED Display | F28: Sensors & Environment | G28: - | H28: Hardware | I28: ArduinoBlocks | J28: SDG 13, SDG 11 | K28: Science: Weather: temperature, humidity and light; Computing: Reading multiple sensors; Maths: Tables and comparing data
A29: Ages 8-11 | B29: Circuits, Code & Sensing | C29: 4 (W2) | D29: JM-04 | E29: Smart Dustbin with Fill-Level Indicator | F29: Robotics & Actuation | G29: - | H29: Hardware | I29: ArduinoBlocks | J29: SDG 11, SDG 12, SDG 3 | K29: Engineering: Combining two sensors and a motor; Computing: Conditions with ranges; Life Skills: Hygiene and clean cities
A30: Ages 8-11 | B30: Smart Home & Energy | C30: 5 (W3) | D30: JM-05 | E30: Rain-Sensing Automatic Window | F30: Sensors & Environment | G30: Mechanical Design | H30: Hardware | I30: ArduinoBlocks | J30: SDG 11, SDG 13 | K30: Science: Water conducts electricity; Engineering: Hinges and mechanisms; Computing: Sensor-triggered actions
A31: Ages 8-11 | B31: Smart Home & Energy | C31: 6 (W3) | D31: JM-06 | E31: Fire & Gas Safety Alarm Panel | F31: Security & Safety | G31: Sensors & Environment | H31: Hardware | I31: ArduinoBlocks | J31: SDG 3, SDG 11 | K31: Science: Fire, smoke and gases; Technology: Safety sensors in buildings; Life Skills: Emergency response
A32: Ages 8-11 | B32: Smart Home & Energy | C32: 7 (W4) | D32: JM-07 | E32: Temperature-Controlled Smart Fan | F32: Robotics & Actuation | G32: - | H32: Hardware | I32: ArduinoBlocks | J32: SDG 7, SDG 13 | K32: Engineering: Motor drivers and speed control; Science: Heat and cooling; Computing: Mapping one range to another
A33: Ages 8-11 | B33: Smart Home & Energy | C33: 8 (W4) | D33: JM-08 | E33: Sun-Tracking Solar Panel | F33: Power & Energy | G33: Sensors & Environment | H33: Hardware | I33: ArduinoBlocks | J33: SDG 7, SDG 13 | K33: Science: The sun as an energy source; Engineering: Feedback: sense, compare, move; Maths: Comparing measurements
A34: Ages 8-11 | B34: Security, Design & Robots | C34: 9 (W5) | D34: JM-09 | E34: Home Burglar Alarm with Secret Code | F34: Security & Safety | G34: - | H34: Hardware | I34: ArduinoBlocks | J34: SDG 11, SDG 16 | K34: Computing: Sequences, passwords and states; Technology: Home security systems; Life Skills: Keeping codes private
A35: Ages 8-11 | B35: Security, Design & Robots | C35: 10 (W5) | D35: JM-10 | E35: 3D-Designed Name Badge & Sensor Mount | F35: Mechanical Design | G35: - | H35: Software | I35: Tinkercad 3D | J35: SDG 9 | K35: Engineering: Designing parts to measured sizes; Maths: Millimetres and 3D shapes; Arts: Product design
A36: Ages 8-11 | B36: Security, Design & Robots | C36: 11 (W6) | D36: JM-11 | E36: Line Following Robot | F36: Robotics & Actuation | G36: - | H36: Hardware | I36: ArduinoBlocks | J36: SDG 9 | K36: Engineering: Robot chassis, motors and sensors; Computing: Decisions inside a loop; Technology: Robots in industry
A37: Ages 8-11 | B37: Security, Design & Robots | C37: 12 (W6) | D37: JM-12 | E37: Phone-Controlled RGB Mood Lamp | F37: IoT & Communication | G37: App, Web & Game Development | H37: Hardware + Software | I37: ArduinoBlocks + MIT App Inventor | J37: SDG 7, SDG 9 | K37: Computing: Wireless messages between devices; Science: Colour mixing with light; Technology: Smart homes
... A43: Ages 8-11 | B43: Capstone (optional, after the batch) | C43: Extra B | D43: - | E43: Project-based learning: plan, build, test, showcase | F43: All domains | G43: - | H43: Hardware + Software | I43: Mixed | J43: - | K43: Suggested: Automatic pet feeder with a timer; Smart study lamp with posture reminder; Obstacle avoiding delivery car; Classroom noise-level meter
A45: Young Innovators (Ages 12-14) | Real code, real electronics, real problems
A46: Ages 12-14 | B46: Electronics & Mechanisms | C46: 1 (W1) | D46: YI-01 | E46: 555 Timer Alarm Siren Circuit | F46: Electronics & Circuits | G46: - | H46: Hardware | I46: Falstad Circuit Simulator | J46: SDG 4, SDG 9 | K46: Science: Capacitors, resistance and charging time; Engineering: Integrated circuits without code; Maths: Frequency and period
A47: Ages 12-14 | B47: Electronics & Mechanisms | C47: 2 (W1) | D47: YI-02 | E47: Heart Rate Monitoring System | F47: Sensors & Environment | G47: - | H47: Hardware | I47: Arduino IDE 2 | J47: SDG 3 | K47: Science: The heart and circulation; Computing: Signal thresholds, timing and averages; Life Skills: Health data privacy
A48: Ages 12-14 | B48: Electronics & Mechanisms | C48: 3 (W2) | D48: YI-03 | E48: Smart Classroom Energy Saver | F48: Power & Energy | G48: Sensors & Environment | H48: Hardware | I48: Arduino IDE 2 | J48: SDG 7, SDG 13, SDG 11 | K48: Engineering: Relays and automation; Computing: Combined conditions (AND/OR) and timers; Maths: Estimating energy savings
A49: Ages 12-14 | B49: Electronics & Mechanisms | C49: 4 (W2) | D49: YI-04 | E49: Stepper Motor Drawing Plotter | F49: Mechanical Design | G49: Programming & Logic | H49: Hardware | I49: Arduino IDE 2 | J49: SDG 9 | K49: Engineering: Stepper motors and mechanisms; Maths: Coordinates and ratios; Computing: Functions for reusable moves
A50: Ages 12-14 | B50: Robots & Security | C50: 5 (W3) | D50: YI-05 | E50: Obstacle Avoiding Robot with Scanning Sonar | F50: Robotics & Actuation | G50: - | H50: Hardware | I50: Arduino IDE 2 | J50: SDG 9, SDG 11 | K50: Engineering: Autonomous navigation; Computing: Functions and comparisons; Technology: How self-driving cars sense
A51: Ages 12-14 | B51: Robots & Security | C51: 6 (W3) | D51: YI-06 | E51: Bluetooth Robot Car with Phone App | F51: IoT & Communication | G51: App, Web & Game Development | H51: Hardware + Software | I51: Arduino IDE 2 + MIT App Inventor | J51: SDG 9 | K51: Computing: Serial communication and app design; Engineering: Wireless control systems; Arts: User interface design
A52: Ages 12-14 | B52: Robots & Security | C52: 7 (W4) | D52: YI-07 | E52: Gesture-Controlled Robot Arm | F52: Robotics & Actuation | G52: - | H52: Hardware | I52: Arduino IDE 2 | J52: SDG 9, SDG 3 | K52: Engineering: Robot arms and degrees of freedom; Maths: Angles and mapping ranges; Computing: Smoothing noisy sensor data
A53: Ages 12-14 | B53: Robots & Security | C53: 8 (W4) | D53: YI-08 | E53: RFID Smart Door Lock with Access Log | F53: Security & Safety | G53: - | H53: Hardware | I53: Arduino IDE 2 | J53: SDG 9, SDG 16 | K53: Computing: Arrays, comparisons and logs; Technology: RFID in everyday life; Life Skills: Privacy and access rights
A54: Ages 12-14 | B54: Power & Wireless | C54: 9 (W5) | D54: YI-09 | E54: Rechargeable Power Pack for Robots | F54: Power & Energy | G54: Electronics & Circuits | H54: Hardware | I54: Arduino IDE 2 | J54: SDG 7, SDG 12 | K54: Engineering: Charging, protection and voltage conversion; Science: Chemical energy storage; Life Skills: Battery safety
A55: Ages 12-14 | B55: Power & Wireless | C55: 10 (W5) | D55: YI-10 | E55: Wireless Doorbell with Visitor Counter | F55: IoT & Communication | G55: - | H55: Hardware | I55: Arduino IDE 2 | J55: SDG 9, SDG 11 | K55: Computing: Radio communication and addressing; Science: Radio waves and range; Engineering: Two-device systems
A56: Ages 12-14 | B56: Power & Wireless | C56: 11 (W6) | D56: YI-11 | E56: Wi-Fi Automatic Plant Watering System | F56: Sensors & Environment | G56: IoT & Communication | H56: Hardware | I56: Arduino IDE 2 (ESP32) | J56: SDG 2, SDG 6, SDG 13 | K56: Science: Plants, soil and water use; Computing: Web servers on a microcontroller; Engineering: Pumps and relays
A57: Ages 12-14 | B57: Power & Wireless | C57: 12 (W6) | D57: YI-12 | E57: Plant Monitor Mobile App | F57: App, Web & Game Development | G57: - | H57: Software | I57: MIT App Inventor | J57: SDG 2, SDG 9 | K57: Computing: Apps, web requests and events; Arts: User interface design; Life Skills: Designing for a real user
... A63: Ages 12-14 | B63: Capstone (optional, after the batch) | C63: Extra B | D63: - | E63: Project-based learning: plan, build, test, showcase | F63: All domains | G63: - | H63: Hardware + Software | I63: Mixed | J63: - | K63: Suggested: Earthquake early-warning alarm; Wi-Fi smart mailbox notifier; Greenhouse ventilation controller; Scheduled pet feeder with phone app
A65: Tech Leaders (Ages 15-17) | Engineering solutions the world needs
A66: Ages 15-17 | B66: Power, Autonomy & Health | C66: 1 (W1) | D66: TL-01 | E66: Solar-Powered Off-Grid Weather Node | F66: Power & Energy | G66: Electronics & Circuits | H66: Hardware | I66: Arduino IDE 2 (ESP32) | J66: SDG 7, SDG 13 | K66: Engineering: Energy budgets and low-power design; Science: Solar energy and battery chemistry; Maths: Power, current and time calculations
A67: Ages 15-17 | B67: Power, Autonomy & Health | C67: 2 (W1) | D67: TL-02 | E67: Autonomous Maze Solving Robot | F67: Robotics & Actuation | G67: Programming & Logic | H67: Hardware | I67: Arduino IDE 2 | J67: SDG 9, SDG 11 | K67: Engineering: Feedback control (PID); Computing: Algorithms: wall-following and maze solving; Maths: Error, rates and tuning
A68: Ages 15-17 | B68: Power, Autonomy & Health | C68: 3 (W2) | D68: TL-03 | E68: Pick-and-Place Robotic Arm with Record & Replay | F68: Mechanical Design | G68: - | H68: Hardware | I68: Arduino IDE 2 | J68: SDG 9 | K68: Engineering: Mechanisms, torque and degrees of freedom; Computing: Arrays and non-volatile memory; Maths: Trigonometry for arm reach
A69: Ages 15-17 | B69: Power, Autonomy & Health | C69: 4 (W2) | D69: TL-04 | E69: Fall Detection Wearable for the Elderly | F69: Sensors & Environment | G69: IoT & Communication | H69: Hardware | I69: Arduino IDE 2 (ESP32) | J69: SDG 3, SDG 10 | K69: Science: Acceleration and human movement; Computing: Pattern detection and state machines; Life Skills: Designing for vulnerable people
A70: Ages 15-17 | B70: Connected Systems | C70: 5 (W3) | D70: TL-05 | E70: ESP-NOW Wireless Sensor Network | F70: IoT & Communication | G70: - | H70: Hardware | I70: Arduino IDE 2 (ESP32) | J70: SDG 9, SDG 11 | K70: Computing: Wireless protocols and packets; Engineering: Distributed systems; Maths: Reliability percentages
A71: Ages 15-17 | B71: Connected Systems | C71: 6 (W3) | D71: TL-06 | E71: Smart Home Cloud Control Hub | F71: IoT & Communication | G71: - | H71: Hardware | I71: Arduino Cloud | J71: SDG 7, SDG 9, SDG 11 | K71: Computing: Cloud IoT, MQTT and dashboards; Engineering: Home automation systems; Life Skills: Reliability and safety of smart devices
A72: Ages 15-17 | B72: Connected Systems | C72: 7 (W4) | D72: TL-07 | E72: Smart Parking Occupancy Dashboard | F72: Sensors & Environment | G72: - | H72: Hardware | I72: Arduino IDE 2 (ESP32) | J72: SDG 11, SDG 9 | K72: Computing: Web dashboards and real-time data; Engineering: Smart city systems; Maths: Usage statistics
A73: Ages 15-17 | B73: Connected Systems | C73: 8 (W4) | D73: TL-08 | E73: Two-Factor Smart Locker with Intrusion Alerts | F73: Security & Safety | G73: - | H73: Hardware | I73: Arduino IDE 2 (ESP32) | J73: SDG 9, SDG 16 | K73: Computing: Authentication and security logic; Technology: Physical and cyber security; Life Skills: Ethical responsibility for security
A74: Ages 15-17 | B74: Data, AI & Web | C74: 9 (W5) | D74: TL-09 | E74: Sensor Data Logging & Analysis Pipeline | F74: AI & Data | G74: - | H74: Hardware + Software | I74: Python (pandas, matplotlib) | J74: SDG 4, SDG 11, SDG 13 | K74: AI: Data cleaning, visualisation and analysis; Computing: Python pandas and matplotlib; Science: Environmental patterns
A75: Ages 15-17 | B75: Data, AI & Web | C75: 10 (W5) | D75: TL-10 | E75: Machine Learning Rain Predictor | F75: AI & Data | G75: - | H75: Hardware + Software | I75: Python (scikit-learn) | J75: SDG 13, SDG 2 | K75: AI: Supervised learning, train/test split, accuracy; Science: Weather and humidity; Maths: Probability and evaluation
A76: Ages 15-17 | B76: Data, AI & Web | C76: 11 (W6) | D76: TL-11 | E76: AI Fake News Detector | F76: AI & Data | G76: - | H76: Software | I76: Python (scikit-learn) | J76: SDG 4, SDG 16 | K76: AI: Text classification and bias; Life Skills: Media literacy and ethics; Computing: Model evaluation
A77: Ages 15-17 | B77: Data, AI & Web | C77: 12 (W6) | D77: TL-12 | E77: Web-Controlled Devices via REST API | F77: App, Web & Game Development | G77: IoT & Communication | H77: Hardware + Software | I77: Arduino IDE 2 + Flask | J77: SDG 9 | K77: Computing: REST APIs, HTTP and JSON; Engineering: Full-stack systems; Life Skills: Writing documentation for others
... A83: Ages 15-17 | B83: Capstone (optional, after the batch) | C83: Extra B | D83: - | E83: Project-based learning: plan, build, test, showcase | F83: All domains | G83: - | H83: Hardware + Software | I83: Mixed | J83: - | K83: Suggested: Autonomous delivery robot; Full-stack IoT product with dashboard; Predictive plant health analytics; Assistive device for a person with a disability
A86: Domain coverage (classes per domain, primary + second)
A87: Domain | B87: Little Explorers | C87: Junior Makers | D87: Young Innovators | E87: Tech Leaders
A88: Electronics & Circuits | B88: =COUNTIFS($A$5:$A$120,"Ages 5-7",$F$5:$F$120,$A88)+COUNTIFS($A$5:$A$120,"Ages 5-7",$G$5:$G$120,$A88) -> 2 | C88: =COUNTIFS($A$5:$A$120,"Ages 8-11",$F$5:$F$120,$A88)+COUNTIFS($A$5:$A$120,"Ages 8-11",$G$5:$G$120,$A88) -> 1 | D88: =COUNTIFS($A$5:$A$120,"Ages 12-14",$F$5:$F$120,$A88)+COUNTIFS($A$5:$A$120,"Ages 12-14",$G$5:$G$120,$A88) -> 2 | E88: =COUNTIFS($A$5:$A$120,"Ages 15-17",$F$5:$F$120,$A88)+COUNTIFS($A$5:$A$120,"Ages 15-17",$G$5:$G$120,$A88) -> 1
A89: Sensors & Environment | B89: =COUNTIFS($A$5:$A$120,"Ages 5-7",$F$5:$F$120,$A89)+COUNTIFS($A$5:$A$120,"Ages 5-7",$G$5:$G$120,$A89) -> 3 | C89: =COUNTIFS($A$5:$A$120,"Ages 8-11",$F$5:$F$120,$A89)+COUNTIFS($A$5:$A$120,"Ages 8-11",$G$5:$G$120,$A89) -> 5 | D89: =COUNTIFS($A$5:$A$120,"Ages 12-14",$F$5:$F$120,$A89)+COUNTIFS($A$5:$A$120,"Ages 12-14",$G$5:$G$120,$A89) -> 3 | E89: =COUNTIFS($A$5:$A$120,"Ages 15-17",$F$5:$F$120,$A89)+COUNTIFS($A$5:$A$120,"Ages 15-17",$G$5:$G$120,$A89) -> 2
A90: Robotics & Actuation | B90: =COUNTIFS($A$5:$A$120,"Ages 5-7",$F$5:$F$120,$A90)+COUNTIFS($A$5:$A$120,"Ages 5-7",$G$5:$G$120,$A90) -> 2 | C90: =COUNTIFS($A$5:$A$120,"Ages 8-11",$F$5:$F$120,$A90)+COUNTIFS($A$5:$A$120,"Ages 8-11",$G$5:$G$120,$A90) -> 3 | D90: =COUNTIFS($A$5:$A$120,"Ages 12-14",$F$5:$F$120,$A90)+COUNTIFS($A$5:$A$120,"Ages 12-14",$G$5:$G$120,$A90) -> 2 | E90: =COUNTIFS($A$5:$A$120,"Ages 15-17",$F$5:$F$120,$A90)+COUNTIFS($A$5:$A$120,"Ages 15-17",$G$5:$G$120,$A90) -> 2
A91: Mechanical Design | B91: =COUNTIFS($A$5:$A$120,"Ages 5-7",$F$5:$F$120,$A91)+COUNTIFS($A$5:$A$120,"Ages 5-7",$G$5:$G$120,$A91) -> 1 | C91: =COUNTIFS($A$5:$A$120,"Ages 8-11",$F$5:$F$120,$A91)+COUNTIFS($A$5:$A$120,"Ages 8-11",$G$5:$G$120,$A91) -> 2 | D91: =COUNTIFS($A$5:$A$120,"Ages 12-14",$F$5:$F$120,$A91)+COUNTIFS($A$5:$A$120,"Ages 12-14",$G$5:$G$120,$A91) -> 2 | E91: =COUNTIFS($A$5:$A$120,"Ages 15-17",$F$5:$F$120,$A91)+COUNTIFS($A$5:$A$120,"Ages 15-17",$G$5:$G$120,$A91) -> 2
A92: Power & Energy | B92: =COUNTIFS($A$5:$A$120,"Ages 5-7",$F$5:$F$120,$A92)+COUNTIFS($A$5:$A$120,"Ages 5-7",$G$5:$G$120,$A92) -> 1 | C92: =COUNTIFS($A$5:$A$120,"Ages 8-11",$F$5:$F$120,$A92)+COUNTIFS($A$5:$A$120,"Ages 8-11",$G$5:$G$120,$A92) -> 1 | D92: =COUNTIFS($A$5:$A$120,"Ages 12-14",$F$5:$F$120,$A92)+COUNTIFS($A$5:$A$120,"Ages 12-14",$G$5:$G$120,$A92) -> 2 | E92: =COUNTIFS($A$5:$A$120,"Ages 15-17",$F$5:$F$120,$A92)+COUNTIFS($A$5:$A$120,"Ages 15-17",$G$5:$G$120,$A92) -> 1
A93: Programming & Logic | B93: =COUNTIFS($A$5:$A$120,"Ages 5-7",$F$5:$F$120,$A93)+COUNTIFS($A$5:$A$120,"Ages 5-7",$G$5:$G$120,$A93) -> 3 | C93: =COUNTIFS($A$5:$A$120,"Ages 8-11",$F$5:$F$120,$A93)+COUNTIFS($A$5:$A$120,"Ages 8-11",$G$5:$G$120,$A93) -> 1 | D93: =COUNTIFS($A$5:$A$120,"Ages 12-14",$F$5:$F$120,$A93)+COUNTIFS($A$5:$A$120,"Ages 12-14",$G$5:$G$120,$A93) -> 2 | E93: =COUNTIFS($A$5:$A$120,"Ages 15-17",$F$5:$F$120,$A93)+COUNTIFS($A$5:$A$120,"Ages 15-17",$G$5:$G$120,$A93) -> 2
A94: IoT & Communication | B94: =COUNTIFS($A$5:$A$120,"Ages 5-7",$F$5:$F$120,$A94)+COUNTIFS($A$5:$A$120,"Ages 5-7",$G$5:$G$120,$A94) -> 1 | C94: =COUNTIFS($A$5:$A$120,"Ages 8-11",$F$5:$F$120,$A94)+COUNTIFS($A$5:$A$120,"Ages 8-11",$G$5:$G$120,$A94) -> 1 | D94: =COUNTIFS($A$5:$A$120,"Ages 12-14",$F$5:$F$120,$A94)+COUNTIFS($A$5:$A$120,"Ages 12-14",$G$5:$G$120,$A94) -> 3 | E94: =COUNTIFS($A$5:$A$120,"Ages 15-17",$F$5:$F$120,$A94)+COUNTIFS($A$5:$A$120,"Ages 15-17",$G$5:$G$120,$A94) -> 4
A95: Security & Safety | B95: =COUNTIFS($A$5:$A$120,"Ages 5-7",$F$5:$F$120,$A95)+COUNTIFS($A$5:$A$120,"Ages 5-7",$G$5:$G$120,$A95) -> 1 | C95: =COUNTIFS($A$5:$A$120,"Ages 8-11",$F$5:$F$120,$A95)+COUNTIFS($A$5:$A$120,"Ages 8-11",$G$5:$G$120,$A95) -> 2 | D95: =COUNTIFS($A$5:$A$120,"Ages 12-14",$F$5:$F$120,$A95)+COUNTIFS($A$5:$A$120,"Ages 12-14",$G$5:$G$120,$A95) -> 1 | E95: =COUNTIFS($A$5:$A$120,"Ages 15-17",$F$5:$F$120,$A95)+COUNTIFS($A$5:$A$120,"Ages 15-17",$G$5:$G$120,$A95) -> 3
A96: AI & Data | B96: =COUNTIFS($A$5:$A$120,"Ages 5-7",$F$5:$F$120,$A96)+COUNTIFS($A$5:$A$120,"Ages 5-7",$G$5:$G$120,$A96) -> 1 | C96: =COUNTIFS($A$5:$A$120,"Ages 8-11",$F$5:$F$120,$A96)+COUNTIFS($A$5:$A$120,"Ages 8-11",$G$5:$G$120,$A96) -> 1 | D96: =COUNTIFS($A$5:$A$120,"Ages 12-14",$F$5:$F$120,$A96)+COUNTIFS($A$5:$A$120,"Ages 12-14",$G$5:$G$120,$A96) -> 1 | E96: =COUNTIFS($A$5:$A$120,"Ages 15-17",$F$5:$F$120,$A96)+COUNTIFS($A$5:$A$120,"Ages 15-17",$G$5:$G$120,$A96) -> 3
A97: App, Web & Game Development | B97: =COUNTIFS($A$5:$A$120,"Ages 5-7",$F$5:$F$120,$A97)+COUNTIFS($A$5:$A$120,"Ages 5-7",$G$5:$G$120,$A97) -> 2 | C97: =COUNTIFS($A$5:$A$120,"Ages 8-11",$F$5:$F$120,$A97)+COUNTIFS($A$5:$A$120,"Ages 8-11",$G$5:$G$120,$A97) -> 3 | D97: =COUNTIFS($A$5:$A$120,"Ages 12-14",$F$5:$F$120,$A97)+COUNTIFS($A$5:$A$120,"Ages 12-14",$G$5:$G$120,$A97) -> 3 | E97: =COUNTIFS($A$5:$A$120,"Ages 15-17",$F$5:$F$120,$A97)+COUNTIFS($A$5:$A$120,"Ages 15-17",$G$5:$G$120,$A97) -> 2

Sheet Little Explorers 5-7
A1: Little Explorers (Ages 5-7): kit per activity
A2: Quantities per group of 2 students. 'Per class' = shared, do not multiply.
A4: Code | B4: Category | C4: Component | D4: Qty | E4: Basis | F4: Type | G4: Notes
A5: LE-01 | B5: Class 1 (Week 1) · Light-Up Paper Circuit Card
A6: LE-01 | B6: Domain: Electronics & Circuits | Mode: Hardware | Software: No software needed (also: PhET Circuit Construction Kit (teacher demo)) SDGs: 4 Quality Education, 7 Clean Energy
A7: LE-01 | B7: Displays & Output | C7: LED 5 mm (assorted) | D7: 2 | E7: Per group | F7: Consumable
A8: LE-01 | B8: Power | C8: Coin cell CR2032 | D8: 1 | E8: Per group | F8: Consumable
A9: LE-01 | B9: Wiring & Prototyping | C9: Copper tape | D9: 1 | E9: Per group | F9: Consumable | G9: 30 cm per group
A10: LE-01 | B10: Craft & Stationery | C10: Card / chart paper | D10: 2 | E10: Per group | F10: Consumable
A11: LE-01 | B11: Craft & Stationery | C11: Markers | D11: 1 | E11: Per group | F11: Consumable
A12: LE-01 | B12: Craft & Stationery | C12: Tape (paper + double-sided) | D12: 1 | E12: Per class | F12: Consumable
A14: LE-02 | B14: Class 2 (Week 1) · Push-Button Doorbell
A15: LE-02 | B15: Domain: Electronics & Circuits | Mode: Hardware | Software: mBlock 5 / ArduBlock (picture blocks) (also: Tinkercad Circuits (teacher demo)) SDGs: 4 Quality Education, 10 Reduced Inequalities
A16: LE-02 | B16: Microcontrollers & Dev Boards | C16: Arduino Uno + USB cable | D16: 1 | E16: Per group | F16: Reusable | G16: Pre-wired by teacher
A17: LE-02 | B17: Actuators & Motor Drivers | C17: Buzzer | D17: 1 | E17: Per group | F17: Reusable
A18: LE-02 | B18: Displays & Output | C18: LED 5 mm (assorted) | D18: 1 | E18: Per group | F18: Consumable
A19: LE-02 | B19: Passive Components & ICs | C19: Push button | D19: 1 | E19: Per group | F19: Reusable
A20: LE-02 | B20: Passive Components & ICs | C20: Resistor 220 ohm | D20: 1 | E20: Per group | F20: Consumable
A21: LE-02 | B21: Passive Components & ICs | C21: Resistor 10k ohm | D21: 1 | E21: Per group | F21: Consumable
A22: LE-02 | B22: Wiring & Prototyping | C22: Breadboard (half size) | D22: 1 | E22: Per group | F22: Reusable
A23: LE-02 | B23: Wiring & Prototyping | C23: Jumper wires M-M | D23: 6 | E23: Per group | F23: Reusable
A24: LE-02 | B24: Computers & Equipment | C24: Laptop | D24: 1 | E24: Per group | F24: Reusable
A26: LE-03 | B26: Class 3 (Week 2) · Lemon Battery LED Lamp
A27: LE-03 | B27: Domain: Power & Energy | Mode: Hardware | Software: No software needed SDGs: 7 Clean Energy, 4 Quality Education
A28: LE-03 | B28: Displays & Output | C28: LED 5 mm (assorted) | D28: 1 | E28: Per group | F28: Consumable | G28: Red works best
A29: LE-03 | B29: Wiring & Prototyping | C29: Alligator clip leads | D29: 5 | E29: Per group | F29: Reusable
A30: LE-03 | B30: Science Consumables | C30: Lemons | D30: 4 | E30: Per group | F30: Consumable
A31: LE-03 | B31: Science Consumables | C31: Galvanized nails | D31: 4 | E31: Per group | F31: Consumable
A32: LE-03 | B32: Science Consumables | C32: Copper coins | D32: 4 | E32: Per group | F32: Reusable
A34: LE-04 | B34: Class 4 (Week 2) · Traffic Light Controller
A35: LE-04 | B35: Domain: Programming & Logic | Mode: Hardware | Software: mBlock 5 / ArduBlock (picture blocks) (also: Tinkercad Circuits (teacher demo)) SDGs: 11 Sustainable Cities, 4 Quality Education
A36: LE-04 | B36: Microcontrollers & Dev Boards | C36: Arduino Uno + USB cable | D36: 1 | E36: Per group | F36: Reusable | G36: Pre-wired by teacher
A37: LE-04 | B37: Actuators & Motor Drivers | C37: Buzzer | D37: 1 | E37: Per group | F37: Reusable
A38: LE-04 | B38: Displays & Output | C38: LED 5 mm (assorted) | D38: 3 | E38: Per group | F38: Consumable | G38: Red, yellow, green
A39: LE-04 | B39: Passive Components & ICs | C39: Resistor 220 ohm | D39: 3 | E39: Per group | F39: Consumable
A40: LE-04 | B40: Wiring & Prototyping | C40: Breadboard (half size) | D40: 1 | E40: Per group | F40: Reusable
A41: LE-04 | B41: Wiring & Prototyping | C41: Jumper wires M-M | D41: 8 | E41: Per group | F41: Reusable
A42: LE-04 | B42: Computers & Equipment | C42: Laptop | D42: 1 | E42: Per group | F42: Reusable
A44: LE-05 | B44: Class 5 (Week 3) · Automatic Night Lamp
A45: LE-05 | B45: Domain: Sensors & Environment | Mode: Hardware | Software: mBlock 5 / ArduBlock (picture blocks) SDGs: 7 Clean Energy, 11 Sustainable Cities
A46: LE-05 | B46: Microcontrollers & Dev Boards | C46: Arduino Uno + USB cable | D46: 1 | E46: Per group | F46: Reusable | G46: Pre-wired by teacher
A47: LE-05 | B47: Sensors | C47: LDR module | D47: 1 | E47: Per group | F47: Reusable
A48: LE-05 | B48: Displays & Output | C48: LED 5 mm (assorted) | D48: 2 | E48: Per group | F48: Consumable
A49: LE-05 | B49: Passive Components & ICs | C49: Resistor 220 ohm | D49: 2 | E49: Per group | F49: Consumable
A50: LE-05 | B50: Wiring & Prototyping | C50: Breadboard (half size) | D50: 1 | E50: Per group | F50: Reusable
A51: LE-05 | B51: Wiring & Prototyping | C51: Jumper wires M-M | D51: 4 | E51: Per group | F51: Reusable
A52: LE-05 | B52: Wiring & Prototyping | C52: Jumper wires M-F | D52: 3 | E52: Per group | F52: Reusable
A53: LE-05 | B53: Computers & Equipment | C53: Laptop | D53: 1 | E53: Per group | F53: Reusable
A55: LE-06 | B55: Class 6 (Week 3) · Hot & Cold Temperature Indicator
A56: LE-06 | B56: Domain: Sensors & Environment | Mode: Hardware | Software: mBlock 5 / ArduBlock (picture blocks) SDGs: 3 Good Health, 13 Climate Action
A57: LE-06 | B57: Microcontrollers & Dev Boards | C57: Arduino Uno + USB cable | D57: 1 | E57: Per group | F57: Reusable | G57: Pre-wired by teacher
A58: LE-06 | B58: Sensors | C58: DHT22 sensor | D58: 1 | E58: Per group | F58: Reusable
A59: LE-06 | B59: Displays & Output | C59: LED 5 mm (assorted) | D59: 2 | E59: Per group | F59: Consumable | G59: Red and blue
A60: LE-06 | B60: Passive Components & ICs | C60: Resistor 220 ohm | D60: 2 | E60: Per group | F60: Consumable
A61: LE-06 | B61: Passive Components & ICs | C61: Resistor 10k ohm | D61: 1 | E61: Per group | F61: Consumable
A62: LE-06 | B62: Wiring & Prototyping | C62: Breadboard (half size) | D62: 1 | E62: Per group | F62: Reusable
A63: LE-06 | B63: Wiring & Prototyping | C63: Jumper wires M-M | D63: 6 | E63: Per group | F63: Reusable
A64: LE-06 | B64: Computers & Equipment | C64: Laptop | D64: 1 | E64: Per group | F64: Reusable
A66: LE-07 | B66: Class 7 (Week 4) · Plant Water Alarm
A67: LE-07 | B67: Domain: Sensors & Environment | Mode: Hardware | Software: mBlock 5 / ArduBlock (picture blocks) SDGs: 2 Zero Hunger, 15 Life on Land
A68: LE-07 | B68: Microcontrollers & Dev Boards | C68: Arduino Uno + USB cable | D68: 1 | E68: Per group | F68: Reusable | G68: Pre-wired by teacher
A69: LE-07 | B69: Sensors | C69: Soil moisture sensor | D69: 1 | E69: Per group | F69: Reusable
A70: LE-07 | B70: Actuators & Motor Drivers | C70: Buzzer | D70: 1 | E70: Per group | F70: Reusable
A71: LE-07 | B71: Displays & Output | C71: LED 5 mm (assorted) | D71: 1 | E71: Per group | F71: Consumable
A72: LE-07 | B72: Passive Components & ICs | C72: Resistor 220 ohm | D72: 1 | E72: Per group | F72: Consumable
A73: LE-07 | B73: Wiring & Prototyping | C73: Breadboard (half size) | D73: 1 | E73: Per group | F73: Reusable
A74: LE-07 | B74: Wiring & Prototyping | C74: Jumper wires M-M | D74: 4 | E74: Per group | F74: Reusable
A75: LE-07 | B75: Wiring & Prototyping | C75: Jumper wires M-F | D75: 3 | E75: Per group | F75: Reusable
A76: LE-07 | B76: Computers & Equipment | C76: Laptop | D76: 1 | E76: Per group | F76: Reusable
A77: LE-07 | B77: Craft & Stationery | C77: Plant pot with soil | D77: 1 | E77: Per group | F77: Consumable
A78: LE-07 | B78: Craft & Stationery | C78: Water container | D78: 1 | E78: Per class | F78: Reusable
A80: LE-08 | B80: Class 8 (Week 4) · Motion Detector Room Alarm
A81: LE-08 | B81: Domain: Security & Safety | Mode: Hardware | Software: mBlock 5 / ArduBlock (picture blocks) SDGs: 11 Sustainable Cities, 16 Peace & Justice
A82: LE-08 | B82: Microcontrollers & Dev Boards | C82: Arduino Uno + USB cable | D82: 1 | E82: Per group | F82: Reusable | G82: Pre-wired by teacher
A83: LE-08 | B83: Sensors | C83: PIR motion sensor | D83: 1 | E83: Per group | F83: Reusable
A84: LE-08 | B84: Actuators & Motor Drivers | C84: Buzzer | D84: 1 | E84: Per group | F84: Reusable
A85: LE-08 | B85: Displays & Output | C85: LED 5 mm (assorted) | D85: 1 | E85: Per group | F85: Consumable
A86: LE-08 | B86: Passive Components & ICs | C86: Resistor 220 ohm | D86: 1 | E86: Per group | F86: Consumable
A87: LE-08 | B87: Wiring & Prototyping | C87: Breadboard (half size) | D87: 1 | E87: Per group | F87: Reusable
A88: LE-08 | B88: Wiring & Prototyping | C88: Jumper wires M-M | D88: 4 | E88: Per group | F88: Reusable
A89: LE-08 | B89: Wiring & Prototyping | C89: Jumper wires M-F | D89: 3 | E89: Per group | F89: Reusable
A90: LE-08 | B90: Computers & Equipment | C90: Laptop | D90: 1 | E90: Per group | F90: Reusable
A92: LE-09 | B92: Class 9 (Week 5) · Waving Robot Arm
A93: LE-09 | B93: Domain: Robotics & Actuation | Mode: Hardware | Software: mBlock 5 / ArduBlock (picture blocks) SDGs: 9 Industry & Innovation, 4 Quality Education
A94: LE-09 | B94: Microcontrollers & Dev Boards | C94: Arduino Uno + USB cable | D94: 1 | E94: Per group | F94: Reusable | G94: Pre-wired by teacher
A95: LE-09 | B95: Actuators & Motor Drivers | C95: Servo SG90 | D95: 1 | E95: Per group | F95: Reusable
A96: LE-09 | B96: Passive Components & ICs | C96: Push button | D96: 1 | E96: Per group | F96: Reusable
A97: LE-09 | B97: Passive Components & ICs | C97: Resistor 10k ohm | D97: 1 | E97: Per group | F97: Consumable
A98: LE-09 | B98: Wiring & Prototyping | C98: Breadboard (half size) | D98: 1 | E98: Per group | F98: Reusable
A99: LE-09 | B99: Wiring & Prototyping | C99: Jumper wires M-M | D99: 6 | E99: Per group | F99: Reusable
A100: LE-09 | B100: Computers & Equipment | C100: Laptop | D100: 1 | E100: Per group | F100: Reusable
A101: LE-09 | B101: Craft & Stationery | C101: Cardboard sheet | D101: 1 | E101: Per group | F101: Consumable
A102: LE-09 | B102: Craft & Stationery | C102: Markers | D102: 1 | E102: Per group | F102: Consumable
A103: LE-09 | B103: Craft & Stationery | C103: Googly eyes | D103: 2 | E103: Per group | F103: Consumable
A105: LE-10 | B105: Class 10 (Week 5) · Automatic Railway Crossing Gate
A106: LE-10 | B106: Domain: Robotics & Actuation | Mode: Hardware | Software: mBlock 5 / ArduBlock (picture blocks) SDGs: 9 Industry & Innovation, 11 Sustainable Cities
A107: LE-10 | B107: Microcontrollers & Dev Boards | C107: Arduino Uno + USB cable | D107: 1 | E107: Per group | F107: Reusable | G107: Pre-wired by teacher
A108: LE-10 | B108: Sensors | C108: Ultrasonic sensor HC-SR04 | D108: 1 | E108: Per group | F108: Reusable
A109: LE-10 | B109: Actuators & Motor Drivers | C109: Servo SG90 | D109: 1 | E109: Per group | F109: Reusable
A110: LE-10 | B110: Actuators & Motor Drivers | C110: Buzzer | D110: 1 | E110: Per group | F110: Reusable
...

Sheet Junior Makers 8-11
A1: Junior Makers (Ages 8-11): kit per activity
A2: Quantities per group of 2 students. 'Per class' = shared, do not multiply.
A4: Code | B4: Category | C4: Component | D4: Qty | E4: Basis | F4: Type | G4: Notes
A5: JM-01 | B5: Class 1 (Week 1) · Series & Parallel Circuit Lab
A6: JM-01 | B6: Domain: Electronics & Circuits | Mode: Hardware + Software | Software: PhET Circuit Construction Kit (also: Tinkercad Circuits) SDGs: 4 Quality Education, 7 Clean Energy
A7: JM-01 | B7: Displays & Output | C7: LED 5 mm (assorted) | D7: 4 | E7: Per group | F7: Consumable
A8: JM-01 | B8: Passive Components & ICs | C8: Resistor 220 ohm | D8: 4 | E8: Per group | F8: Consumable
A9: JM-01 | B9: Passive Components & ICs | C9: Slide switch | D9: 2 | E9: Per group | F9: Reusable
A10: JM-01 | B10: Power | C10: 9V battery + snap | D10: 1 | E10: Per group | F10: Consumable
A11: JM-01 | B11: Wiring & Prototyping | C11: Breadboard (half size) | D11: 1 | E11: Per group | F11: Reusable
A12: JM-01 | B12: Wiring & Prototyping | C12: Jumper wires M-M | D12: 10 | E12: Per group | F12: Reusable
A13: JM-01 | B13: Computers & Equipment | C13: Digital multimeter | D13: 1 | E13: Per group | F13: Reusable
A14: JM-01 | B14: Computers & Equipment | C14: Laptop | D14: 1 | E14: Per group | F14: Reusable
A16: JM-02 | B16: Class 2 (Week 1) · Two-Player Reaction Timer with Scoreboard
A17: JM-02 | B17: Domain: Programming & Logic | Mode: Hardware | Software: ArduinoBlocks (also: Wokwi; Arduino IDE 2) SDGs: 3 Good Health, 4 Quality Education
A18: JM-02 | B18: Microcontrollers & Dev Boards | C18: Arduino Uno + USB cable | D18: 1 | E18: Per group | F18: Reusable
A19: JM-02 | B19: Actuators & Motor Drivers | C19: Buzzer | D19: 1 | E19: Per group | F19: Reusable
A20: JM-02 | B20: Displays & Output | C20: LED 5 mm (assorted) | D20: 2 | E20: Per group | F20: Consumable
A21: JM-02 | B21: Displays & Output | C21: OLED 0.96 in I2C | D21: 1 | E21: Per group | F21: Reusable
A22: JM-02 | B22: Passive Components & ICs | C22: Push button | D22: 2 | E22: Per group | F22: Reusable
A23: JM-02 | B23: Passive Components & ICs | C23: Resistor 220 ohm | D23: 2 | E23: Per group | F23: Consumable
A24: JM-02 | B24: Passive Components & ICs | C24: Resistor 10k ohm | D24: 2 | E24: Per group | F24: Consumable
A25: JM-02 | B25: Wiring & Prototyping | C25: Breadboard (half size) | D25: 1 | E25: Per group | F25: Reusable
A26: JM-02 | B26: Wiring & Prototyping | C26: Jumper wires M-M | D26: 14 | E26: Per group | F26: Reusable
A27: JM-02 | B27: Wiring & Prototyping | C27: Jumper wires M-F | D27: 4 | E27: Per group | F27: Reusable
A28: JM-02 | B28: Computers & Equipment | C28: Laptop | D28: 1 | E28: Per group | F28: Reusable
A30: JM-03 | B30: Class 3 (Week 2) · Mini Weather Station with OLED Display
A31: JM-03 | B31: Domain: Sensors & Environment | Mode: Hardware | Software: ArduinoBlocks (also: Wokwi (DHT22 + OLED)) SDGs: 13 Climate Action, 11 Sustainable Cities
A32: JM-03 | B32: Microcontrollers & Dev Boards | C32: Arduino Uno + USB cable | D32: 1 | E32: Per group | F32: Reusable
A33: JM-03 | B33: Sensors | C33: DHT22 sensor | D33: 1 | E33: Per group | F33: Reusable
A34: JM-03 | B34: Sensors | C34: LDR module | D34: 1 | E34: Per group | F34: Reusable
A35: JM-03 | B35: Displays & Output | C35: OLED 0.96 in I2C | D35: 1 | E35: Per group | F35: Reusable
A36: JM-03 | B36: Passive Components & ICs | C36: Resistor 10k ohm | D36: 1 | E36: Per group | F36: Consumable
A37: JM-03 | B37: Wiring & Prototyping | C37: Breadboard (half size) | D37: 1 | E37: Per group | F37: Reusable
A38: JM-03 | B38: Wiring & Prototyping | C38: Jumper wires M-M | D38: 10 | E38: Per group | F38: Reusable
A39: JM-03 | B39: Wiring & Prototyping | C39: Jumper wires M-F | D39: 6 | E39: Per group | F39: Reusable
A40: JM-03 | B40: Computers & Equipment | C40: Laptop | D40: 1 | E40: Per group | F40: Reusable
A42: JM-04 | B42: Class 4 (Week 2) · Smart Dustbin with Fill-Level Indicator
A43: JM-04 | B43: Domain: Robotics & Actuation | Mode: Hardware | Software: ArduinoBlocks (also: Tinkercad Circuits; Wokwi) SDGs: 11 Sustainable Cities, 12 Responsible Consumption, 3 Good Health
A44: JM-04 | B44: Microcontrollers & Dev Boards | C44: Arduino Uno + USB cable | D44: 1 | E44: Per group | F44: Reusable
A45: JM-04 | B45: Sensors | C45: Ultrasonic sensor HC-SR04 | D45: 2 | E45: Per group | F45: Reusable
A46: JM-04 | B46: Actuators & Motor Drivers | C46: Servo SG90 | D46: 1 | E46: Per group | F46: Reusable
A47: JM-04 | B47: Displays & Output | C47: LED 5 mm (assorted) | D47: 3 | E47: Per group | F47: Consumable | G47: Green, yellow, red
A48: JM-04 | B48: Passive Components & ICs | C48: Resistor 220 ohm | D48: 3 | E48: Per group | F48: Consumable
A49: JM-04 | B49: Wiring & Prototyping | C49: Breadboard (half size) | D49: 1 | E49: Per group | F49: Reusable
A50: JM-04 | B50: Wiring & Prototyping | C50: Jumper wires M-M | D50: 14 | E50: Per group | F50: Reusable
A51: JM-04 | B51: Wiring & Prototyping | C51: Jumper wires M-F | D51: 8 | E51: Per group | F51: Reusable
A52: JM-04 | B52: Computers & Equipment | C52: Laptop | D52: 1 | E52: Per group | F52: Reusable
A53: JM-04 | B53: Craft & Stationery | C53: Cardboard sheet | D53: 1 | E53: Per group | F53: Consumable | G53: Box for bin
A55: JM-05 | B55: Class 5 (Week 3) · Rain-Sensing Automatic Window
A56: JM-05 | B56: Domain: Sensors & Environment + Mechanical Design | Mode: Hardware | Software: ArduinoBlocks (also: Tinkercad Circuits) SDGs: 11 Sustainable Cities, 13 Climate Action
A57: JM-05 | B57: Microcontrollers & Dev Boards | C57: Arduino Uno + USB cable | D57: 1 | E57: Per group | F57: Reusable
A58: JM-05 | B58: Sensors | C58: Rain sensor | D58: 1 | E58: Per group | F58: Reusable
A59: JM-05 | B59: Actuators & Motor Drivers | C59: Servo SG90 | D59: 1 | E59: Per group | F59: Reusable
A60: JM-05 | B60: Actuators & Motor Drivers | C60: Buzzer | D60: 1 | E60: Per group | F60: Reusable
A61: JM-05 | B61: Displays & Output | C61: LED 5 mm (assorted) | D61: 1 | E61: Per group | F61: Consumable
A62: JM-05 | B62: Passive Components & ICs | C62: Resistor 220 ohm | D62: 1 | E62: Per group | F62: Consumable
A63: JM-05 | B63: Wiring & Prototyping | C63: Breadboard (half size) | D63: 1 | E63: Per group | F63: Reusable
A64: JM-05 | B64: Wiring & Prototyping | C64: Jumper wires M-M | D64: 10 | E64: Per group | F64: Reusable
A65: JM-05 | B65: Wiring & Prototyping | C65: Jumper wires M-F | D65: 4 | E65: Per group | F65: Reusable
A66: JM-05 | B66: Computers & Equipment | C66: Laptop | D66: 1 | E66: Per group | F66: Reusable
A67: JM-05 | B67: Craft & Stationery | C67: Cardboard sheet | D67: 1 | E67: Per group | F67: Consumable | G67: Model window
A69: JM-06 | B69: Class 6 (Week 3) · Fire & Gas Safety Alarm Panel
A70: JM-06 | B70: Domain: Security & Safety + Sensors & Environment | Mode: Hardware | Software: ArduinoBlocks (also: Wokwi (MQ-2)) SDGs: 3 Good Health, 11 Sustainable Cities
A71: JM-06 | B71: Microcontrollers & Dev Boards | C71: Arduino Uno + USB cable | D71: 1 | E71: Per group | F71: Reusable
A72: JM-06 | B72: Sensors | C72: Flame sensor | D72: 1 | E72: Per group | F72: Reusable
A73: JM-06 | B73: Sensors | C73: MQ-2 gas sensor | D73: 1 | E73: Per group | F73: Reusable
A74: JM-06 | B74: Actuators & Motor Drivers | C74: Buzzer | D74: 1 | E74: Per group | F74: Reusable
A75: JM-06 | B75: Displays & Output | C75: LED 5 mm (assorted) | D75: 2 | E75: Per group | F75: Consumable | G75: Green, red
A76: JM-06 | B76: Displays & Output | C76: OLED 0.96 in I2C | D76: 1 | E76: Per group | F76: Reusable
A77: JM-06 | B77: Passive Components & ICs | C77: Resistor 220 ohm | D77: 2 | E77: Per group | F77: Consumable
A78: JM-06 | B78: Wiring & Prototyping | C78: Breadboard (half size) | D78: 1 | E78: Per group | F78: Reusable
A79: JM-06 | B79: Wiring & Prototyping | C79: Jumper wires M-M | D79: 12 | E79: Per group | F79: Reusable
A80: JM-06 | B80: Wiring & Prototyping | C80: Jumper wires M-F | D80: 8 | E80: Per group | F80: Reusable
A81: JM-06 | B81: Computers & Equipment | C81: Laptop | D81: 1 | E81: Per group | F81: Reusable
A82: JM-06 | B82: Science Consumables | C82: Candle | D82: 1 | E82: Per class | F82: Consumable | G82: Teacher only
A84: JM-07 | B84: Class 7 (Week 4) · Temperature-Controlled Smart Fan
A85: JM-07 | B85: Domain: Robotics & Actuation | Mode: Hardware | Software: ArduinoBlocks (also: Arduino IDE 2) SDGs: 7 Clean Energy, 13 Climate Action
A86: JM-07 | B86: Microcontrollers & Dev Boards | C86: Arduino Uno + USB cable | D86: 1 | E86: Per group | F86: Reusable
A87: JM-07 | B87: Sensors | C87: DHT22 sensor | D87: 1 | E87: Per group | F87: Reusable
A88: JM-07 | B88: Actuators & Motor Drivers | C88: DC hobby motor | D88: 1 | E88: Per group | F88: Reusable | G88: With fan blade
A89: JM-07 | B89: Actuators & Motor Drivers | C89: L298N motor driver | D89: 1 | E89: Per group | F89: Reusable
A90: JM-07 | B90: Displays & Output | C90: OLED 0.96 in I2C | D90: 1 | E90: Per group | F90: Reusable
A91: JM-07 | B91: Passive Components & ICs | C91: Potentiometer 10k | D91: 1 | E91: Per group | F91: Reusable
A92: JM-07 | B92: Power | C92: 4xAA battery pack | D92: 1 | E92: Per group | F92: Consumable | G92: Motor power
A93: JM-07 | B93: Wiring & Prototyping | C93: Breadboard (half size) | D93: 1 | E93: Per group | F93: Reusable
A94: JM-07 | B94: Wiring & Prototyping | C94: Jumper wires M-M | D94: 12 | E94: Per group | F94: Reusable
A95: JM-07 | B95: Wiring & Prototyping | C95: Jumper wires M-F | D95: 8 | E95: Per group | F95: Reusable
A96: JM-07 | B96: Computers & Equipment | C96: Laptop | D96: 1 | E96: Per group | F96: Reusable
A98: JM-08 | B98: Class 8 (Week 4) · Sun-Tracking Solar Panel
A99: JM-08 | B99: Domain: Power & Energy + Sensors & Environment | Mode: Hardware | Software: ArduinoBlocks (also: Tinkercad Circuits) SDGs: 7 Clean Energy, 13 Climate Action
A100: JM-08 | B100: Microcontrollers & Dev Boards | C100: Arduino Uno + USB cable | D100: 1 | E100: Per group | F100: Reusable
A101: JM-08 | B101: Sensors | C101: LDR module | D101: 2 | E101: Per group | F101: Reusable
A102: JM-08 | B102: Actuators & Motor Drivers | C102: Servo SG90 | D102: 1 | E102: Per group | F102: Reusable
A103: JM-08 | B103: Displays & Output | C103: LED 5 mm (assorted) | D103: 1 | E103: Per group | F103: Consumable
A104: JM-08 | B104: Power | C104: Small solar panel | D104: 1 | E104: Per group | F104: Reusable
A105: JM-08 | B105: Wiring & Prototyping | C105: Breadboard (half size) | D105: 1 | E105: Per group | F105: Reusable
A106: JM-08 | B106: Wiring & Prototyping | C106: Jumper wires M-M | D106: 10 | E106: Per group | F106: Reusable
A107: JM-08 | B107: Wiring & Prototyping | C107: Jumper wires M-F | D107: 6 | E107: Per group | F107: Reusable
A108: JM-08 | B108: Computers & Equipment | C108: Digital multimeter | D108: 1 | E108: Per group | F108: Reusable
...

Sheet Young Innovators 12-14
A1: Young Innovators (Ages 12-14): kit per activity
A2: Quantities per group of 2 students. 'Per class' = shared, do not multiply.
A4: Code | B4: Category | C4: Component | D4: Qty | E4: Basis | F4: Type | G4: Notes
A5: YI-01 | B5: Class 1 (Week 1) · 555 Timer Alarm Siren Circuit
A6: YI-01 | B6: Domain: Electronics & Circuits | Mode: Hardware | Software: Falstad Circuit Simulator (also: Tinkercad Circuits (has a 555)) SDGs: 4 Quality Education, 9 Industry & Innovation
A7: YI-01 | B7: Actuators & Motor Drivers | C7: Buzzer | D7: 1 | E7: Per group | F7: Reusable
A8: YI-01 | B8: Displays & Output | C8: LED 5 mm (assorted) | D8: 1 | E8: Per group | F8: Consumable
A9: YI-01 | B9: Passive Components & ICs | C9: 555 timer IC | D9: 1 | E9: Per group | F9: Consumable
A10: YI-01 | B10: Passive Components & ICs | C10: Capacitor 10 uF | D10: 1 | E10: Per group | F10: Consumable
A11: YI-01 | B11: Passive Components & ICs | C11: Capacitor 10 nF | D11: 1 | E11: Per group | F11: Consumable
A12: YI-01 | B12: Passive Components & ICs | C12: Capacitor 100 uF | D12: 1 | E12: Per group | F12: Consumable
A13: YI-01 | B13: Passive Components & ICs | C13: Resistor 1k ohm | D13: 2 | E13: Per group | F13: Consumable
A14: YI-01 | B14: Passive Components & ICs | C14: Resistor 10k ohm | D14: 1 | E14: Per group | F14: Consumable
A15: YI-01 | B15: Passive Components & ICs | C15: Resistor 220 ohm | D15: 1 | E15: Per group | F15: Consumable
A16: YI-01 | B16: Passive Components & ICs | C16: Potentiometer 10k | D16: 1 | E16: Per group | F16: Reusable
A17: YI-01 | B17: Power | C17: 9V battery + snap | D17: 1 | E17: Per group | F17: Consumable
A18: YI-01 | B18: Wiring & Prototyping | C18: Breadboard (half size) | D18: 1 | E18: Per group | F18: Reusable
... A20: YI-01 | B20: Computers & Equipment | C20: Digital multimeter | D20: 1 | E20: Per group | F20: Reusable
A22: YI-02 | B22: Class 2 (Week 1) · Heart Rate Monitoring System
A23: YI-02 | B23: Domain: Sensors & Environment | Mode: Hardware | Software: Arduino IDE 2 (also: Wokwi (OLED practice)) SDGs: 3 Good Health
A24: YI-02 | B24: Microcontrollers & Dev Boards | C24: Arduino Uno + USB cable | D24: 1 | E24: Per group | F24: Reusable
A25: YI-02 | B25: Sensors | C25: Pulse sensor | D25: 1 | E25: Per group | F25: Reusable
A26: YI-02 | B26: Actuators & Motor Drivers | C26: Buzzer | D26: 1 | E26: Per group | F26: Reusable
A27: YI-02 | B27: Displays & Output | C27: OLED 0.96 in I2C | D27: 1 | E27: Per group | F27: Reusable
A28: YI-02 | B28: Displays & Output | C28: LED 5 mm (assorted) | D28: 1 | E28: Per group | F28: Consumable
A29: YI-02 | B29: Passive Components & ICs | C29: Resistor 220 ohm | D29: 1 | E29: Per group | F29: Consumable
A30: YI-02 | B30: Wiring & Prototyping | C30: Breadboard (half size) | D30: 1 | E30: Per group | F30: Reusable
A31: YI-02 | B31: Wiring & Prototyping | C31: Jumper wires M-M | D31: 10 | E31: Per group | F31: Reusable
A32: YI-02 | B32: Wiring & Prototyping | C32: Jumper wires M-F | D32: 6 | E32: Per group | F32: Reusable
A33: YI-02 | B33: Computers & Equipment | C33: Laptop | D33: 1 | E33: Per group | F33: Reusable
A35: YI-03 | B35: Class 3 (Week 2) · Smart Classroom Energy Saver
A36: YI-03 | B36: Domain: Power & Energy + Sensors & Environment | Mode: Hardware | Software: Arduino IDE 2 (also: Wokwi; Tinkercad Circuits) SDGs: 7 Clean Energy, 13 Climate Action, 11 Sustainable Cities
A37: YI-03 | B37: Microcontrollers & Dev Boards | C37: Arduino Uno + USB cable | D37: 1 | E37: Per group | F37: Reusable
A38: YI-03 | B38: Sensors | C38: PIR motion sensor | D38: 1 | E38: Per group | F38: Reusable
A39: YI-03 | B39: Sensors | C39: LDR module | D39: 1 | E39: Per group | F39: Reusable
A40: YI-03 | B40: Actuators & Motor Drivers | C40: Relay module (1-channel) | D40: 1 | E40: Per group | F40: Reusable
A41: YI-03 | B41: Displays & Output | C41: Low-voltage LED lamp (5 V) | D41: 1 | E41: Per group | F41: Reusable
A42: YI-03 | B42: Displays & Output | C42: OLED 0.96 in I2C | D42: 1 | E42: Per group | F42: Reusable
A43: YI-03 | B43: Wiring & Prototyping | C43: Breadboard (half size) | D43: 1 | E43: Per group | F43: Reusable
A44: YI-03 | B44: Wiring & Prototyping | C44: Jumper wires M-M | D44: 10 | E44: Per group | F44: Reusable
A45: YI-03 | B45: Wiring & Prototyping | C45: Jumper wires M-F | D45: 8 | E45: Per group | F45: Reusable
A46: YI-03 | B46: Computers & Equipment | C46: Laptop | D46: 1 | E46: Per group | F46: Reusable
A48: YI-04 | B48: Class 4 (Week 2) · Stepper Motor Drawing Plotter
A49: YI-04 | B49: Domain: Mechanical Design + Programming & Logic | Mode: Hardware | Software: Arduino IDE 2 (also: Wokwi (stepper)) SDGs: 9 Industry & Innovation
A50: YI-04 | B50: Microcontrollers & Dev Boards | C50: Arduino Uno + USB cable | D50: 1 | E50: Per group | F50: Reusable
A51: YI-04 | B51: Actuators & Motor Drivers | C51: Stepper 28BYJ-48 + ULN2003 | D51: 2 | E51: Per group | F51: Reusable
A52: YI-04 | B52: Actuators & Motor Drivers | C52: Servo SG90 | D52: 1 | E52: Per group | F52: Reusable | G52: Pen lift
A53: YI-04 | B53: Power | C53: 4xAA battery pack | D53: 1 | E53: Per group | F53: Consumable | G53: Motor power
A54: YI-04 | B54: Wiring & Prototyping | C54: Jumper wires M-F | D54: 12 | E54: Per group | F54: Reusable
A55: YI-04 | B55: Wiring & Prototyping | C55: Jumper wires M-M | D55: 6 | E55: Per group | F55: Reusable
A56: YI-04 | B56: Computers & Equipment | C56: Laptop | D56: 1 | E56: Per group | F56: Reusable
A57: YI-04 | B57: Craft & Stationery | C57: Cardboard sheet | D57: 2 | E57: Per group | F57: Consumable | G57: Frame
A58: YI-04 | B58: Craft & Stationery | C58: Markers | D58: 1 | E58: Per group | F58: Consumable
A59: YI-04 | B59: Craft & Stationery | C59: Tape (paper + double-sided) | D59: 1 | E59: Per class | F59: Consumable
A61: YI-05 | B61: Class 5 (Week 3) · Obstacle Avoiding Robot with Scanning Sonar
A62: YI-05 | B62: Domain: Robotics & Actuation | Mode: Hardware | Software: Arduino IDE 2 (also: ArduinoBlocks) SDGs: 9 Industry & Innovation, 11 Sustainable Cities
A63: YI-05 | B63: Microcontrollers & Dev Boards | C63: Arduino Uno + USB cable | D63: 1 | E63: Per group | F63: Reusable
A64: YI-05 | B64: Robot Platforms & Kits | C64: 2WD robot chassis kit | D64: 1 | E64: Per group | F64: Reusable
A65: YI-05 | B65: Sensors | C65: Ultrasonic sensor HC-SR04 | D65: 1 | E65: Per group | F65: Reusable
A66: YI-05 | B66: Actuators & Motor Drivers | C66: L298N motor driver | D66: 1 | E66: Per group | F66: Reusable
A67: YI-05 | B67: Actuators & Motor Drivers | C67: Servo SG90 | D67: 1 | E67: Per group | F67: Reusable
A68: YI-05 | B68: Power | C68: 4xAA battery pack | D68: 1 | E68: Per group | F68: Consumable
A69: YI-05 | B69: Wiring & Prototyping | C69: Jumper wires M-F | D69: 10 | E69: Per group | F69: Reusable
A70: YI-05 | B70: Wiring & Prototyping | C70: Jumper wires M-M | D70: 8 | E70: Per group | F70: Reusable
A71: YI-05 | B71: Computers & Equipment | C71: Screwdriver set | D71: 1 | E71: Per group | F71: Reusable
A72: YI-05 | B72: Computers & Equipment | C72: Laptop | D72: 1 | E72: Per group | F72: Reusable
A74: YI-06 | B74: Class 6 (Week 3) · Bluetooth Robot Car with Phone App
A75: YI-06 | B75: Domain: IoT & Communication + App, Web & Game Development | Mode: Hardware + Software | Software: Arduino IDE 2 + MIT App Inventor (also: Serial Bluetooth Terminal) SDGs: 9 Industry & Innovation
A76: YI-06 | B76: Microcontrollers & Dev Boards | C76: Arduino Uno + USB cable | D76: 1 | E76: Per group | F76: Reusable
A77: YI-06 | B77: Robot Platforms & Kits | C77: 2WD robot chassis kit | D77: 1 | E77: Per group | F77: Reusable
A78: YI-06 | B78: Communication Modules | C78: Bluetooth module HC-05 | D78: 1 | E78: Per group | F78: Reusable
A79: YI-06 | B79: Actuators & Motor Drivers | C79: L298N motor driver | D79: 1 | E79: Per group | F79: Reusable
A80: YI-06 | B80: Actuators & Motor Drivers | C80: Buzzer | D80: 1 | E80: Per group | F80: Reusable
A81: YI-06 | B81: Displays & Output | C81: LED 5 mm (assorted) | D81: 2 | E81: Per group | F81: Consumable | G81: Headlights
A82: YI-06 | B82: Passive Components & ICs | C82: Resistor 220 ohm | D82: 2 | E82: Per group | F82: Consumable
A83: YI-06 | B83: Passive Components & ICs | C83: Resistor 1k ohm | D83: 1 | E83: Per group | F83: Consumable
A84: YI-06 | B84: Passive Components & ICs | C84: Resistor 10k ohm | D84: 1 | E84: Per group | F84: Consumable
A85: YI-06 | B85: Power | C85: 4xAA battery pack | D85: 1 | E85: Per group | F85: Consumable
A86: YI-06 | B86: Wiring & Prototyping | C86: Jumper wires M-F | D86: 10 | E86: Per group | F86: Reusable
A87: YI-06 | B87: Wiring & Prototyping | C87: Jumper wires M-M | D87: 8 | E87: Per group | F87: Reusable
A88: YI-06 | B88: Computers & Equipment | C88: Android smartphone | D88: 1 | E88: Per group | F88: Reusable
A89: YI-06 | B89: Computers & Equipment | C89: Laptop | D89: 1 | E89: Per group | F89: Reusable
A91: YI-07 | B91: Class 7 (Week 4) · Gesture-Controlled Robot Arm
A92: YI-07 | B92: Domain: Robotics & Actuation | Mode: Hardware | Software: Arduino IDE 2 (also: Wokwi (MPU6050 + servo)) SDGs: 9 Industry & Innovation, 3 Good Health
A93: YI-07 | B93: Microcontrollers & Dev Boards | C93: Arduino Uno + USB cable | D93: 1 | E93: Per group | F93: Reusable
A94: YI-07 | B94: Sensors | C94: MPU6050 IMU | D94: 1 | E94: Per group | F94: Reusable
A95: YI-07 | B95: Actuators & Motor Drivers | C95: Servo SG90 | D95: 3 | E95: Per group | F95: Reusable
A96: YI-07 | B96: Passive Components & ICs | C96: Push button | D96: 1 | E96: Per group | F96: Reusable
A97: YI-07 | B97: Power | C97: 4xAA battery pack | D97: 1 | E97: Per group | F97: Consumable | G97: Servo power
A98: YI-07 | B98: Wiring & Prototyping | C98: Breadboard (half size) | D98: 1 | E98: Per group | F98: Reusable
A99: YI-07 | B99: Wiring & Prototyping | C99: Jumper wires M-M | D99: 12 | E99: Per group | F99: Reusable
A100: YI-07 | B100: Wiring & Prototyping | C100: Jumper wires M-F | D100: 6 | E100: Per group | F100: Reusable
A101: YI-07 | B101: Computers & Equipment | C101: Glue gun + glue sticks | D101: 1 | E101: Per class | F101: Reusable
A102: YI-07 | B102: Computers & Equipment | C102: Laptop | D102: 1 | E102: Per group | F102: Reusable
A103: YI-07 | B103: Craft & Stationery | C103: Ice cream sticks | D103: 10 | E103: Per group | F103: Consumable | G103: Arm structure
A105: YI-08 | B105: Class 8 (Week 4) · RFID Smart Door Lock with Access Log
A106: YI-08 | B106: Domain: Security & Safety | Mode: Hardware | Software: Arduino IDE 2 (also: Wokwi (servo + OLED practice)) SDGs: 9 Industry & Innovation, 16 Peace & Justice
A107: YI-08 | B107: Microcontrollers & Dev Boards | C107: Arduino Uno + USB cable | D107: 1 | E107: Per group | F107: Reusable
A108: YI-08 | B108: Security & Identification | C108: RFID RC522 + cards | D108: 1 | E108: Per group | F108: Reusable
A109: YI-08 | B109: Actuators & Motor Drivers | C109: Servo SG90 | D109: 1 | E109: Per group | F109: Reusable
...

Sheet Tech Leaders 15-17
A1: Tech Leaders (Ages 15-17): kit per activity
A2: Quantities per group of 2 students. 'Per class' = shared, do not multiply.
A4: Code | B4: Category | C4: Component | D4: Qty | E4: Basis | F4: Type | G4: Notes
A5: TL-01 | B5: Class 1 (Week 1) · Solar-Powered Off-Grid Weather Node
A6: TL-01 | B6: Domain: Power & Energy + Electronics & Circuits | Mode: Hardware | Software: Arduino IDE 2 (ESP32) (also: Arduino Cloud) SDGs: 7 Clean Energy, 13 Climate Action
A7: TL-01 | B7: Microcontrollers & Dev Boards | C7: ESP32 Dev Board + USB cable | D7: 1 | E7: Per group | F7: Reusable
A8: TL-01 | B8: Sensors | C8: DHT22 sensor | D8: 1 | E8: Per group | F8: Reusable
A9: TL-01 | B9: Passive Components & ICs | C9: Resistor 10k ohm | D9: 2 | E9: Per group | F9: Consumable | G9: Voltage divider
A10: TL-01 | B10: Power | C10: Small solar panel | D10: 1 | E10: Per group | F10: Reusable
A11: TL-01 | B11: Power | C11: TP4056 charger module | D11: 1 | E11: Per group | F11: Reusable
A12: TL-01 | B12: Power | C12: 18650 cell + holder | D12: 1 | E12: Per group | F12: Reusable
A13: TL-01 | B13: Wiring & Prototyping | C13: Breadboard (half size) | D13: 1 | E13: Per group | F13: Reusable
A14: TL-01 | B14: Wiring & Prototyping | C14: Jumper wires M-M | D14: 10 | E14: Per group | F14: Reusable
A15: TL-01 | B15: Wiring & Prototyping | C15: Jumper wires M-F | D15: 4 | E15: Per group | F15: Reusable
A16: TL-01 | B16: Computers & Equipment | C16: Digital multimeter | D16: 1 | E16: Per group | F16: Reusable
A17: TL-01 | B17: Computers & Equipment | C17: Laptop | D17: 1 | E17: Per group | F17: Reusable
A19: TL-02 | B19: Class 2 (Week 1) · Autonomous Maze Solving Robot
A20: TL-02 | B20: Domain: Robotics & Actuation + Programming & Logic | Mode: Hardware | Software: Arduino IDE 2 SDGs: 9 Industry & Innovation, 11 Sustainable Cities
A21: TL-02 | B21: Microcontrollers & Dev Boards | C21: Arduino Uno + USB cable | D21: 1 | E21: Per group | F21: Reusable
A22: TL-02 | B22: Robot Platforms & Kits | C22: 2WD robot chassis kit | D22: 1 | E22: Per group | F22: Reusable
A23: TL-02 | B23: Sensors | C23: Ultrasonic sensor HC-SR04 | D23: 3 | E23: Per group | F23: Reusable
A24: TL-02 | B24: Actuators & Motor Drivers | C24: L298N motor driver | D24: 1 | E24: Per group | F24: Reusable
A25: TL-02 | B25: Power | C25: 4xAA battery pack | D25: 1 | E25: Per group | F25: Consumable
A26: TL-02 | B26: Wiring & Prototyping | C26: Jumper wires M-F | D26: 14 | E26: Per group | F26: Reusable
A27: TL-02 | B27: Wiring & Prototyping | C27: Jumper wires M-M | D27: 10 | E27: Per group | F27: Reusable
A28: TL-02 | B28: Computers & Equipment | C28: Screwdriver set | D28: 1 | E28: Per group | F28: Reusable
A29: TL-02 | B29: Computers & Equipment | C29: Laptop | D29: 1 | E29: Per group | F29: Reusable
A30: TL-02 | B30: Craft & Stationery | C30: Cardboard sheet | D30: 4 | E30: Per class | F30: Consumable | G30: Maze walls
A32: TL-03 | B32: Class 3 (Week 2) · Pick-and-Place Robotic Arm with Record & Replay
A33: TL-03 | B33: Domain: Mechanical Design | Mode: Hardware | Software: Arduino IDE 2 (also: Wokwi (servos + pots)) SDGs: 9 Industry & Innovation
A34: TL-03 | B34: Microcontrollers & Dev Boards | C34: Arduino Uno + USB cable | D34: 1 | E34: Per group | F34: Reusable
A35: TL-03 | B35: Actuators & Motor Drivers | C35: Servo MG995 | D35: 2 | E35: Per group | F35: Reusable | G35: Base and shoulder
A36: TL-03 | B36: Actuators & Motor Drivers | C36: Servo SG90 | D36: 2 | E36: Per group | F36: Reusable | G36: Wrist and gripper
A37: TL-03 | B37: Passive Components & ICs | C37: Potentiometer 10k | D37: 4 | E37: Per group | F37: Reusable
A38: TL-03 | B38: Passive Components & ICs | C38: Push button | D38: 2 | E38: Per group | F38: Reusable
A39: TL-03 | B39: Passive Components & ICs | C39: Resistor 10k ohm | D39: 2 | E39: Per group | F39: Consumable
A40: TL-03 | B40: Power | C40: LM2596 buck converter | D40: 1 | E40: Per group | F40: Reusable | G40: Servo supply
A41: TL-03 | B41: Power | C41: 4xAA battery pack | D41: 1 | E41: Per group | F41: Consumable
A42: TL-03 | B42: Wiring & Prototyping | C42: Breadboard (half size) | D42: 1 | E42: Per group | F42: Reusable
A43: TL-03 | B43: Wiring & Prototyping | C43: Jumper wires M-M | D43: 16 | E43: Per group | F43: Reusable
A44: TL-03 | B44: Wiring & Prototyping | C44: Jumper wires M-F | D44: 6 | E44: Per group | F44: Reusable
A45: TL-03 | B45: Computers & Equipment | C45: Laptop | D45: 1 | E45: Per group | F45: Reusable
A46: TL-03 | B46: Craft & Stationery | C46: Cardboard sheet | D46: 2 | E46: Per group | F46: Consumable | G46: Arm structure
A48: TL-04 | B48: Class 4 (Week 2) · Fall Detection Wearable for the Elderly
A49: TL-04 | B49: Domain: Sensors & Environment + IoT & Communication | Mode: Hardware | Software: Arduino IDE 2 (ESP32) (also: Arduino Cloud (alerts)) SDGs: 3 Good Health, 10 Reduced Inequalities
A50: TL-04 | B50: Microcontrollers & Dev Boards | C50: ESP32 Dev Board + USB cable | D50: 1 | E50: Per group | F50: Reusable
A51: TL-04 | B51: Sensors | C51: MPU6050 IMU | D51: 1 | E51: Per group | F51: Reusable
A52: TL-04 | B52: Actuators & Motor Drivers | C52: Buzzer | D52: 1 | E52: Per group | F52: Reusable
A53: TL-04 | B53: Passive Components & ICs | C53: Push button | D53: 1 | E53: Per group | F53: Reusable
A54: TL-04 | B54: Passive Components & ICs | C54: Resistor 10k ohm | D54: 1 | E54: Per group | F54: Consumable
A55: TL-04 | B55: Power | C55: 18650 cell + holder | D55: 1 | E55: Per group | F55: Reusable | G55: Wearable power
A56: TL-04 | B56: Wiring & Prototyping | C56: Breadboard (half size) | D56: 1 | E56: Per group | F56: Reusable
A57: TL-04 | B57: Wiring & Prototyping | C57: Jumper wires M-M | D57: 8 | E57: Per group | F57: Reusable
A58: TL-04 | B58: Wiring & Prototyping | C58: Jumper wires M-F | D58: 6 | E58: Per group | F58: Reusable
A59: TL-04 | B59: Computers & Equipment | C59: Laptop | D59: 1 | E59: Per group | F59: Reusable
A61: TL-05 | B61: Class 5 (Week 3) · ESP-NOW Wireless Sensor Network
A62: TL-05 | B62: Domain: IoT & Communication | Mode: Hardware | Software: Arduino IDE 2 (ESP32) SDGs: 9 Industry & Innovation, 11 Sustainable Cities
A63: TL-05 | B63: Microcontrollers & Dev Boards | C63: ESP32 Dev Board + USB cable | D63: 4 | E63: Per group | F63: Reusable | G63: 3 nodes + base (can pair groups)
A64: TL-05 | B64: Sensors | C64: DHT22 sensor | D64: 1 | E64: Per group | F64: Reusable
A65: TL-05 | B65: Sensors | C65: LDR module | D65: 1 | E65: Per group | F65: Reusable
A66: TL-05 | B66: Sensors | C66: Sound sensor KY-037 | D66: 1 | E66: Per group | F66: Reusable
A67: TL-05 | B67: Displays & Output | C67: OLED 0.96 in I2C | D67: 1 | E67: Per group | F67: Reusable
A68: TL-05 | B68: Wiring & Prototyping | C68: Breadboard (half size) | D68: 4 | E68: Per group | F68: Reusable
A69: TL-05 | B69: Wiring & Prototyping | C69: Jumper wires M-M | D69: 16 | E69: Per group | F69: Reusable
A70: TL-05 | B70: Wiring & Prototyping | C70: Jumper wires M-F | D70: 8 | E70: Per group | F70: Reusable
A71: TL-05 | B71: Computers & Equipment | C71: Laptop | D71: 1 | E71: Per group | F71: Reusable
A73: TL-06 | B73: Class 6 (Week 3) · Smart Home Cloud Control Hub
A74: TL-06 | B74: Domain: IoT & Communication | Mode: Hardware | Software: Arduino Cloud (also: Node-RED / MQTT) SDGs: 7 Clean Energy, 9 Industry & Innovation, 11 Sustainable Cities
A75: TL-06 | B75: Microcontrollers & Dev Boards | C75: ESP32 Dev Board + USB cable | D75: 1 | E75: Per group | F75: Reusable
A76: TL-06 | B76: Sensors | C76: PIR motion sensor | D76: 1 | E76: Per group | F76: Reusable
A77: TL-06 | B77: Sensors | C77: DHT22 sensor | D77: 1 | E77: Per group | F77: Reusable
A78: TL-06 | B78: Actuators & Motor Drivers | C78: Relay module (4-channel) | D78: 1 | E78: Per group | F78: Reusable
A79: TL-06 | B79: Displays & Output | C79: Low-voltage LED lamp (5 V) | D79: 2 | E79: Per group | F79: Reusable
A80: TL-06 | B80: Displays & Output | C80: 5 V DC fan | D80: 1 | E80: Per group | F80: Reusable
A81: TL-06 | B81: Wiring & Prototyping | C81: Breadboard (half size) | D81: 1 | E81: Per group | F81: Reusable
A82: TL-06 | B82: Wiring & Prototyping | C82: Jumper wires M-M | D82: 10 | E82: Per group | F82: Reusable
A83: TL-06 | B83: Wiring & Prototyping | C83: Jumper wires M-F | D83: 12 | E83: Per group | F83: Reusable
A84: TL-06 | B84: Computers & Equipment | C84: Laptop | D84: 1 | E84: Per group | F84: Reusable
A86: TL-07 | B86: Class 7 (Week 4) · Smart Parking Occupancy Dashboard
A87: TL-07 | B87: Domain: Sensors & Environment | Mode: Hardware | Software: Arduino IDE 2 (ESP32) (also: Arduino Cloud) SDGs: 11 Sustainable Cities, 9 Industry & Innovation
A88: TL-07 | B88: Microcontrollers & Dev Boards | C88: ESP32 Dev Board + USB cable | D88: 1 | E88: Per group | F88: Reusable
A89: TL-07 | B89: Sensors | C89: Ultrasonic sensor HC-SR04 | D89: 3 | E89: Per group | F89: Reusable
A90: TL-07 | B90: Displays & Output | C90: LED 5 mm (assorted) | D90: 6 | E90: Per group | F90: Consumable | G90: 3 red, 3 green
A91: TL-07 | B91: Passive Components & ICs | C91: Resistor 220 ohm | D91: 6 | E91: Per group | F91: Consumable
A92: TL-07 | B92: Passive Components & ICs | C92: Resistor 1k ohm | D92: 3 | E92: Per group | F92: Consumable | G92: Echo divider
A93: TL-07 | B93: Passive Components & ICs | C93: Resistor 10k ohm | D93: 3 | E93: Per group | F93: Consumable | G93: Echo divider
A94: TL-07 | B94: Wiring & Prototyping | C94: Breadboard (half size) | D94: 1 | E94: Per group | F94: Reusable
A95: TL-07 | B95: Wiring & Prototyping | C95: Jumper wires M-M | D95: 20 | E95: Per group | F95: Reusable
A96: TL-07 | B96: Wiring & Prototyping | C96: Jumper wires M-F | D96: 12 | E96: Per group | F96: Reusable
A97: TL-07 | B97: Computers & Equipment | C97: Laptop | D97: 1 | E97: Per group | F97: Reusable
A98: TL-07 | B98: Craft & Stationery | C98: Cardboard sheet | D98: 2 | E98: Per group | F98: Consumable | G98: Car park model
A100: TL-08 | B100: Class 8 (Week 4) · Two-Factor Smart Locker with Intrusion Alerts
A101: TL-08 | B101: Domain: Security & Safety | Mode: Hardware | Software: Arduino IDE 2 (ESP32) SDGs: 9 Industry & Innovation, 16 Peace & Justice
A102: TL-08 | B102: Microcontrollers & Dev Boards | C102: ESP32 Dev Board + USB cable | D102: 1 | E102: Per group | F102: Reusable
A103: TL-08 | B103: Sensors | C103: PIR motion sensor | D103: 1 | E103: Per group | F103: Reusable
A104: TL-08 | B104: Security & Identification | C104: RFID RC522 + cards | D104: 1 | E104: Per group | F104: Reusable
A105: TL-08 | B105: Security & Identification | C105: 4x4 matrix keypad | D105: 1 | E105: Per group | F105: Reusable
A106: TL-08 | B106: Actuators & Motor Drivers | C106: Servo SG90 | D106: 1 | E106: Per group | F106: Reusable
A107: TL-08 | B107: Actuators & Motor Drivers | C107: Buzzer | D107: 1 | E107: Per group | F107: Reusable
A108: TL-08 | B108: Displays & Output | C108: OLED 0.96 in I2C | D108: 1 | E108: Per group | F108: Reusable
...

Sheet Master Hardware
A1: Master Hardware List (all 64 activities)
A2: Columns F-L are live formulas. 'Max qty per group' is what one reusable kit must contain; multiply by groups running at the same time.
A4: # | B4: Category | C4: Component | D4: Recommended spec | E4: Type | F4: Activities using it | G4: LE | H4: JM | I4: YI | J4: TL | K4: Max qty per group (single activity) | L4: Max qty per class | M4: Activity codes | N4: Buying note
B5: Microcontrollers & Dev Boards (3 items)
A6: 1 | B6: Microcontrollers & Dev Boards | C6: Arduino Uno + USB cable | D6: Arduino Uno R3 (CH340 clone fine) + USB-B cable | E6: Reusable | F6: =COUNTIF('Little Explorers 5-7'!$C:$C,$C6)+COUNTIF('Junior Makers 8-11'!$C:$C,$C6)+COUNTIF('Young Innovators 12-14'!$C:$C,$C6)+COUNTIF('Tech Leaders 15-17'!$C:$C,$C6) -> 34 | G6: =COUNTIF('Little Explorers 5-7'!$C:$C,$C6) -> 9 | H6: =COUNTIF('Junior Makers 8-11'!$C:$C,$C6) -> 12 | I6: =COUNTIF('Young Innovators 12-14'!$C:$C,$C6) -> 9 | J6: =COUNTIF('Tech Leaders 15-17'!$C:$C,$C6) -> 4 | K6: =MAX(_xlfn.MAXIFS('Little Explorers 5-7'!$D:$D,'Little Explorers 5-7'!$C:$C,$C6,'Little Explorers 5-7'!$E:$E,"Per group"),_xlfn.MAXIFS('Junior Makers 8-11'!$D:$D,'Junior Makers 8-11'!$C:$C,$C6,'Junior Makers 8-11'!$E:$E,"Per group"),_xlfn.MAXIFS('Young Innovators 12-14'!$D:$D,'Young Innovators 12-14'!$C:$C,$C6,'Young Innovators 12-14'!$E:$E,"Per group"),_xlfn.MAXIFS('Tech Leaders 15-17'!$D:$D,'Tech Leaders 15-17'!$C:$C,$C6,'Tech Leaders 15-17'!$E:$E,"Per group")) -> 2 | L6: =MAX(_xlfn.MAXIFS('Little Explorers 5-7'!$D:$D,'Little Explorers 5-7'!$C:$C,$C6,'Little Explorers 5-7'!$E:$E,"Per class"),_xlfn.MAXIFS('Junior Makers 8-11'!$D:$D,'Junior Makers 8-11'!$C:$C,$C6,'Junior Makers 8-11'!$E:$E,"Per class"),_xlfn.MAXIFS('Young Innovators 12-14'!$D:$D,'Young Innovators 12-14'!$C:$C,$C6,'Young Innovators 12-14'!$E:$E,"Per class"),_xlfn.MAXIFS('Tech Leaders 15-17'!$D:$D,'Tech Leaders 15-17'!$C:$C,$C6,'Tech Leaders 15-17'!$E:$E,"Per class")) -> 0 | M6: JM-02, JM-03, JM-04, JM-05, JM-06, JM-07, JM-08, JM-09, JM-11, JM-12, JM-13, JM-15, LE-02, LE-04, LE-05, LE-06, LE-07, LE-08, LE-09, LE-10, LE-12, TL-02, TL-03, TL-14, TL-16, YI-02, YI-03, YI-04, YI-05, YI-06, YI-07, YI-08, YI-09, YI-10 | N6: Core board for ages 5-14. Keep 10% spares.
A7: 2 | B7: Microcontrollers & Dev Boards | C7: ESP32 Dev Board + USB cable | D7: ESP32 DevKit V1 (Wi-Fi + Bluetooth) + micro-USB data cable | E7: Reusable | F7: =COUNTIF('Little Explorers 5-7'!$C:$C,$C7)+COUNTIF('Junior Makers 8-11'!$C:$C,$C7)+COUNTIF('Young Innovators 12-14'!$C:$C,$C7)+COUNTIF('Tech Leaders 15-17'!$C:$C,$C7) -> 10 | G7: =COUNTIF('Little Explorers 5-7'!$C:$C,$C7) -> 0 | H7: =COUNTIF('Junior Makers 8-11'!$C:$C,$C7) -> 0 | I7: =COUNTIF('Young Innovators 12-14'!$C:$C,$C7) -> 1 | J7: =COUNTIF('Tech Leaders 15-17'!$C:$C,$C7) -> 9 | K7: =MAX(_xlfn.MAXIFS('Little Explorers 5-7'!$D:$D,'Little Explorers 5-7'!$C:$C,$C7,'Little Explorers 5-7'!$E:$E,"Per group"),_xlfn.MAXIFS('Junior Makers 8-11'!$D:$D,'Junior Makers 8-11'!$C:$C,$C7,'Junior Makers 8-11'!$E:$E,"Per group"),_xlfn.MAXIFS('Young Innovators 12-14'!$D:$D,'Young Innovators 12-14'!$C:$C,$C7,'Young Innovators 12-14'!$E:$E,"Per group"),_xlfn.MAXIFS('Tech Leaders 15-17'!$D:$D,'Tech Leaders 15-17'!$C:$C,$C7,'Tech Leaders 15-17'!$E:$E,"Per group")) -> 4 | L7: =MAX(_xlfn.MAXIFS('Little Explorers 5-7'!$D:$D,'Little Explorers 5-7'!$C:$C,$C7,'Little Explorers 5-7'!$E:$E,"Per class"),_xlfn.MAXIFS('Junior Makers 8-11'!$D:$D,'Junior Makers 8-11'!$C:$C,$C7,'Junior Makers 8-11'!$E:$E,"Per class"),_xlfn.MAXIFS('Young Innovators 12-14'!$D:$D,'Young Innovators 12-14'!$C:$C,$C7,'Young Innovators 12-14'!$E:$E,"Per class"),_xlfn.MAXIFS('Tech Leaders 15-17'!$D:$D,'Tech Leaders 15-17'!$C:$C,$C7,'Tech Leaders 15-17'!$E:$E,"Per class")) -> 0 | M7: TL-01, TL-04, TL-05, TL-06, TL-07, TL-08, TL-09, TL-10, TL-12, YI-11 | N7: IoT and wireless builds, ages 12-17.
A8: 3 | B8: Microcontrollers & Dev Boards | C8: Makey Makey kit | D8: Makey Makey Classic (board, USB cable, 7 alligator clips) | E8: Reusable | F8: =COUNTIF('Little Explorers 5-7'!$C:$C,$C8)+COUNTIF('Junior Makers 8-11'!$C:$C,$C8)+COUNTIF('Young Innovators 12-14'!$C:$C,$C8)+COUNTIF('Tech Leaders 15-17'!$C:$C,$C8) -> 2 | G8: =COUNTIF('Little Explorers 5-7'!$C:$C,$C8) -> 2 | H8: =COUNTIF('Junior Makers 8-11'!$C:$C,$C8) -> 0 | I8: =COUNTIF('Young Innovators 12-14'!$C:$C,$C8) -> 0 | J8: =COUNTIF('Tech Leaders 15-17'!$C:$C,$C8) -> 0 | K8: =MAX(_xlfn.MAXIFS('Little Explorers 5-7'!$D:$D,'Little Explorers 5-7'!$C:$C,$C8,'Little Explorers 5-7'!$E:$E,"Per group"),_xlfn.MAXIFS('Junior Makers 8-11'!$D:$D,'Junior Makers 8-11'!$C:$C,$C8,'Junior Makers 8-11'!$E:$E,"Per group"),_xlfn.MAXIFS('Young Innovators 12-14'!$D:$D,'Young Innovators 12-14'!$C:$C,$C8,'Young Innovators 12-14'!$E:$E,"Per group"),_xlfn.MAXIFS('Tech Leaders 15-17'!$D:$D,'Tech Leaders 15-17'!$C:$C,$C8,'Tech Leaders 15-17'!$E:$E,"Per group")) -> 1 | L8: =MAX(_xlfn.MAXIFS('Little Explorers 5-7'!$D:$D,'Little Explorers 5-7'!$C:$C,$C8,'Little Explorers 5-7'!$E:$E,"Per class"),_xlfn.MAXIFS('Junior Makers 8-11'!$D:$D,'Junior Makers 8-11'!$C:$C,$C8,'Junior Makers 8-11'!$E:$E,"Per class"),_xlfn.MAXIFS('Young Innovators 12-14'!$D:$D,'Young Innovators 12-14'!$C:$C,$C8,'Young Innovators 12-14'!$E:$E,"Per class"),_xlfn.MAXIFS('Tech Leaders 15-17'!$D:$D,'Tech Leaders 15-17'!$C:$C,$C8,'Tech Leaders 15-17'!$E:$E,"Per class")) -> 0 | M8: LE-13, LE-15 | N8: Ages 5-7 interactive play.
B9: Robot Platforms & Kits (2 items)
A10: 4 | B10: Robot Platforms & Kits | C10: 2WD robot chassis kit | D10: 2WD acrylic chassis, 2 TT gear motors, wheels, castor, 4xAA holder | E10: Reusable | F10: =COUNTIF('Little Explorers 5-7'!$C:$C,$C10)+COUNTIF('Junior Makers 8-11'!$C:$C,$C10)+COUNTIF('Young Innovators 12-14'!$C:$C,$C10)+COUNTIF('Tech Leaders 15-17'!$C:$C,$C10) -> 5 | G10: =COUNTIF('Little Explorers 5-7'!$C:$C,$C10) -> 0 | H10: =COUNTIF('Junior Makers 8-11'!$C:$C,$C10) -> 1 | I10: =COUNTIF('Young Innovators 12-14'!$C:$C,$C10) -> 2 | J10: =COUNTIF('Tech Leaders 15-17'!$C:$C,$C10) -> 2 | K10: =MAX(_xlfn.MAXIFS('Little Explorers 5-7'!$D:$D,'Little Explorers 5-7'!$C:$C,$C10,'Little Explorers 5-7'!$E:$E,"Per group"),_xlfn.MAXIFS('Junior Makers 8-11'!$D:$D,'Junior Makers 8-11'!$C:$C,$C10,'Junior Makers 8-11'!$E:$E,"Per group"),_xlfn.MAXIFS('Young Innovators 12-14'!$D:$D,'Young Innovators 12-14'!$C:$C,$C10,'Young Innovators 12-14'!$E:$E,"Per group"),_xlfn.MAXIFS('Tech Leaders 15-17'!$D:$D,'Tech Leaders 15-17'!$C:$C,$C10,'Tech Leaders 15-17'!$E:$E,"Per group")) -> 1 | L10: =MAX(_xlfn.MAXIFS('Little Explorers 5-7'!$D:$D,'Little Explorers 5-7'!$C:$C,$C10,'Little Explorers 5-7'!$E:$E,"Per class"),_xlfn.MAXIFS('Junior Makers 8-11'!$D:$D,'Junior Makers 8-11'!$C:$C,$C10,'Junior Makers 8-11'!$E:$E,"Per class"),_xlfn.MAXIFS('Young Innovators 12-14'!$D:$D,'Young Innovators 12-14'!$C:$C,$C10,'Young Innovators 12-14'!$E:$E,"Per class"),_xlfn.MAXIFS('Tech Leaders 15-17'!$D:$D,'Tech Leaders 15-17'!$C:$C,$C10,'Tech Leaders 15-17'!$E:$E,"Per class")) -> 0 | M10: JM-11, TL-02, TL-14, YI-05, YI-06 | N10: Existing CodiBot kits can replace this.
A11: 5 | B11: Robot Platforms & Kits | C11: Brush Bot kit | D11: Toothbrush head + coin vibration motor + coin cell holder | E11: Consumable | F11: =COUNTIF('Little Explorers 5-7'!$C:$C,$C11)+COUNTIF('Junior Makers 8-11'!$C:$C,$C11)+COUNTIF('Young Innovators 12-14'!$C:$C,$C11)+COUNTIF('Tech Leaders 15-17'!$C:$C,$C11) -> 1 | G11: =COUNTIF('Little Explorers 5-7'!$C:$C,$C11) -> 1 | H11: =COUNTIF('Junior Makers 8-11'!$C:$C,$C11) -> 0 | I11: =COUNTIF('Young Innovators 12-14'!$C:$C,$C11) -> 0 | J11: =COUNTIF('Tech Leaders 15-17'!$C:$C,$C11) -> 0 | K11: =MAX(_xlfn.MAXIFS('Little Explorers 5-7'!$D:$D,'Little Explorers 5-7'!$C:$C,$C11,'Little Explorers 5-7'!$E:$E,"Per group"),_xlfn.MAXIFS('Junior Makers 8-11'!$D:$D,'Junior Makers 8-11'!$C:$C,$C11,'Junior Makers 8-11'!$E:$E,"Per group"),_xlfn.MAXIFS('Young Innovators 12-14'!$D:$D,'Young Innovators 12-14'!$C:$C,$C11,'Young Innovators 12-14'!$E:$E,"Per group"),_xlfn.MAXIFS('Tech Leaders 15-17'!$D:$D,'Tech Leaders 15-17'!$C:$C,$C11,'Tech Leaders 15-17'!$E:$E,"Per group")) -> 1 | L11: =MAX(_xlfn.MAXIFS('Little Explorers 5-7'!$D:$D,'Little Explorers 5-7'!$C:$C,$C11,'Little Explorers 5-7'!$E:$E,"Per class"),_xlfn.MAXIFS('Junior Makers 8-11'!$D:$D,'Junior Makers 8-11'!$C:$C,$C11,'Junior Makers 8-11'!$E:$E,"Per class"),_xlfn.MAXIFS('Young Innovators 12-14'!$D:$D,'Young Innovators 12-14'!$C:$C,$C11,'Young Innovators 12-14'!$E:$E,"Per class"),_xlfn.MAXIFS('Tech Leaders 15-17'!$D:$D,'Tech Leaders 15-17'!$C:$C,$C11,'Tech Leaders 15-17'!$E:$E,"Per class")) -> 0 | M11: LE-11
B12: Sensors (13 items)
A13: 6 | B13: Sensors | C13: Ultrasonic sensor HC-SR04 | D13: HC-SR04 ultrasonic distance sensor | E13: Reusable | F13: =COUNTIF('Little Explorers 5-7'!$C:$C,$C13)+COUNTIF('Junior Makers 8-11'!$C:$C,$C13)+COUNTIF('Young Innovators 12-14'!$C:$C,$C13)+COUNTIF('Tech Leaders 15-17'!$C:$C,$C13) -> 5 | G13: =COUNTIF('Little Explorers 5-7'!$C:$C,$C13) -> 1 | H13: =COUNTIF('Junior Makers 8-11'!$C:$C,$C13) -> 1 | I13: =COUNTIF('Young Innovators 12-14'!$C:$C,$C13) -> 1 | J13: =COUNTIF('Tech Leaders 15-17'!$C:$C,$C13) -> 2 | K13: =MAX(_xlfn.MAXIFS('Little Explorers 5-7'!$D:$D,'Little Explorers 5-7'!$C:$C,$C13,'Little Explorers 5-7'!$E:$E,"Per group"),_xlfn.MAXIFS('Junior Makers 8-11'!$D:$D,'Junior Makers 8-11'!$C:$C,$C13,'Junior Makers 8-11'!$E:$E,"Per group"),_xlfn.MAXIFS('Young Innovators 12-14'!$D:$D,'Young Innovators 12-14'!$C:$C,$C13,'Young Innovators 12-14'!$E:$E,"Per group"),_xlfn.MAXIFS('Tech Leaders 15-17'!$D:$D,'Tech Leaders 15-17'!$C:$C,$C13,'Tech Leaders 15-17'!$E:$E,"Per group")) -> 3 | L13: =MAX(_xlfn.MAXIFS('Little Explorers 5-7'!$D:$D,'Little Explorers 5-7'!$C:$C,$C13,'Little Explorers 5-7'!$E:$E,"Per class"),_xlfn.MAXIFS('Junior Makers 8-11'!$D:$D,'Junior Makers 8-11'!$C:$C,$C13,'Junior Makers 8-11'!$E:$E,"Per class"),_xlfn.MAXIFS('Young Innovators 12-14'!$D:$D,'Young Innovators 12-14'!$C:$C,$C13,'Young Innovators 12-14'!$E:$E,"Per class"),_xlfn.MAXIFS('Tech Leaders 15-17'!$D:$D,'Tech Leaders 15-17'!$C:$C,$C13,'Tech Leaders 15-17'!$E:$E,"Per class")) -> 0 | M13: JM-04, LE-10, TL-02, TL-07, YI-05 | N13: Most used sensor across all ages.
A14: 7 | B14: Sensors | C14: IR sensor module | D14: IR obstacle/line sensor (TCRT5000 or FC-51) | E14: Reusable | F14: =COUNTIF('Little Explorers 5-7'!$C:$C,$C14)+COUNTIF('Junior Makers 8-11'!$C:$C,$C14)+COUNTIF('Young Innovators 12-14'!$C:$C,$C14)+COUNTIF('Tech Leaders 15-17'!$C:$C,$C14) -> 1 | G14: =COUNTIF('Little Explorers 5-7'!$C:$C,$C14) -> 0 | H14: =COUNTIF('Junior Makers 8-11'!$C:$C,$C14) -> 1 | I14: =COUNTIF('Young Innovators 12-14'!$C:$C,$C14) -> 0 | J14: =COUNTIF('Tech Leaders 15-17'!$C:$C,$C14) -> 0 | K14: =MAX(_xlfn.MAXIFS('Little Explorers 5-7'!$D:$D,'Little Explorers 5-7'!$C:$C,$C14,'Little Explorers 5-7'!$E:$E,"Per group"),_xlfn.MAXIFS('Junior Makers 8-11'!$D:$D,'Junior Makers 8-11'!$C:$C,$C14,'Junior Makers 8-11'!$E:$E,"Per group"),_xlfn.MAXIFS('Young Innovators 12-14'!$D:$D,'Young Innovators 12-14'!$C:$C,$C14,'Young Innovators 12-14'!$E:$E,"Per group"),_xlfn.MAXIFS('Tech Leaders 15-17'!$D:$D,'Tech Leaders 15-17'!$C:$C,$C14,'Tech Leaders 15-17'!$E:$E,"Per group")) -> 2 | L14: =MAX(_xlfn.MAXIFS('Little Explorers 5-7'!$D:$D,'Little Explorers 5-7'!$C:$C,$C14,'Little Explorers 5-7'!$E:$E,"Per class"),_xlfn.MAXIFS('Junior Makers 8-11'!$D:$D,'Junior Makers 8-11'!$C:$C,$C14,'Junior Makers 8-11'!$E:$E,"Per class"),_xlfn.MAXIFS('Young Innovators 12-14'!$D:$D,'Young Innovators 12-14'!$C:$C,$C14,'Young Innovators 12-14'!$E:$E,"Per class"),_xlfn.MAXIFS('Tech Leaders 15-17'!$D:$D,'Tech Leaders 15-17'!$C:$C,$C14,'Tech Leaders 15-17'!$E:$E,"Per class")) -> 0 | M14: JM-11
A15: 8 | B15: Sensors | C15: LDR module | D15: LDR light sensor (module or LDR + 10k resistor) | E15: Reusable | F15: =COUNTIF('Little Explorers 5-7'!$C:$C,$C15)+COUNTIF('Junior Makers 8-11'!$C:$C,$C15)+COUNTIF('Young Innovators 12-14'!$C:$C,$C15)+COUNTIF('Tech Leaders 15-17'!$C:$C,$C15) -> 7 | G15: =COUNTIF('Little Explorers 5-7'!$C:$C,$C15) -> 1 | H15: =COUNTIF('Junior Makers 8-11'!$C:$C,$C15) -> 2 | I15: =COUNTIF('Young Innovators 12-14'!$C:$C,$C15) -> 1 | J15: =COUNTIF('Tech Leaders 15-17'!$C:$C,$C15) -> 3 | K15: =MAX(_xlfn.MAXIFS('Little Explorers 5-7'!$D:$D,'Little Explorers 5-7'!$C:$C,$C15,'Little Explorers 5-7'!$E:$E,"Per group"),_xlfn.MAXIFS('Junior Makers 8-11'!$D:$D,'Junior Makers 8-11'!$C:$C,$C15,'Junior Makers 8-11'!$E:$E,"Per group"),_xlfn.MAXIFS('Young Innovators 12-14'!$D:$D,'Young Innovators 12-14'!$C:$C,$C15,'Young Innovators 12-14'!$E:$E,"Per group"),_xlfn.MAXIFS('Tech Leaders 15-17'!$D:$D,'Tech Leaders 15-17'!$C:$C,$C15,'Tech Leaders 15-17'!$E:$E,"Per group")) -> 2 | L15: =MAX(_xlfn.MAXIFS('Little Explorers 5-7'!$D:$D,'Little Explorers 5-7'!$C:$C,$C15,'Little Explorers 5-7'!$E:$E,"Per class"),_xlfn.MAXIFS('Junior Makers 8-11'!$D:$D,'Junior Makers 8-11'!$C:$C,$C15,'Junior Makers 8-11'!$E:$E,"Per class"),_xlfn.MAXIFS('Young Innovators 12-14'!$D:$D,'Young Innovators 12-14'!$C:$C,$C15,'Young Innovators 12-14'!$E:$E,"Per class"),_xlfn.MAXIFS('Tech Leaders 15-17'!$D:$D,'Tech Leaders 15-17'!$C:$C,$C15,'Tech Leaders 15-17'!$E:$E,"Per class")) -> 0 | M15: JM-03, JM-08, LE-05, TL-05, TL-09, TL-10, YI-03
A16: 9 | B16: Sensors | C16: DHT22 sensor | D16: DHT22 temperature & humidity sensor | E16: Reusable | F16: =COUNTIF('Little Explorers 5-7'!$C:$C,$C16)+COUNTIF('Junior Makers 8-11'!$C:$C,$C16)+COUNTIF('Young Innovators 12-14'!$C:$C,$C16)+COUNTIF('Tech Leaders 15-17'!$C:$C,$C16) -> 10 | G16: =COUNTIF('Little Explorers 5-7'!$C:$C,$C16) -> 1 | H16: =COUNTIF('Junior Makers 8-11'!$C:$C,$C16) -> 2 | I16: =COUNTIF('Young Innovators 12-14'!$C:$C,$C16) -> 1 | J16: =COUNTIF('Tech Leaders 15-17'!$C:$C,$C16) -> 6 | K16: =MAX(_xlfn.MAXIFS('Little Explorers 5-7'!$D:$D,'Little Explorers 5-7'!$C:$C,$C16,'Little Explorers 5-7'!$E:$E,"Per group"),_xlfn.MAXIFS('Junior Makers 8-11'!$D:$D,'Junior Makers 8-11'!$C:$C,$C16,'Junior Makers 8-11'!$E:$E,"Per group"),_xlfn.MAXIFS('Young Innovators 12-14'!$D:$D,'Young Innovators 12-14'!$C:$C,$C16,'Young Innovators 12-14'!$E:$E,"Per group"),_xlfn.MAXIFS('Tech Leaders 15-17'!$D:$D,'Tech Leaders 15-17'!$C:$C,$C16,'Tech Leaders 15-17'!$E:$E,"Per group")) -> 1 | L16: =MAX(_xlfn.MAXIFS('Little Explorers 5-7'!$D:$D,'Little Explorers 5-7'!$C:$C,$C16,'Little Explorers 5-7'!$E:$E,"Per class"),_xlfn.MAXIFS('Junior Makers 8-11'!$D:$D,'Junior Makers 8-11'!$C:$C,$C16,'Junior Makers 8-11'!$E:$E,"Per class"),_xlfn.MAXIFS('Young Innovators 12-14'!$D:$D,'Young Innovators 12-14'!$C:$C,$C16,'Young Innovators 12-14'!$E:$E,"Per class"),_xlfn.MAXIFS('Tech Leaders 15-17'!$D:$D,'Tech Leaders 15-17'!$C:$C,$C16,'Tech Leaders 15-17'!$E:$E,"Per class")) -> 0 | M16: JM-03, JM-07, LE-06, TL-01, TL-05, TL-06, TL-09, TL-10, TL-12, YI-11 | N16: Also works in the Wokwi simulator.
A17: 10 | B17: Sensors | C17: MQ-2 gas sensor | D17: MQ-2 smoke/LPG gas module | E17: Reusable | F17: =COUNTIF('Little Explorers 5-7'!$C:$C,$C17)+COUNTIF('Junior Makers 8-11'!$C:$C,$C17)+COUNTIF('Young Innovators 12-14'!$C:$C,$C17)+COUNTIF('Tech Leaders 15-17'!$C:$C,$C17) -> 1 | G17: =COUNTIF('Little Explorers 5-7'!$C:$C,$C17) -> 0 | H17: =COUNTIF('Junior Makers 8-11'!$C:$C,$C17) -> 1 | I17: =COUNTIF('Young Innovators 12-14'!$C:$C,$C17) -> 0 | J17: =COUNTIF('Tech Leaders 15-17'!$C:$C,$C17) -> 0 | K17: =MAX(_xlfn.MAXIFS('Little Explorers 5-7'!$D:$D,'Little Explorers 5-7'!$C:$C,$C17,'Little Explorers 5-7'!$E:$E,"Per group"),_xlfn.MAXIFS('Junior Makers 8-11'!$D:$D,'Junior Makers 8-11'!$C:$C,$C17,'Junior Makers 8-11'!$E:$E,"Per group"),_xlfn.MAXIFS('Young Innovators 12-14'!$D:$D,'Young Innovators 12-14'!$C:$C,$C17,'Young Innovators 12-14'!$E:$E,"Per group"),_xlfn.MAXIFS('Tech Leaders 15-17'!$D:$D,'Tech Leaders 15-17'!$C:$C,$C17,'Tech Leaders 15-17'!$E:$E,"Per group")) -> 1 | L17: =MAX(_xlfn.MAXIFS('Little Explorers 5-7'!$D:$D,'Little Explorers 5-7'!$C:$C,$C17,'Little Explorers 5-7'!$E:$E,"Per class"),_xlfn.MAXIFS('Junior Makers 8-11'!$D:$D,'Junior Makers 8-11'!$C:$C,$C17,'Junior Makers 8-11'!$E:$E,"Per class"),_xlfn.MAXIFS('Young Innovators 12-14'!$D:$D,'Young Innovators 12-14'!$C:$C,$C17,'Young Innovators 12-14'!$E:$E,"Per class"),_xlfn.MAXIFS('Tech Leaders 15-17'!$D:$D,'Tech Leaders 15-17'!$C:$C,$C17,'Tech Leaders 15-17'!$E:$E,"Per class")) -> 0 | M17: JM-06 | N17: Needs 24-48 h burn-in; gas demo teacher-operated.
A18: 11 | B18: Sensors | C18: Flame sensor | D18: IR flame sensor module | E18: Reusable | F18: =COUNTIF('Little Explorers 5-7'!$C:$C,$C18)+COUNTIF('Junior Makers 8-11'!$C:$C,$C18)+COUNTIF('Young Innovators 12-14'!$C:$C,$C18)+COUNTIF('Tech Leaders 15-17'!$C:$C,$C18) -> 2 | G18: =COUNTIF('Little Explorers 5-7'!$C:$C,$C18) -> 0 | H18: =COUNTIF('Junior Makers 8-11'!$C:$C,$C18) -> 1 | I18: =COUNTIF('Young Innovators 12-14'!$C:$C,$C18) -> 0 | J18: =COUNTIF('Tech Leaders 15-17'!$C:$C,$C18) -> 1 | K18: =MAX(_xlfn.MAXIFS('Little Explorers 5-7'!$D:$D,'Little Explorers 5-7'!$C:$C,$C18,'Little Explorers 5-7'!$E:$E,"Per group"),_xlfn.MAXIFS('Junior Makers 8-11'!$D:$D,'Junior Makers 8-11'!$C:$C,$C18,'Junior Makers 8-11'!$E:$E,"Per group"),_xlfn.MAXIFS('Young Innovators 12-14'!$D:$D,'Young Innovators 12-14'!$C:$C,$C18,'Young Innovators 12-14'!$E:$E,"Per group"),_xlfn.MAXIFS('Tech Leaders 15-17'!$D:$D,'Tech Leaders 15-17'!$C:$C,$C18,'Tech Leaders 15-17'!$E:$E,"Per group")) -> 3 | L18: =MAX(_xlfn.MAXIFS('Little Explorers 5-7'!$D:$D,'Little Explorers 5-7'!$C:$C,$C18,'Little Explorers 5-7'!$E:$E,"Per class"),_xlfn.MAXIFS('Junior Makers 8-11'!$D:$D,'Junior Makers 8-11'!$C:$C,$C18,'Junior Makers 8-11'!$E:$E,"Per class"),_xlfn.MAXIFS('Young Innovators 12-14'!$D:$D,'Young Innovators 12-14'!$C:$C,$C18,'Young Innovators 12-14'!$E:$E,"Per class"),_xlfn.MAXIFS('Tech Leaders 15-17'!$D:$D,'Tech Leaders 15-17'!$C:$C,$C18,'Tech Leaders 15-17'!$E:$E,"Per class")) -> 0 | M18: JM-06, TL-14 | N18: Use a candle only under teacher supervision.
A19: 12 | B19: Sensors | C19: Rain sensor | D19: Rain/water-drop sensor with control board | E19: Reusable | F19: =COUNTIF('Little Explorers 5-7'!$C:$C,$C19)+COUNTIF('Junior Makers 8-11'!$C:$C,$C19)+COUNTIF('Young Innovators 12-14'!$C:$C,$C19)+COUNTIF('Tech Leaders 15-17'!$C:$C,$C19) -> 2 | G19: =COUNTIF('Little Explorers 5-7'!$C:$C,$C19) -> 0 | H19: =COUNTIF('Junior Makers 8-11'!$C:$C,$C19) -> 1 | I19: =COUNTIF('Young Innovators 12-14'!$C:$C,$C19) -> 0 | J19: =COUNTIF('Tech Leaders 15-17'!$C:$C,$C19) -> 1 | K19: =MAX(_xlfn.MAXIFS('Little Explorers 5-7'!$D:$D,'Little Explorers 5-7'!$C:$C,$C19,'Little Explorers 5-7'!$E:$E,"Per group"),_xlfn.MAXIFS('Junior Makers 8-11'!$D:$D,'Junior Makers 8-11'!$C:$C,$C19,'Junior Makers 8-11'!$E:$E,"Per group"),_xlfn.MAXIFS('Young Innovators 12-14'!$D:$D,'Young Innovators 12-14'!$C:$C,$C19,'Young Innovators 12-14'!$E:$E,"Per group"),_xlfn.MAXIFS('Tech Leaders 15-17'!$D:$D,'Tech Leaders 15-17'!$C:$C,$C19,'Tech Leaders 15-17'!$E:$E,"Per group")) -> 1 | L19: =MAX(_xlfn.MAXIFS('Little Explorers 5-7'!$D:$D,'Little Explorers 5-7'!$C:$C,$C19,'Little Explorers 5-7'!$E:$E,"Per class"),_xlfn.MAXIFS('Junior Makers 8-11'!$D:$D,'Junior Makers 8-11'!$C:$C,$C19,'Junior Makers 8-11'!$E:$E,"Per class"),_xlfn.MAXIFS('Young Innovators 12-14'!$D:$D,'Young Innovators 12-14'!$C:$C,$C19,'Young Innovators 12-14'!$E:$E,"Per class"),_xlfn.MAXIFS('Tech Leaders 15-17'!$D:$D,'Tech Leaders 15-17'!$C:$C,$C19,'Tech Leaders 15-17'!$E:$E,"Per class")) -> 0 | M19: JM-05, TL-10
A20: 13 | B20: Sensors | C20: Soil moisture sensor | D20: Capacitive soil moisture sensor | E20: Reusable | F20: =COUNTIF('Little Explorers 5-7'!$C:$C,$C20)+COUNTIF('Junior Makers 8-11'!$C:$C,$C20)+COUNTIF('Young Innovators 12-14'!$C:$C,$C20)+COUNTIF('Tech Leaders 15-17'!$C:$C,$C20) -> 2 | G20: =COUNTIF('Little Explorers 5-7'!$C:$C,$C20) -> 1 | H20: =COUNTIF('Junior Makers 8-11'!$C:$C,$C20) -> 0 | I20: =COUNTIF('Young Innovators 12-14'!$C:$C,$C20) -> 1 | J20: =COUNTIF('Tech Leaders 15-17'!$C:$C,$C20) -> 0 | K20: =MAX(_xlfn.MAXIFS('Little Explorers 5-7'!$D:$D,'Little Explorers 5-7'!$C:$C,$C20,'Little Explorers 5-7'!$E:$E,"Per group"),_xlfn.MAXIFS('Junior Makers 8-11'!$D:$D,'Junior Makers 8-11'!$C:$C,$C20,'Junior Makers 8-11'!$E:$E,"Per group"),_xlfn.MAXIFS('Young Innovators 12-14'!$D:$D,'Young Innovators 12-14'!$C:$C,$C20,'Young Innovators 12-14'!$E:$E,"Per group"),_xlfn.MAXIFS('Tech Leaders 15-17'!$D:$D,'Tech Leaders 15-17'!$C:$C,$C20,'Tech Leaders 15-17'!$E:$E,"Per group")) -> 1 | L20: =MAX(_xlfn.MAXIFS('Little Explorers 5-7'!$D:$D,'Little Explorers 5-7'!$C:$C,$C20,'Little Explorers 5-7'!$E:$E,"Per class"),_xlfn.MAXIFS('Junior Makers 8-11'!$D:$D,'Junior Makers 8-11'!$C:$C,$C20,'Junior Makers 8-11'!$E:$E,"Per class"),_xlfn.MAXIFS('Young Innovators 12-14'!$D:$D,'Young Innovators 12-14'!$C:$C,$C20,'Young Innovators 12-14'!$E:$E,"Per class"),_xlfn.MAXIFS('Tech Leaders 15-17'!$D:$D,'Tech Leaders 15-17'!$C:$C,$C20,'Tech Leaders 15-17'!$E:$E,"Per class")) -> 0 | M20: LE-07, YI-11
A21: 14 | B21: Sensors | C21: Sound sensor KY-037 | D21: KY-037 microphone sound sensor | E21: Reusable | F21: =COUNTIF('Little Explorers 5-7'!$C:$C,$C21)+COUNTIF('Junior Makers 8-11'!$C:$C,$C21)+COUNTIF('Young Innovators 12-14'!$C:$C,$C21)+COUNTIF('Tech Leaders 15-17'!$C:$C,$C21) -> 2 | G21: =COUNTIF('Little Explorers 5-7'!$C:$C,$C21) -> 0 | H21: =COUNTIF('Junior Makers 8-11'!$C:$C,$C21) -> 0 | I21: =COUNTIF('Young Innovators 12-14'!$C:$C,$C21) -> 0 | J21: =COUNTIF('Tech Leaders 15-17'!$C:$C,$C21) -> 2 | K21: =MAX(_xlfn.MAXIFS('Little Explorers 5-7'!$D:$D,'Little Explorers 5-7'!$C:$C,$C21,'Little Explorers 5-7'!$E:$E,"Per group"),_xlfn.MAXIFS('Junior Makers 8-11'!$D:$D,'Junior Makers 8-11'!$C:$C,$C21,'Junior Makers 8-11'!$E:$E,"Per group"),_xlfn.MAXIFS('Young Innovators 12-14'!$D:$D,'Young Innovators 12-14'!$C:$C,$C21,'Young Innovators 12-14'!$E:$E,"Per group"),_xlfn.MAXIFS('Tech Leaders 15-17'!$D:$D,'Tech Leaders 15-17'!$C:$C,$C21,'Tech Leaders 15-17'!$E:$E,"Per group")) -> 1 | L21: =MAX(_xlfn.MAXIFS('Little Explorers 5-7'!$D:$D,'Little Explorers 5-7'!$C:$C,$C21,'Little Explorers 5-7'!$E:$E,"Per class"),_xlfn.MAXIFS('Junior Makers 8-11'!$D:$D,'Junior Makers 8-11'!$C:$C,$C21,'Junior Makers 8-11'!$E:$E,"Per class"),_xlfn.MAXIFS('Young Innovators 12-14'!$D:$D,'Young Innovators 12-14'!$C:$C,$C21,'Young Innovators 12-14'!$E:$E,"Per class"),_xlfn.MAXIFS('Tech Leaders 15-17'!$D:$D,'Tech Leaders 15-17'!$C:$C,$C21,'Tech Leaders 15-17'!$E:$E,"Per class")) -> 0 | M21: TL-05, TL-09
A22: 15 | B22: Sensors | C22: Pulse sensor | D22: Heart-rate pulse sensor (optical) | E22: Reusable | F22: =COUNTIF('Little Explorers 5-7'!$C:$C,$C22)+COUNTIF('Junior Makers 8-11'!$C:$C,$C22)+COUNTIF('Young Innovators 12-14'!$C:$C,$C22)+COUNTIF('Tech Leaders 15-17'!$C:$C,$C22) -> 1 | G22: =COUNTIF('Little Explorers 5-7'!$C:$C,$C22) -> 0 | H22: =COUNTIF('Junior Makers 8-11'!$C:$C,$C22) -> 0 | I22: =COUNTIF('Young Innovators 12-14'!$C:$C,$C22) -> 1 | J22: =COUNTIF('Tech Leaders 15-17'!$C:$C,$C22) -> 0 | K22: =MAX(_xlfn.MAXIFS('Little Explorers 5-7'!$D:$D,'Little Explorers 5-7'!$C:$C,$C22,'Little Explorers 5-7'!$E:$E,"Per group"),_xlfn.MAXIFS('Junior Makers 8-11'!$D:$D,'Junior Makers 8-11'!$C:$C,$C22,'Junior Makers 8-11'!$E:$E,"Per group"),_xlfn.MAXIFS('Young Innovators 12-14'!$D:$D,'Young Innovators 12-14'!$C:$C,$C22,'Young Innovators 12-14'!$E:$E,"Per group"),_xlfn.MAXIFS('Tech Leaders 15-17'!$D:$D,'Tech Leaders 15-17'!$C:$C,$C22,'Tech Leaders 15-17'!$E:$E,"Per group")) -> 1 | L22: =MAX(_xlfn.MAXIFS('Little Explorers 5-7'!$D:$D,'Little Explorers 5-7'!$C:$C,$C22,'Little Explorers 5-7'!$E:$E,"Per class"),_xlfn.MAXIFS('Junior Makers 8-11'!$D:$D,'Junior Makers 8-11'!$C:$C,$C22,'Junior Makers 8-11'!$E:$E,"Per class"),_xlfn.MAXIFS('Young Innovators 12-14'!$D:$D,'Young Innovators 12-14'!$C:$C,$C22,'Young Innovators 12-14'!$E:$E,"Per class"),_xlfn.MAXIFS('Tech Leaders 15-17'!$D:$D,'Tech Leaders 15-17'!$C:$C,$C22,'Tech Leaders 15-17'!$E:$E,"Per class")) -> 0 | M22: YI-02
A23: 16 | B23: Sensors | C23: PIR motion sensor | D23: HC-SR501 PIR motion sensor | E23: Reusable | F23: =COUNTIF('Little Explorers 5-7'!$C:$C,$C23)+COUNTIF('Junior Makers 8-11'!$C:$C,$C23)+COUNTIF('Young Innovators 12-14'!$C:$C,$C23)+COUNTIF('Tech Leaders 15-17'!$C:$C,$C23) -> 5 | G23: =COUNTIF('Little Explorers 5-7'!$C:$C,$C23) -> 1 | H23: =COUNTIF('Junior Makers 8-11'!$C:$C,$C23) -> 1 | I23: =COUNTIF('Young Innovators 12-14'!$C:$C,$C23) -> 1 | J23: =COUNTIF('Tech Leaders 15-17'!$C:$C,$C23) -> 2 | K23: =MAX(_xlfn.MAXIFS('Little Explorers 5-7'!$D:$D,'Little Explorers 5-7'!$C:$C,$C23,'Little Explorers 5-7'!$E:$E,"Per group"),_xlfn.MAXIFS('Junior Makers 8-11'!$D:$D,'Junior Makers 8-11'!$C:$C,$C23,'Junior Makers 8-11'!$E:$E,"Per group"),_xlfn.MAXIFS('Young Innovators 12-14'!$D:$D,'Young Innovators 12-14'!$C:$C,$C23,'Young Innovators 12-14'!$E:$E,"Per group"),_xlfn.MAXIFS('Tech Leaders 15-17'!$D:$D,'Tech Leaders 15-17'!$C:$C,$C23,'Tech Leaders 15-17'!$E:$E,"Per group")) -> 1 | L23: =MAX(_xlfn.MAXIFS('Little Explorers 5-7'!$D:$D,'Little Explorers 5-7'!$C:$C,$C23,'Little Explorers 5-7'!$E:$E,"Per class"),_xlfn.MAXIFS('Junior Makers 8-11'!$D:$D,'Junior Makers 8-11'!$C:$C,$C23,'Junior Makers 8-11'!$E:$E,"Per class"),_xlfn.MAXIFS('Young Innovators 12-14'!$D:$D,'Young Innovators 12-14'!$C:$C,$C23,'Young Innovators 12-14'!$E:$E,"Per class"),_xlfn.MAXIFS('Tech Leaders 15-17'!$D:$D,'Tech Leaders 15-17'!$C:$C,$C23,'Tech Leaders 15-17'!$E:$E,"Per class")) -> 0 | M23: JM-09, LE-08, TL-06, TL-08, YI-03
A24: 17 | B24: Sensors | C24: MPU6050 IMU | D24: MPU6050 accelerometer + gyroscope (GY-521) | E24: Reusable | F24: =COUNTIF('Little Explorers 5-7'!$C:$C,$C24)+COUNTIF('Junior Makers 8-11'!$C:$C,$C24)+COUNTIF('Young Innovators 12-14'!$C:$C,$C24)+COUNTIF('Tech Leaders 15-17'!$C:$C,$C24) -> 3 | G24: =COUNTIF('Little Explorers 5-7'!$C:$C,$C24) -> 0 | H24: =COUNTIF('Junior Makers 8-11'!$C:$C,$C24) -> 1 | I24: =COUNTIF('Young Innovators 12-14'!$C:$C,$C24) -> 1 | J24: =COUNTIF('Tech Leaders 15-17'!$C:$C,$C24) -> 1 | K24: =MAX(_xlfn.MAXIFS('Little Explorers 5-7'!$D:$D,'Little Explorers 5-7'!$C:$C,$C24,'Little Explorers 5-7'!$E:$E,"Per group"),_xlfn.MAXIFS('Junior Makers 8-11'!$D:$D,'Junior Makers 8-11'!$C:$C,$C24,'Junior Makers 8-11'!$E:$E,"Per group"),_xlfn.MAXIFS('Young Innovators 12-14'!$D:$D,'Young Innovators 12-14'!$C:$C,$C24,'Young Innovators 12-14'!$E:$E,"Per group"),_xlfn.MAXIFS('Tech Leaders 15-17'!$D:$D,'Tech Leaders 15-17'!$C:$C,$C24,'Tech Leaders 15-17'!$E:$E,"Per group")) -> 1 | L24: =MAX(_xlfn.MAXIFS('Little Explorers 5-7'!$D:$D,'Little Explorers 5-7'!$C:$C,$C24,'Little Explorers 5-7'!$E:$E,"Per class"),_xlfn.MAXIFS('Junior Makers 8-11'!$D:$D,'Junior Makers 8-11'!$C:$C,$C24,'Junior Makers 8-11'!$E:$E,"Per class"),_xlfn.MAXIFS('Young Innovators 12-14'!$D:$D,'Young Innovators 12-14'!$C:$C,$C24,'Young Innovators 12-14'!$E:$E,"Per class"),_xlfn.MAXIFS('Tech Leaders 15-17'!$D:$D,'Tech Leaders 15-17'!$C:$C,$C24,'Tech Leaders 15-17'!$E:$E,"Per class")) -> 0 | M24: JM-13, TL-04, YI-07 | N24: Order pre-soldered headers.
A25: 18 | B25: Sensors | C25: Joystick module | D25: KY-023 dual-axis joystick | E25: Reusable | F25: =COUNTIF('Little Explorers 5-7'!$C:$C,$C25)+COUNTIF('Junior Makers 8-11'!$C:$C,$C25)+COUNTIF('Young Innovators 12-14'!$C:$C,$C25)+COUNTIF('Tech Leaders 15-17'!$C:$C,$C25) -> 1 | G25: =COUNTIF('Little Explorers 5-7'!$C:$C,$C25) -> 0 | H25: =COUNTIF('Junior Makers 8-11'!$C:$C,$C25) -> 0 | I25: =COUNTIF('Young Innovators 12-14'!$C:$C,$C25) -> 0 | J25: =COUNTIF('Tech Leaders 15-17'!$C:$C,$C25) -> 1 | K25: =MAX(_xlfn.MAXIFS('Little Explorers 5-7'!$D:$D,'Little Explorers 5-7'!$C:$C,$C25,'Little Explorers 5-7'!$E:$E,"Per group"),_xlfn.MAXIFS('Junior Makers 8-11'!$D:$D,'Junior Makers 8-11'!$C:$C,$C25,'Junior Makers 8-11'!$E:$E,"Per group"),_xlfn.MAXIFS('Young Innovators 12-14'!$D:$D,'Young Innovators 12-14'!$C:$C,$C25,'Young Innovators 12-14'!$E:$E,"Per group"),_xlfn.MAXIFS('Tech Leaders 15-17'!$D:$D,'Tech Leaders 15-17'!$C:$C,$C25,'Tech Leaders 15-17'!$E:$E,"Per group")) -> 1 | L25: =MAX(_xlfn.MAXIFS('Little Explorers 5-7'!$D:$D,'Little Explorers 5-7'!$C:$C,$C25,'Little Explorers 5-7'!$E:$E,"Per class"),_xlfn.MAXIFS('Junior Makers 8-11'!$D:$D,'Junior Makers 8-11'!$C:$C,$C25,'Junior Makers 8-11'!$E:$E,"Per class"),_xlfn.MAXIFS('Young Innovators 12-14'!$D:$D,'Young Innovators 12-14'!$C:$C,$C25,'Young Innovators 12-14'!$E:$E,"Per class"),_xlfn.MAXIFS('Tech Leaders 15-17'!$D:$D,'Tech Leaders 15-17'!$C:$C,$C25,'Tech Leaders 15-17'!$E:$E,"Per class")) -> 0 | M25: TL-16
B26: Security & Identification (2 items)
A27: 19 | B27: Security & Identification | C27: RFID RC522 + cards | D27: RC522 RFID reader with 2 cards/tags | E27: Reusable | F27: =COUNTIF('Little Explorers 5-7'!$C:$C,$C27)+COUNTIF('Junior Makers 8-11'!$C:$C,$C27)+COUNTIF('Young Innovators 12-14'!$C:$C,$C27)+COUNTIF('Tech Leaders 15-17'!$C:$C,$C27) -> 2 | G27: =COUNTIF('Little Explorers 5-7'!$C:$C,$C27) -> 0 | H27: =COUNTIF('Junior Makers 8-11'!$C:$C,$C27) -> 0 | I27: =COUNTIF('Young Innovators 12-14'!$C:$C,$C27) -> 1 | J27: =COUNTIF('Tech Leaders 15-17'!$C:$C,$C27) -> 1 | K27: =MAX(_xlfn.MAXIFS('Little Explorers 5-7'!$D:$D,'Little Explorers 5-7'!$C:$C,$C27,'Little Explorers 5-7'!$E:$E,"Per group"),_xlfn.MAXIFS('Junior Makers 8-11'!$D:$D,'Junior Makers 8-11'!$C:$C,$C27,'Junior Makers 8-11'!$E:$E,"Per group"),_xlfn.MAXIFS('Young Innovators 12-14'!$D:$D,'Young Innovators 12-14'!$C:$C,$C27,'Young Innovators 12-14'!$E:$E,"Per group"),_xlfn.MAXIFS('Tech Leaders 15-17'!$D:$D,'Tech Leaders 15-17'!$C:$C,$C27,'Tech Leaders 15-17'!$E:$E,"Per group")) -> 1 | L27: =MAX(_xlfn.MAXIFS('Little Explorers 5-7'!$D:$D,'Little Explorers 5-7'!$C:$C,$C27,'Little Explorers 5-7'!$E:$E,"Per class"),_xlfn.MAXIFS('Junior Makers 8-11'!$D:$D,'Junior Makers 8-11'!$C:$C,$C27,'Junior Makers 8-11'!$E:$E,"Per class"),_xlfn.MAXIFS('Young Innovators 12-14'!$D:$D,'Young Innovators 12-14'!$C:$C,$C27,'Young Innovators 12-14'!$E:$E,"Per class"),_xlfn.MAXIFS('Tech Leaders 15-17'!$D:$D,'Tech Leaders 15-17'!$C:$C,$C27,'Tech Leaders 15-17'!$E:$E,"Per class")) -> 0 | M27: TL-08, YI-08
A28: 20 | B28: Security & Identification | C28: 4x4 matrix keypad | D28: 4x4 membrane keypad | E28: Reusable | F28: =COUNTIF('Little Explorers 5-7'!$C:$C,$C28)+COUNTIF('Junior Makers 8-11'!$C:$C,$C28)+COUNTIF('Young Innovators 12-14'!$C:$C,$C28)+COUNTIF('Tech Leaders 15-17'!$C:$C,$C28) -> 1 | G28: =COUNTIF('Little Explorers 5-7'!$C:$C,$C28) -> 0 | H28: =COUNTIF('Junior Makers 8-11'!$C:$C,$C28) -> 0 | I28: =COUNTIF('Young Innovators 12-14'!$C:$C,$C28) -> 0 | J28: =COUNTIF('Tech Leaders 15-17'!$C:$C,$C28) -> 1 | K28: =MAX(_xlfn.MAXIFS('Little Explorers 5-7'!$D:$D,'Little Explorers 5-7'!$C:$C,$C28,'Little Explorers 5-7'!$E:$E,"Per group"),_xlfn.MAXIFS('Junior Makers 8-11'!$D:$D,'Junior Makers 8-11'!$C:$C,$C28,'Junior Makers 8-11'!$E:$E,"Per group"),_xlfn.MAXIFS('Young Innovators 12-14'!$D:$D,'Young Innovators 12-14'!$C:$C,$C28,'Young Innovators 12-14'!$E:$E,"Per group"),_xlfn.MAXIFS('Tech Leaders 15-17'!$D:$D,'Tech Leaders 15-17'!$C:$C,$C28,'Tech Leaders 15-17'!$E:$E,"Per group")) -> 1 | L28: =MAX(_xlfn.MAXIFS('Little Explorers 5-7'!$D:$D,'Little Explorers 5-7'!$C:$C,$C28,'Little Explorers 5-7'!$E:$E,"Per class"),_xlfn.MAXIFS('Junior Makers 8-11'!$D:$D,'Junior Makers 8-11'!$C:$C,$C28,'Junior Makers 8-11'!$E:$E,"Per class"),_xlfn.MAXIFS('Young Innovators 12-14'!$D:$D,'Young Innovators 12-14'!$C:$C,$C28,'Young Innovators 12-14'!$E:$E,"Per class"),_xlfn.MAXIFS('Tech Leaders 15-17'!$D:$D,'Tech Leaders 15-17'!$C:$C,$C28,'Tech Leaders 15-17'!$E:$E,"Per class")) -> 0 | M28: TL-08
B29: Communication Modules (2 items)
A30: 21 | B30: Communication Modules | C30: Bluetooth module HC-05 | D30: HC-05 Bluetooth serial module | E30: Reusable | F30: =COUNTIF('Little Explorers 5-7'!$C:$C,$C30)+COUNTIF('Junior Makers 8-11'!$C:$C,$C30)+COUNTIF('Young Innovators 12-14'!$C:$C,$C30)+COUNTIF('Tech Leaders 15-17'!$C:$C,$C30) -> 2 | G30: =COUNTIF('Little Explorers 5-7'!$C:$C,$C30) -> 0 | H30: =COUNTIF('Junior Makers 8-11'!$C:$C,$C30) -> 1 | I30: =COUNTIF('Young Innovators 12-14'!$C:$C,$C30) -> 1 | J30: =COUNTIF('Tech Leaders 15-17'!$C:$C,$C30) -> 0 | K30: =MAX(_xlfn.MAXIFS('Little Explorers 5-7'!$D:$D,'Little Explorers 5-7'!$C:$C,$C30,'Little Explorers 5-7'!$E:$E,"Per group"),_xlfn.MAXIFS('Junior Makers 8-11'!$D:$D,'Junior Makers 8-11'!$C:$C,$C30,'Junior Makers 8-11'!$E:$E,"Per group"),_xlfn.MAXIFS('Young Innovators 12-14'!$D:$D,'Young Innovators 12-14'!$C:$C,$C30,'Young Innovators 12-14'!$E:$E,"Per group"),_xlfn.MAXIFS('Tech Leaders 15-17'!$D:$D,'Tech Leaders 15-17'!$C:$C,$C30,'Tech Leaders 15-17'!$E:$E,"Per group")) -> 1 | L30: =MAX(_xlfn.MAXIFS('Little Explorers 5-7'!$D:$D,'Little Explorers 5-7'!$C:$C,$C30,'Little Explorers 5-7'!$E:$E,"Per class"),_xlfn.MAXIFS('Junior Makers 8-11'!$D:$D,'Junior Makers 8-11'!$C:$C,$C30,'Junior Makers 8-11'!$E:$E,"Per class"),_xlfn.MAXIFS('Young Innovators 12-14'!$D:$D,'Young Innovators 12-14'!$C:$C,$C30,'Young Innovators 12-14'!$E:$E,"Per class"),_xlfn.MAXIFS('Tech Leaders 15-17'!$D:$D,'Tech Leaders 15-17'!$C:$C,$C30,'Tech Leaders 15-17'!$E:$E,"Per class")) -> 0 | M30: JM-12, YI-06 | N30: Android phones only (not iPhone).
A31: 22 | B31: Communication Modules | C31: NRF24L01 module | D31: NRF24L01 2.4 GHz transceiver + adapter board | E31: Reusable | F31: =COUNTIF('Little Explorers 5-7'!$C:$C,$C31)+COUNTIF('Junior Makers 8-11'!$C:$C,$C31)+COUNTIF('Young Innovators 12-14'!$C:$C,$C31)+COUNTIF('Tech Leaders 15-17'!$C:$C,$C31) -> 1 | G31: =COUNTIF('Little Explorers 5-7'!$C:$C,$C31) -> 0 | H31: =COUNTIF('Junior Makers 8-11'!$C:$C,$C31) -> 0 | I31: =COUNTIF('Young Innovators 12-14'!$C:$C,$C31) -> 1 | J31: =COUNTIF('Tech Leaders 15-17'!$C:$C,$C31) -> 0 | K31: =MAX(_xlfn.MAXIFS('Little Explorers 5-7'!$D:$D,'Little Explorers 5-7'!$C:$C,$C31,'Little Explorers 5-7'!$E:$E,"Per group"),_xlfn.MAXIFS('Junior Makers 8-11'!$D:$D,'Junior Makers 8-11'!$C:$C,$C31,'Junior Makers 8-11'!$E:$E,"Per group"),_xlfn.MAXIFS('Young Innovators 12-14'!$D:$D,'Young Innovators 12-14'!$C:$C,$C31,'Young Innovators 12-14'!$E:$E,"Per group"),_xlfn.MAXIFS('Tech Leaders 15-17'!$D:$D,'Tech Leaders 15-17'!$C:$C,$C31,'Tech Leaders 15-17'!$E:$E,"Per group")) -> 2 | L31: =MAX(_xlfn.MAXIFS('Little Explorers 5-7'!$D:$D,'Little Explorers 5-7'!$C:$C,$C31,'Little Explorers 5-7'!$E:$E,"Per class"),_xlfn.MAXIFS('Junior Makers 8-11'!$D:$D,'Junior Makers 8-11'!$C:$C,$C31,'Junior Makers 8-11'!$E:$E,"Per class"),_xlfn.MAXIFS('Young Innovators 12-14'!$D:$D,'Young Innovators 12-14'!$C:$C,$C31,'Young Innovators 12-14'!$E:$E,"Per class"),_xlfn.MAXIFS('Tech Leaders 15-17'!$D:$D,'Tech Leaders 15-17'!$C:$C,$C31,'Tech Leaders 15-17'!$E:$E,"Per class")) -> 0 | M31: YI-10 | N31: Always used in pairs.
B32: Actuators & Motor Drivers (9 items)
A33: 23 | B33: Actuators & Motor Drivers | C33: Servo SG90 | D33: SG90 micro servo with horns | E33: Reusable | F33: =COUNTIF('Little Explorers 5-7'!$C:$C,$C33)+COUNTIF('Junior Makers 8-11'!$C:$C,$C33)+COUNTIF('Young Innovators 12-14'!$C:$C,$C33)+COUNTIF('Tech Leaders 15-17'!$C:$C,$C33) -> 12 | G33: =COUNTIF('Little Explorers 5-7'!$C:$C,$C33) -> 2 | H33: =COUNTIF('Junior Makers 8-11'!$C:$C,$C33) -> 3 | I33: =COUNTIF('Young Innovators 12-14'!$C:$C,$C33) -> 4 | J33: =COUNTIF('Tech Leaders 15-17'!$C:$C,$C33) -> 3 | K33: =MAX(_xlfn.MAXIFS('Little Explorers 5-7'!$D:$D,'Little Explorers 5-7'!$C:$C,$C33,'Little Explorers 5-7'!$E:$E,"Per group"),_xlfn.MAXIFS('Junior Makers 8-11'!$D:$D,'Junior Makers 8-11'!$C:$C,$C33,'Junior Makers 8-11'!$E:$E,"Per group"),_xlfn.MAXIFS('Young Innovators 12-14'!$D:$D,'Young Innovators 12-14'!$C:$C,$C33,'Young Innovators 12-14'!$E:$E,"Per group"),_xlfn.MAXIFS('Tech Leaders 15-17'!$D:$D,'Tech Leaders 15-17'!$C:$C,$C33,'Tech Leaders 15-17'!$E:$E,"Per group")) -> 3 | L33: =MAX(_xlfn.MAXIFS('Little Explorers 5-7'!$D:$D,'Little Explorers 5-7'!$C:$C,$C33,'Little Explorers 5-7'!$E:$E,"Per class"),_xlfn.MAXIFS('Junior Makers 8-11'!$D:$D,'Junior Makers 8-11'!$C:$C,$C33,'Junior Makers 8-11'!$E:$E,"Per class"),_xlfn.MAXIFS('Young Innovators 12-14'!$D:$D,'Young Innovators 12-14'!$C:$C,$C33,'Young Innovators 12-14'!$E:$E,"Per class"),_xlfn.MAXIFS('Tech Leaders 15-17'!$D:$D,'Tech Leaders 15-17'!$C:$C,$C33,'Tech Leaders 15-17'!$E:$E,"Per class")) -> 0 | M33: JM-04, JM-05, JM-08, LE-09, LE-10, TL-03, TL-08, TL-14, YI-04, YI-05, YI-07, YI-08 | N33: Keep 20% spares; gears strip.
A34: 24 | B34: Actuators & Motor Drivers | C34: Servo MG995 | D34: MG995 metal-gear servo | E34: Reusable | F34: =COUNTIF('Little Explorers 5-7'!$C:$C,$C34)+COUNTIF('Junior Makers 8-11'!$C:$C,$C34)+COUNTIF('Young Innovators 12-14'!$C:$C,$C34)+COUNTIF('Tech Leaders 15-17'!$C:$C,$C34) -> 1 | G34: =COUNTIF('Little Explorers 5-7'!$C:$C,$C34) -> 0 | H34: =COUNTIF('Junior Makers 8-11'!$C:$C,$C34) -> 0 | I34: =COUNTIF('Young Innovators 12-14'!$C:$C,$C34) -> 0 | J34: =COUNTIF('Tech Leaders 15-17'!$C:$C,$C34) -> 1 | K34: =MAX(_xlfn.MAXIFS('Little Explorers 5-7'!$D:$D,'Little Explorers 5-7'!$C:$C,$C34,'Little Explorers 5-7'!$E:$E,"Per group"),_xlfn.MAXIFS('Junior Makers 8-11'!$D:$D,'Junior Makers 8-11'!$C:$C,$C34,'Junior Makers 8-11'!$E:$E,"Per group"),_xlfn.MAXIFS('Young Innovators 12-14'!$D:$D,'Young Innovators 12-14'!$C:$C,$C34,'Young Innovators 12-14'!$E:$E,"Per group"),_xlfn.MAXIFS('Tech Leaders 15-17'!$D:$D,'Tech Leaders 15-17'!$C:$C,$C34,'Tech Leaders 15-17'!$E:$E,"Per group")) -> 2 | L34: =MAX(_xlfn.MAXIFS('Little Explorers 5-7'!$D:$D,'Little Explorers 5-7'!$C:$C,$C34,'Little Explorers 5-7'!$E:$E,"Per class"),_xlfn.MAXIFS('Junior Makers 8-11'!$D:$D,'Junior Makers 8-11'!$C:$C,$C34,'Junior Makers 8-11'!$E:$E,"Per class"),_xlfn.MAXIFS('Young Innovators 12-14'!$D:$D,'Young Innovators 12-14'!$C:$C,$C34,'Young Innovators 12-14'!$E:$E,"Per class"),_xlfn.MAXIFS('Tech Leaders 15-17'!$D:$D,'Tech Leaders 15-17'!$C:$C,$C34,'Tech Leaders 15-17'!$E:$E,"Per class")) -> 0 | M34: TL-03 | N34: For robotic arm base/shoulder.
A35: 25 | B35: Actuators & Motor Drivers | C35: DC hobby motor | D35: 3-6 V DC motor with leads | E35: Reusable | F35: =COUNTIF('Little Explorers 5-7'!$C:$C,$C35)+COUNTIF('Junior Makers 8-11'!$C:$C,$C35)+COUNTIF('Young Innovators 12-14'!$C:$C,$C35)+COUNTIF('Tech Leaders 15-17'!$C:$C,$C35) -> 1 | G35: =COUNTIF('Little Explorers 5-7'!$C:$C,$C35) -> 0 | H35: =COUNTIF('Junior Makers 8-11'!$C:$C,$C35) -> 1 | I35: =COUNTIF('Young Innovators 12-14'!$C:$C,$C35) -> 0 | J35: =COUNTIF('Tech Leaders 15-17'!$C:$C,$C35) -> 0 | K35: =MAX(_xlfn.MAXIFS('Little Explorers 5-7'!$D:$D,'Little Explorers 5-7'!$C:$C,$C35,'Little Explorers 5-7'!$E:$E,"Per group"),_xlfn.MAXIFS('Junior Makers 8-11'!$D:$D,'Junior Makers 8-11'!$C:$C,$C35,'Junior Makers 8-11'!$E:$E,"Per group"),_xlfn.MAXIFS('Young Innovators 12-14'!$D:$D,'Young Innovators 12-14'!$C:$C,$C35,'Young Innovators 12-14'!$E:$E,"Per group"),_xlfn.MAXIFS('Tech Leaders 15-17'!$D:$D,'Tech Leaders 15-17'!$C:$C,$C35,'Tech Leaders 15-17'!$E:$E,"Per group")) -> 1 | L35: =MAX(_xlfn.MAXIFS('Little Explorers 5-7'!$D:$D,'Little Explorers 5-7'!$C:$C,$C35,'Little Explorers 5-7'!$E:$E,"Per class"),_xlfn.MAXIFS('Junior Makers 8-11'!$D:$D,'Junior Makers 8-11'!$C:$C,$C35,'Junior Makers 8-11'!$E:$E,"Per class"),_xlfn.MAXIFS('Young Innovators 12-14'!$D:$D,'Young Innovators 12-14'!$C:$C,$C35,'Young Innovators 12-14'!$E:$E,"Per class"),_xlfn.MAXIFS('Tech Leaders 15-17'!$D:$D,'Tech Leaders 15-17'!$C:$C,$C35,'Tech Leaders 15-17'!$E:$E,"Per class")) -> 0 | M35: JM-07
A36: 26 | B36: Actuators & Motor Drivers | C36: L298N motor driver | D36: L298N dual H-bridge driver | E36: Reusable | F36: =COUNTIF('Little Explorers 5-7'!$C:$C,$C36)+COUNTIF('Junior Makers 8-11'!$C:$C,$C36)+COUNTIF('Young Innovators 12-14'!$C:$C,$C36)+COUNTIF('Tech Leaders 15-17'!$C:$C,$C36) -> 6 | G36: =COUNTIF('Little Explorers 5-7'!$C:$C,$C36) -> 0 | H36: =COUNTIF('Junior Makers 8-11'!$C:$C,$C36) -> 2 | I36: =COUNTIF('Young Innovators 12-14'!$C:$C,$C36) -> 2 | J36: =COUNTIF('Tech Leaders 15-17'!$C:$C,$C36) -> 2 | K36: =MAX(_xlfn.MAXIFS('Little Explorers 5-7'!$D:$D,'Little Explorers 5-7'!$C:$C,$C36,'Little Explorers 5-7'!$E:$E,"Per group"),_xlfn.MAXIFS('Junior Makers 8-11'!$D:$D,'Junior Makers 8-11'!$C:$C,$C36,'Junior Makers 8-11'!$E:$E,"Per group"),_xlfn.MAXIFS('Young Innovators 12-14'!$D:$D,'Young Innovators 12-14'!$C:$C,$C36,'Young Innovators 12-14'!$E:$E,"Per group"),_xlfn.MAXIFS('Tech Leaders 15-17'!$D:$D,'Tech Leaders 15-17'!$C:$C,$C36,'Tech Leaders 15-17'!$E:$E,"Per group")) -> 1 | L36: =MAX(_xlfn.MAXIFS('Little Explorers 5-7'!$D:$D,'Little Explorers 5-7'!$C:$C,$C36,'Little Explorers 5-7'!$E:$E,"Per class"),_xlfn.MAXIFS('Junior Makers 8-11'!$D:$D,'Junior Makers 8-11'!$C:$C,$C36,'Junior Makers 8-11'!$E:$E,"Per class"),_xlfn.MAXIFS('Young Innovators 12-14'!$D:$D,'Young Innovators 12-14'!$C:$C,$C36,'Young Innovators 12-14'!$E:$E,"Per class"),_xlfn.MAXIFS('Tech Leaders 15-17'!$D:$D,'Tech Leaders 15-17'!$C:$C,$C36,'Tech Leaders 15-17'!$E:$E,"Per class")) -> 0 | M36: JM-07, JM-11, TL-02, TL-14, YI-05, YI-06
A37: 27 | B37: Actuators & Motor Drivers | C37: Stepper 28BYJ-48 + ULN2003 | D37: 28BYJ-48 5 V stepper with ULN2003 driver board | E37: Reusable | F37: =COUNTIF('Little Explorers 5-7'!$C:$C,$C37)+COUNTIF('Junior Makers 8-11'!$C:$C,$C37)+COUNTIF('Young Innovators 12-14'!$C:$C,$C37)+COUNTIF('Tech Leaders 15-17'!$C:$C,$C37) -> 1 | G37: =COUNTIF('Little Explorers 5-7'!$C:$C,$C37) -> 0 | H37: =COUNTIF('Junior Makers 8-11'!$C:$C,$C37) -> 0 | I37: =COUNTIF('Young Innovators 12-14'!$C:$C,$C37) -> 1 | J37: =COUNTIF('Tech Leaders 15-17'!$C:$C,$C37) -> 0 | K37: =MAX(_xlfn.MAXIFS('Little Explorers 5-7'!$D:$D,'Little Explorers 5-7'!$C:$C,$C37,'Little Explorers 5-7'!$E:$E,"Per group"),_xlfn.MAXIFS('Junior Makers 8-11'!$D:$D,'Junior Makers 8-11'!$C:$C,$C37,'Junior Makers 8-11'!$E:$E,"Per group"),_xlfn.MAXIFS('Young Innovators 12-14'!$D:$D,'Young Innovators 12-14'!$C:$C,$C37,'Young Innovators 12-14'!$E:$E,"Per group"),_xlfn.MAXIFS('Tech Leaders 15-17'!$D:$D,'Tech Leaders 15-17'!$C:$C,$C37,'Tech Leaders 15-17'!$E:$E,"Per group")) -> 2 | L37: =MAX(_xlfn.MAXIFS('Little Explorers 5-7'!$D:$D,'Little Explorers 5-7'!$C:$C,$C37,'Little Explorers 5-7'!$E:$E,"Per class"),_xlfn.MAXIFS('Junior Makers 8-11'!$D:$D,'Junior Makers 8-11'!$C:$C,$C37,'Junior Makers 8-11'!$E:$E,"Per class"),_xlfn.MAXIFS('Young Innovators 12-14'!$D:$D,'Young Innovators 12-14'!$C:$C,$C37,'Young Innovators 12-14'!$E:$E,"Per class"),_xlfn.MAXIFS('Tech Leaders 15-17'!$D:$D,'Tech Leaders 15-17'!$C:$C,$C37,'Tech Leaders 15-17'!$E:$E,"Per class")) -> 0 | M37: YI-04
A38: 28 | B38: Actuators & Motor Drivers | C38: Relay module (1-channel) | D38: 5 V single-channel relay module | E38: Reusable | F38: =COUNTIF('Little Explorers 5-7'!$C:$C,$C38)+COUNTIF('Junior Makers 8-11'!$C:$C,$C38)+COUNTIF('Young Innovators 12-14'!$C:$C,$C38)+COUNTIF('Tech Leaders 15-17'!$C:$C,$C38) -> 4 | G38: =COUNTIF('Little Explorers 5-7'!$C:$C,$C38) -> 0 | H38: =COUNTIF('Junior Makers 8-11'!$C:$C,$C38) -> 0 | I38: =COUNTIF('Young Innovators 12-14'!$C:$C,$C38) -> 2 | J38: =COUNTIF('Tech Leaders 15-17'!$C:$C,$C38) -> 2 | K38: =MAX(_xlfn.MAXIFS('Little Explorers 5-7'!$D:$D,'Little Explorers 5-7'!$C:$C,$C38,'Little Explorers 5-7'!$E:$E,"Per group"),_xlfn.MAXIFS('Junior Makers 8-11'!$D:$D,'Junior Makers 8-11'!$C:$C,$C38,'Junior Makers 8-11'!$E:$E,"Per group"),_xlfn.MAXIFS('Young Innovators 12-14'!$D:$D,'Young Innovators 12-14'!$C:$C,$C38,'Young Innovators 12-14'!$E:$E,"Per group"),_xlfn.MAXIFS('Tech Leaders 15-17'!$D:$D,'Tech Leaders 15-17'!$C:$C,$C38,'Tech Leaders 15-17'!$E:$E,"Per group")) -> 1 | L38: =MAX(_xlfn.MAXIFS('Little Explorers 5-7'!$D:$D,'Little Explorers 5-7'!$C:$C,$C38,'Little Explorers 5-7'!$E:$E,"Per class"),_xlfn.MAXIFS('Junior Makers 8-11'!$D:$D,'Junior Makers 8-11'!$C:$C,$C38,'Junior Makers 8-11'!$E:$E,"Per class"),_xlfn.MAXIFS('Young Innovators 12-14'!$D:$D,'Young Innovators 12-14'!$C:$C,$C38,'Young Innovators 12-14'!$E:$E,"Per class"),_xlfn.MAXIFS('Tech Leaders 15-17'!$D:$D,'Tech Leaders 15-17'!$C:$C,$C38,'Tech Leaders 15-17'!$E:$E,"Per class")) -> 0 | M38: TL-12, TL-14, YI-03, YI-11 | N38: Switch low-voltage loads only.
A39: 29 | B39: Actuators & Motor Drivers | C39: Relay module (4-channel) | D39: 5 V four-channel relay module | E39: Reusable | F39: =COUNTIF('Little Explorers 5-7'!$C:$C,$C39)+COUNTIF('Junior Makers 8-11'!$C:$C,$C39)+COUNTIF('Young Innovators 12-14'!$C:$C,$C39)+COUNTIF('Tech Leaders 15-17'!$C:$C,$C39) -> 1 | G39: =COUNTIF('Little Explorers 5-7'!$C:$C,$C39) -> 0 | H39: =COUNTIF('Junior Makers 8-11'!$C:$C,$C39) -> 0 | I39: =COUNTIF('Young Innovators 12-14'!$C:$C,$C39) -> 0 | J39: =COUNTIF('Tech Leaders 15-17'!$C:$C,$C39) -> 1 | K39: =MAX(_xlfn.MAXIFS('Little Explorers 5-7'!$D:$D,'Little Explorers 5-7'!$C:$C,$C39,'Little Explorers 5-7'!$E:$E,"Per group"),_xlfn.MAXIFS('Junior Makers 8-11'!$D:$D,'Junior Makers 8-11'!$C:$C,$C39,'Junior Makers 8-11'!$E:$E,"Per group"),_xlfn.MAXIFS('Young Innovators 12-14'!$D:$D,'Young Innovators 12-14'!$C:$C,$C39,'Young Innovators 12-14'!$E:$E,"Per group"),_xlfn.MAXIFS('Tech Leaders 15-17'!$D:$D,'Tech Leaders 15-17'!$C:$C,$C39,'Tech Leaders 15-17'!$E:$E,"Per group")) -> 1 | L39: =MAX(_xlfn.MAXIFS('Little Explorers 5-7'!$D:$D,'Little Explorers 5-7'!$C:$C,$C39,'Little Explorers 5-7'!$E:$E,"Per class"),_xlfn.MAXIFS('Junior Makers 8-11'!$D:$D,'Junior Makers 8-11'!$C:$C,$C39,'Junior Makers 8-11'!$E:$E,"Per class"),_xlfn.MAXIFS('Young Innovators 12-14'!$D:$D,'Young Innovators 12-14'!$C:$C,$C39,'Young Innovators 12-14'!$E:$E,"Per class"),_xlfn.MAXIFS('Tech Leaders 15-17'!$D:$D,'Tech Leaders 15-17'!$C:$C,$C39,'Tech Leaders 15-17'!$E:$E,"Per class")) -> 0 | M39: TL-06
A40: 30 | B40: Actuators & Motor Drivers | C40: Mini water pump + tube | D40: 3-6 V submersible pump + 1 m silicone tube | E40: Reusable | F40: =COUNTIF('Little Explorers 5-7'!$C:$C,$C40)+COUNTIF('Junior Makers 8-11'!$C:$C,$C40)+COUNTIF('Young Innovators 12-14'!$C:$C,$C40)+COUNTIF('Tech Leaders 15-17'!$C:$C,$C40) -> 1 | G40: =COUNTIF('Little Explorers 5-7'!$C:$C,$C40) -> 0 | H40: =COUNTIF('Junior Makers 8-11'!$C:$C,$C40) -> 0 | I40: =COUNTIF('Young Innovators 12-14'!$C:$C,$C40) -> 1 | J40: =COUNTIF('Tech Leaders 15-17'!$C:$C,$C40) -> 0 | K40: =MAX(_xlfn.MAXIFS('Little Explorers 5-7'!$D:$D,'Little Explorers 5-7'!$C:$C,$C40,'Little Explorers 5-7'!$E:$E,"Per group"),_xlfn.MAXIFS('Junior Makers 8-11'!$D:$D,'Junior Makers 8-11'!$C:$C,$C40,'Junior Makers 8-11'!$E:$E,"Per group"),_xlfn.MAXIFS('Young Innovators 12-14'!$D:$D,'Young Innovators 12-14'!$C:$C,$C40,'Young Innovators 12-14'!$E:$E,"Per group"),_xlfn.MAXIFS('Tech Leaders 15-17'!$D:$D,'Tech Leaders 15-17'!$C:$C,$C40,'Tech Leaders 15-17'!$E:$E,"Per group")) -> 1 | L40: =MAX(_xlfn.MAXIFS('Little Explorers 5-7'!$D:$D,'Little Explorers 5-7'!$C:$C,$C40,'Little Explorers 5-7'!$E:$E,"Per class"),_xlfn.MAXIFS('Junior Makers 8-11'!$D:$D,'Junior Makers 8-11'!$C:$C,$C40,'Junior Makers 8-11'!$E:$E,"Per class"),_xlfn.MAXIFS('Young Innovators 12-14'!$D:$D,'Young Innovators 12-14'!$C:$C,$C40,'Young Innovators 12-14'!$E:$E,"Per class"),_xlfn.MAXIFS('Tech Leaders 15-17'!$D:$D,'Tech Leaders 15-17'!$C:$C,$C40,'Tech Leaders 15-17'!$E:$E,"Per class")) -> 0 | M40: YI-11
A41: 31 | B41: Actuators & Motor Drivers | C41: Buzzer | D41: 5 V active buzzer | E41: Reusable | F41: =COUNTIF('Little Explorers 5-7'!$C:$C,$C41)+COUNTIF('Junior Makers 8-11'!$C:$C,$C41)+COUNTIF('Young Innovators 12-14'!$C:$C,$C41)+COUNTIF('Tech Leaders 15-17'!$C:$C,$C41) -> 18 | G41: =COUNTIF('Little Explorers 5-7'!$C:$C,$C41) -> 6 | H41: =COUNTIF('Junior Makers 8-11'!$C:$C,$C41) -> 5 | I41: =COUNTIF('Young Innovators 12-14'!$C:$C,$C41) -> 5 | J41: =COUNTIF('Tech Leaders 15-17'!$C:$C,$C41) -> 2 | K41: =MAX(_xlfn.MAXIFS('Little Explorers 5-7'!$D:$D,'Little Explorers 5-7'!$C:$C,$C41,'Little Explorers 5-7'!$E:$E,"Per group"),_xlfn.MAXIFS('Junior Makers 8-11'!$D:$D,'Junior Makers 8-11'!$C:$C,$C41,'Junior Makers 8-11'!$E:$E,"Per group"),_xlfn.MAXIFS('Young Innovators 12-14'!$D:$D,'Young Innovators 12-14'!$C:$C,$C41,'Young Innovators 12-14'!$E:$E,"Per group"),_xlfn.MAXIFS('Tech Leaders 15-17'!$D:$D,'Tech Leaders 15-17'!$C:$C,$C41,'Tech Leaders 15-17'!$E:$E,"Per group")) -> 1 | L41: =MAX(_xlfn.MAXIFS('Little Explorers 5-7'!$D:$D,'Little Explorers 5-7'!$C:$C,$C41,'Little Explorers 5-7'!$E:$E,"Per class"),_xlfn.MAXIFS('Junior Makers 8-11'!$D:$D,'Junior Makers 8-11'!$C:$C,$C41,'Junior Makers 8-11'!$E:$E,"Per class"),_xlfn.MAXIFS('Young Innovators 12-14'!$D:$D,'Young Innovators 12-14'!$C:$C,$C41,'Young Innovators 12-14'!$E:$E,"Per class"),_xlfn.MAXIFS('Tech Leaders 15-17'!$D:$D,'Tech Leaders 15-17'!$C:$C,$C41,'Tech Leaders 15-17'!$E:$E,"Per class")) -> 0 | M41: JM-02, JM-05, JM-06, JM-09, JM-12, LE-02, LE-04, LE-07, LE-08, LE-10, LE-12, TL-04, TL-08, YI-01, YI-02, YI-06, YI-08, YI-10
B42: Displays & Output (5 items)
A43: 32 | B43: Displays & Output | C43: LED 5 mm (assorted) | D43: 5 mm LEDs red, yellow, green, blue, white | E43: Consumable | F43: =COUNTIF('Little Explorers 5-7'!$C:$C,$C43)+COUNTIF('Junior Makers 8-11'!$C:$C,$C43)+COUNTIF('Young Innovators 12-14'!$C:$C,$C43)+COUNTIF('Tech Leaders 15-17'!$C:$C,$C43) -> 23 | G43: =COUNTIF('Little Explorers 5-7'!$C:$C,$C43) -> 10 | H43: =COUNTIF('Junior Makers 8-11'!$C:$C,$C43) -> 7 | I43: =COUNTIF('Young Innovators 12-14'!$C:$C,$C43) -> 4 | J43: =COUNTIF('Tech Leaders 15-17'!$C:$C,$C43) -> 2 | K43: =MAX(_xlfn.MAXIFS('Little Explorers 5-7'!$D:$D,'Little Explorers 5-7'!$C:$C,$C43,'Little Explorers 5-7'!$E:$E,"Per group"),_xlfn.MAXIFS('Junior Makers 8-11'!$D:$D,'Junior Makers 8-11'!$C:$C,$C43,'Junior Makers 8-11'!$E:$E,"Per group"),_xlfn.MAXIFS('Young Innovators 12-14'!$D:$D,'Young Innovators 12-14'!$C:$C,$C43,'Young Innovators 12-14'!$E:$E,"Per group"),_xlfn.MAXIFS('Tech Leaders 15-17'!$D:$D,'Tech Leaders 15-17'!$C:$C,$C43,'Tech Leaders 15-17'!$E:$E,"Per group")) -> 6 | L43: =MAX(_xlfn.MAXIFS('Little Explorers 5-7'!$D:$D,'Little Explorers 5-7'!$C:$C,$C43,'Little Explorers 5-7'!$E:$E,"Per class"),_xlfn.MAXIFS('Junior Makers 8-11'!$D:$D,'Junior Makers 8-11'!$C:$C,$C43,'Junior Makers 8-11'!$E:$E,"Per class"),_xlfn.MAXIFS('Young Innovators 12-14'!$D:$D,'Young Innovators 12-14'!$C:$C,$C43,'Young Innovators 12-14'!$E:$E,"Per class"),_xlfn.MAXIFS('Tech Leaders 15-17'!$D:$D,'Tech Leaders 15-17'!$C:$C,$C43,'Tech Leaders 15-17'!$E:$E,"Per class")) -> 0 | M43: JM-01, JM-02, JM-04, JM-05, JM-06, JM-08, JM-09, LE-01, LE-02, LE-03, LE-04, LE-05, LE-06, LE-07, LE-08, LE-10, LE-12, TL-07, TL-12, YI-01, YI-02, YI-06, YI-08 | N43: Buy packs of 100 per colour.
A44: 33 | B44: Displays & Output | C44: RGB LED | D44: 5 mm RGB LED, common cathode | E44: Reusable | F44: =COUNTIF('Little Explorers 5-7'!$C:$C,$C44)+COUNTIF('Junior Makers 8-11'!$C:$C,$C44)+COUNTIF('Young Innovators 12-14'!$C:$C,$C44)+COUNTIF('Tech Leaders 15-17'!$C:$C,$C44) -> 1 | G44: =COUNTIF('Little Explorers 5-7'!$C:$C,$C44) -> 0 | H44: =COUNTIF('Junior Makers 8-11'!$C:$C,$C44) -> 1 | I44: =COUNTIF('Young Innovators 12-14'!$C:$C,$C44) -> 0 | J44: =COUNTIF('Tech Leaders 15-17'!$C:$C,$C44) -> 0 | K44: =MAX(_xlfn.MAXIFS('Little Explorers 5-7'!$D:$D,'Little Explorers 5-7'!$C:$C,$C44,'Little Explorers 5-7'!$E:$E,"Per group"),_xlfn.MAXIFS('Junior Makers 8-11'!$D:$D,'Junior Makers 8-11'!$C:$C,$C44,'Junior Makers 8-11'!$E:$E,"Per group"),_xlfn.MAXIFS('Young Innovators 12-14'!$D:$D,'Young Innovators 12-14'!$C:$C,$C44,'Young Innovators 12-14'!$E:$E,"Per group"),_xlfn.MAXIFS('Tech Leaders 15-17'!$D:$D,'Tech Leaders 15-17'!$C:$C,$C44,'Tech Leaders 15-17'!$E:$E,"Per group")) -> 1 | L44: =MAX(_xlfn.MAXIFS('Little Explorers 5-7'!$D:$D,'Little Explorers 5-7'!$C:$C,$C44,'Little Explorers 5-7'!$E:$E,"Per class"),_xlfn.MAXIFS('Junior Makers 8-11'!$D:$D,'Junior Makers 8-11'!$C:$C,$C44,'Junior Makers 8-11'!$E:$E,"Per class"),_xlfn.MAXIFS('Young Innovators 12-14'!$D:$D,'Young Innovators 12-14'!$C:$C,$C44,'Young Innovators 12-14'!$E:$E,"Per class"),_xlfn.MAXIFS('Tech Leaders 15-17'!$D:$D,'Tech Leaders 15-17'!$C:$C,$C44,'Tech Leaders 15-17'!$E:$E,"Per class")) -> 0 | M44: JM-12
A45: 34 | B45: Displays & Output | C45: OLED 0.96 in I2C | D45: 0.96 in SSD1306 I2C OLED | E45: Reusable | F45: =COUNTIF('Little Explorers 5-7'!$C:$C,$C45)+COUNTIF('Junior Makers 8-11'!$C:$C,$C45)+COUNTIF('Young Innovators 12-14'!$C:$C,$C45)+COUNTIF('Tech Leaders 15-17'!$C:$C,$C45) -> 12 | G45: =COUNTIF('Little Explorers 5-7'!$C:$C,$C45) -> 0 | H45: =COUNTIF('Junior Makers 8-11'!$C:$C,$C45) -> 5 | I45: =COUNTIF('Young Innovators 12-14'!$C:$C,$C45) -> 5 | J45: =COUNTIF('Tech Leaders 15-17'!$C:$C,$C45) -> 2 | K45: =MAX(_xlfn.MAXIFS('Little Explorers 5-7'!$D:$D,'Little Explorers 5-7'!$C:$C,$C45,'Little Explorers 5-7'!$E:$E,"Per group"),_xlfn.MAXIFS('Junior Makers 8-11'!$D:$D,'Junior Makers 8-11'!$C:$C,$C45,'Junior Makers 8-11'!$E:$E,"Per group"),_xlfn.MAXIFS('Young Innovators 12-14'!$D:$D,'Young Innovators 12-14'!$C:$C,$C45,'Young Innovators 12-14'!$E:$E,"Per group"),_xlfn.MAXIFS('Tech Leaders 15-17'!$D:$D,'Tech Leaders 15-17'!$C:$C,$C45,'Tech Leaders 15-17'!$E:$E,"Per group")) -> 1 | L45: =MAX(_xlfn.MAXIFS('Little Explorers 5-7'!$D:$D,'Little Explorers 5-7'!$C:$C,$C45,'Little Explorers 5-7'!$E:$E,"Per class"),_xlfn.MAXIFS('Junior Makers 8-11'!$D:$D,'Junior Makers 8-11'!$C:$C,$C45,'Junior Makers 8-11'!$E:$E,"Per class"),_xlfn.MAXIFS('Young Innovators 12-14'!$D:$D,'Young Innovators 12-14'!$C:$C,$C45,'Young Innovators 12-14'!$E:$E,"Per class"),_xlfn.MAXIFS('Tech Leaders 15-17'!$D:$D,'Tech Leaders 15-17'!$C:$C,$C45,'Tech Leaders 15-17'!$E:$E,"Per class")) -> 0 | M45: JM-02, JM-03, JM-06, JM-07, JM-13, TL-05, TL-08, YI-02, YI-03, YI-08, YI-09, YI-10 | N45: Used in 20+ activities.
A46: 35 | B46: Displays & Output | C46: Low-voltage LED lamp (5 V) | D46: 5 V USB LED lamp or LED strip section | E46: Reusable | F46: =COUNTIF('Little Explorers 5-7'!$C:$C,$C46)+COUNTIF('Junior Makers 8-11'!$C:$C,$C46)+COUNTIF('Young Innovators 12-14'!$C:$C,$C46)+COUNTIF('Tech Leaders 15-17'!$C:$C,$C46) -> 3 | G46: =COUNTIF('Little Explorers 5-7'!$C:$C,$C46) -> 0 | H46: =COUNTIF('Junior Makers 8-11'!$C:$C,$C46) -> 0 | I46: =COUNTIF('Young Innovators 12-14'!$C:$C,$C46) -> 1 | J46: =COUNTIF('Tech Leaders 15-17'!$C:$C,$C46) -> 2 | K46: =MAX(_xlfn.MAXIFS('Little Explorers 5-7'!$D:$D,'Little Explorers 5-7'!$C:$C,$C46,'Little Explorers 5-7'!$E:$E,"Per group"),_xlfn.MAXIFS('Junior Makers 8-11'!$D:$D,'Junior Makers 8-11'!$C:$C,$C46,'Junior Makers 8-11'!$E:$E,"Per group"),_xlfn.MAXIFS('Young Innovators 12-14'!$D:$D,'Young Innovators 12-14'!$C:$C,$C46,'Young Innovators 12-14'!$E:$E,"Per group"),_xlfn.MAXIFS('Tech Leaders 15-17'!$D:$D,'Tech Leaders 15-17'!$C:$C,$C46,'Tech Leaders 15-17'!$E:$E,"Per group")) -> 2 | L46: =MAX(_xlfn.MAXIFS('Little Explorers 5-7'!$D:$D,'Little Explorers 5-7'!$C:$C,$C46,'Little Explorers 5-7'!$E:$E,"Per class"),_xlfn.MAXIFS('Junior Makers 8-11'!$D:$D,'Junior Makers 8-11'!$C:$C,$C46,'Junior Makers 8-11'!$E:$E,"Per class"),_xlfn.MAXIFS('Young Innovators 12-14'!$D:$D,'Young Innovators 12-14'!$C:$C,$C46,'Young Innovators 12-14'!$E:$E,"Per class"),_xlfn.MAXIFS('Tech Leaders 15-17'!$D:$D,'Tech Leaders 15-17'!$C:$C,$C46,'Tech Leaders 15-17'!$E:$E,"Per class")) -> 0 | M46: TL-06, TL-12, YI-03 | N46: Safe relay load.
A47: 36 | B47: Displays & Output | C47: 5 V DC fan | D47: 5 V mini DC fan | E47: Reusable | F47: =COUNTIF('Little Explorers 5-7'!$C:$C,$C47)+COUNTIF('Junior Makers 8-11'!$C:$C,$C47)+COUNTIF('Young Innovators 12-14'!$C:$C,$C47)+COUNTIF('Tech Leaders 15-17'!$C:$C,$C47) -> 2 | G47: =COUNTIF('Little Explorers 5-7'!$C:$C,$C47) -> 0 | H47: =COUNTIF('Junior Makers 8-11'!$C:$C,$C47) -> 0 | I47: =COUNTIF('Young Innovators 12-14'!$C:$C,$C47) -> 0 | J47: =COUNTIF('Tech Leaders 15-17'!$C:$C,$C47) -> 2 | K47: =MAX(_xlfn.MAXIFS('Little Explorers 5-7'!$D:$D,'Little Explorers 5-7'!$C:$C,$C47,'Little Explorers 5-7'!$E:$E,"Per group"),_xlfn.MAXIFS('Junior Makers 8-11'!$D:$D,'Junior Makers 8-11'!$C:$C,$C47,'Junior Makers 8-11'!$E:$E,"Per group"),_xlfn.MAXIFS('Young Innovators 12-14'!$D:$D,'Young Innovators 12-14'!$C:$C,$C47,'Young Innovators 12-14'!$E:$E,"Per group"),_xlfn.MAXIFS('Tech Leaders 15-17'!$D:$D,'Tech Leaders 15-17'!$C:$C,$C47,'Tech Leaders 15-17'!$E:$E,"Per group")) -> 1 | L47: =MAX(_xlfn.MAXIFS('Little Explorers 5-7'!$D:$D,'Little Explorers 5-7'!$C:$C,$C47,'Little Explorers 5-7'!$E:$E,"Per class"),_xlfn.MAXIFS('Junior Makers 8-11'!$D:$D,'Junior Makers 8-11'!$C:$C,$C47,'Junior Makers 8-11'!$E:$E,"Per class"),_xlfn.MAXIFS('Young Innovators 12-14'!$D:$D,'Young Innovators 12-14'!$C:$C,$C47,'Young Innovators 12-14'!$E:$E,"Per class"),_xlfn.MAXIFS('Tech Leaders 15-17'!$D:$D,'Tech Leaders 15-17'!$C:$C,$C47,'Tech Leaders 15-17'!$E:$E,"Per class")) -> 0 | M47: TL-06, TL-14
B48: Passive Components & ICs (10 items)
A49: 37 | B49: Passive Components & ICs | C49: Resistor 220 ohm | D49: 220 ohm 1/4 W | E49: Consumable | F49: =COUNTIF('Little Explorers 5-7'!$C:$C,$C49)+COUNTIF('Junior Makers 8-11'!$C:$C,$C49)+COUNTIF('Young Innovators 12-14'!$C:$C,$C49)+COUNTIF('Tech Leaders 15-17'!$C:$C,$C49) -> 21 | G49: =COUNTIF('Little Explorers 5-7'!$C:$C,$C49) -> 8 | H49: =COUNTIF('Junior Makers 8-11'!$C:$C,$C49) -> 7 | I49: =COUNTIF('Young Innovators 12-14'!$C:$C,$C49) -> 4 | J49: =COUNTIF('Tech Leaders 15-17'!$C:$C,$C49) -> 2 | K49: =MAX(_xlfn.MAXIFS('Little Explorers 5-7'!$D:$D,'Little Explorers 5-7'!$C:$C,$C49,'Little Explorers 5-7'!$E:$E,"Per group"),_xlfn.MAXIFS('Junior Makers 8-11'!$D:$D,'Junior Makers 8-11'!$C:$C,$C49,'Junior Makers 8-11'!$E:$E,"Per group"),_xlfn.MAXIFS('Young Innovators 12-14'!$D:$D,'Young Innovators 12-14'!$C:$C,$C49,'Young Innovators 12-14'!$E:$E,"Per group"),_xlfn.MAXIFS('Tech Leaders 15-17'!$D:$D,'Tech Leaders 15-17'!$C:$C,$C49,'Tech Leaders 15-17'!$E:$E,"Per group")) -> 6 | L49: =MAX(_xlfn.MAXIFS('Little Explorers 5-7'!$D:$D,'Little Explorers 5-7'!$C:$C,$C49,'Little Explorers 5-7'!$E:$E,"Per class"),_xlfn.MAXIFS('Junior Makers 8-11'!$D:$D,'Junior Makers 8-11'!$C:$C,$C49,'Junior Makers 8-11'!$E:$E,"Per class"),_xlfn.MAXIFS('Young Innovators 12-14'!$D:$D,'Young Innovators 12-14'!$C:$C,$C49,'Young Innovators 12-14'!$E:$E,"Per class"),_xlfn.MAXIFS('Tech Leaders 15-17'!$D:$D,'Tech Leaders 15-17'!$C:$C,$C49,'Tech Leaders 15-17'!$E:$E,"Per class")) -> 0 | M49: JM-01, JM-02, JM-04, JM-05, JM-06, JM-09, JM-12, LE-02, LE-04, LE-05, LE-06, LE-07, LE-08, LE-10, LE-12, TL-07, TL-12, YI-01, YI-02, YI-06, YI-08
A50: 38 | B50: Passive Components & ICs | C50: Resistor 1k ohm | D50: 1k ohm 1/4 W | E50: Consumable | F50: =COUNTIF('Little Explorers 5-7'!$C:$C,$C50)+COUNTIF('Junior Makers 8-11'!$C:$C,$C50)+COUNTIF('Young Innovators 12-14'!$C:$C,$C50)+COUNTIF('Tech Leaders 15-17'!$C:$C,$C50) -> 4 | G50: =COUNTIF('Little Explorers 5-7'!$C:$C,$C50) -> 0 | H50: =COUNTIF('Junior Makers 8-11'!$C:$C,$C50) -> 1 | I50: =COUNTIF('Young Innovators 12-14'!$C:$C,$C50) -> 2 | J50: =COUNTIF('Tech Leaders 15-17'!$C:$C,$C50) -> 1 | K50: =MAX(_xlfn.MAXIFS('Little Explorers 5-7'!$D:$D,'Little Explorers 5-7'!$C:$C,$C50,'Little Explorers 5-7'!$E:$E,"Per group"),_xlfn.MAXIFS('Junior Makers 8-11'!$D:$D,'Junior Makers 8-11'!$C:$C,$C50,'Junior Makers 8-11'!$E:$E,"Per group"),_xlfn.MAXIFS('Young Innovators 12-14'!$D:$D,'Young Innovators 12-14'!$C:$C,$C50,'Young Innovators 12-14'!$E:$E,"Per group"),_xlfn.MAXIFS('Tech Leaders 15-17'!$D:$D,'Tech Leaders 15-17'!$C:$C,$C50,'Tech Leaders 15-17'!$E:$E,"Per group")) -> 3 | L50: =MAX(_xlfn.MAXIFS('Little Explorers 5-7'!$D:$D,'Little Explorers 5-7'!$C:$C,$C50,'Little Explorers 5-7'!$E:$E,"Per class"),_xlfn.MAXIFS('Junior Makers 8-11'!$D:$D,'Junior Makers 8-11'!$C:$C,$C50,'Junior Makers 8-11'!$E:$E,"Per class"),_xlfn.MAXIFS('Young Innovators 12-14'!$D:$D,'Young Innovators 12-14'!$C:$C,$C50,'Young Innovators 12-14'!$E:$E,"Per class"),_xlfn.MAXIFS('Tech Leaders 15-17'!$D:$D,'Tech Leaders 15-17'!$C:$C,$C50,'Tech Leaders 15-17'!$E:$E,"Per class")) -> 0 | M50: JM-12, TL-07, YI-01, YI-06
A51: 39 | B51: Passive Components & ICs | C51: Resistor 10k ohm | D51: 10k ohm 1/4 W | E51: Consumable | F51: =COUNTIF('Little Explorers 5-7'!$C:$C,$C51)+COUNTIF('Junior Makers 8-11'!$C:$C,$C51)+COUNTIF('Young Innovators 12-14'!$C:$C,$C51)+COUNTIF('Tech Leaders 15-17'!$C:$C,$C51) -> 19 | G51: =COUNTIF('Little Explorers 5-7'!$C:$C,$C51) -> 4 | H51: =COUNTIF('Junior Makers 8-11'!$C:$C,$C51) -> 6 | I51: =COUNTIF('Young Innovators 12-14'!$C:$C,$C51) -> 4 | J51: =COUNTIF('Tech Leaders 15-17'!$C:$C,$C51) -> 5 | K51: =MAX(_xlfn.MAXIFS('Little Explorers 5-7'!$D:$D,'Little Explorers 5-7'!$C:$C,$C51,'Little Explorers 5-7'!$E:$E,"Per group"),_xlfn.MAXIFS('Junior Makers 8-11'!$D:$D,'Junior Makers 8-11'!$C:$C,$C51,'Junior Makers 8-11'!$E:$E,"Per group"),_xlfn.MAXIFS('Young Innovators 12-14'!$D:$D,'Young Innovators 12-14'!$C:$C,$C51,'Young Innovators 12-14'!$E:$E,"Per group"),_xlfn.MAXIFS('Tech Leaders 15-17'!$D:$D,'Tech Leaders 15-17'!$C:$C,$C51,'Tech Leaders 15-17'!$E:$E,"Per group")) -> 3 | L51: =MAX(_xlfn.MAXIFS('Little Explorers 5-7'!$D:$D,'Little Explorers 5-7'!$C:$C,$C51,'Little Explorers 5-7'!$E:$E,"Per class"),_xlfn.MAXIFS('Junior Makers 8-11'!$D:$D,'Junior Makers 8-11'!$C:$C,$C51,'Junior Makers 8-11'!$E:$E,"Per class"),_xlfn.MAXIFS('Young Innovators 12-14'!$D:$D,'Young Innovators 12-14'!$C:$C,$C51,'Young Innovators 12-14'!$E:$E,"Per class"),_xlfn.MAXIFS('Tech Leaders 15-17'!$D:$D,'Tech Leaders 15-17'!$C:$C,$C51,'Tech Leaders 15-17'!$E:$E,"Per class")) -> 0 | M51: JM-02, JM-03, JM-09, JM-12, JM-13, JM-15, LE-02, LE-06, LE-09, LE-12, TL-01, TL-03, TL-04, TL-07, TL-16, YI-01, YI-06, YI-09, YI-10
A52: 40 | B52: Passive Components & ICs | C52: Capacitor 10 nF | D52: 10 nF ceramic | E52: Consumable | F52: =COUNTIF('Little Explorers 5-7'!$C:$C,$C52)+COUNTIF('Junior Makers 8-11'!$C:$C,$C52)+COUNTIF('Young Innovators 12-14'!$C:$C,$C52)+COUNTIF('Tech Leaders 15-17'!$C:$C,$C52) -> 1 | G52: =COUNTIF('Little Explorers 5-7'!$C:$C,$C52) -> 0 | H52: =COUNTIF('Junior Makers 8-11'!$C:$C,$C52) -> 0 | I52: =COUNTIF('Young Innovators 12-14'!$C:$C,$C52) -> 1 | J52: =COUNTIF('Tech Leaders 15-17'!$C:$C,$C52) -> 0 | K52: =MAX(_xlfn.MAXIFS('Little Explorers 5-7'!$D:$D,'Little Explorers 5-7'!$C:$C,$C52,'Little Explorers 5-7'!$E:$E,"Per group"),_xlfn.MAXIFS('Junior Makers 8-11'!$D:$D,'Junior Makers 8-11'!$C:$C,$C52,'Junior Makers 8-11'!$E:$E,"Per group"),_xlfn.MAXIFS('Young Innovators 12-14'!$D:$D,'Young Innovators 12-14'!$C:$C,$C52,'Young Innovators 12-14'!$E:$E,"Per group"),_xlfn.MAXIFS('Tech Leaders 15-17'!$D:$D,'Tech Leaders 15-17'!$C:$C,$C52,'Tech Leaders 15-17'!$E:$E,"Per group")) -> 1 | L52: =MAX(_xlfn.MAXIFS('Little Explorers 5-7'!$D:$D,'Little Explorers 5-7'!$C:$C,$C52,'Little Explorers 5-7'!$E:$E,"Per class"),_xlfn.MAXIFS('Junior Makers 8-11'!$D:$D,'Junior Makers 8-11'!$C:$C,$C52,'Junior Makers 8-11'!$E:$E,"Per class"),_xlfn.MAXIFS('Young Innovators 12-14'!$D:$D,'Young Innovators 12-14'!$C:$C,$C52,'Young Innovators 12-14'!$E:$E,"Per class"),_xlfn.MAXIFS('Tech Leaders 15-17'!$D:$D,'Tech Leaders 15-17'!$C:$C,$C52,'Tech Leaders 15-17'!$E:$E,"Per class")) -> 0 | M52: YI-01
A53: 41 | B53: Passive Components & ICs | C53: Capacitor 10 uF | D53: 10 uF electrolytic | E53: Consumable | F53: =COUNTIF('Little Explorers 5-7'!$C:$C,$C53)+COUNTIF('Junior Makers 8-11'!$C:$C,$C53)+COUNTIF('Young Innovators 12-14'!$C:$C,$C53)+COUNTIF('Tech Leaders 15-17'!$C:$C,$C53) -> 2 | G53: =COUNTIF('Little Explorers 5-7'!$C:$C,$C53) -> 0 | H53: =COUNTIF('Junior Makers 8-11'!$C:$C,$C53) -> 0 | I53: =COUNTIF('Young Innovators 12-14'!$C:$C,$C53) -> 2 | J53: =COUNTIF('Tech Leaders 15-17'!$C:$C,$C53) -> 0 | K53: =MAX(_xlfn.MAXIFS('Little Explorers 5-7'!$D:$D,'Little Explorers 5-7'!$C:$C,$C53,'Little Explorers 5-7'!$E:$E,"Per group"),_xlfn.MAXIFS('Junior Makers 8-11'!$D:$D,'Junior Makers 8-11'!$C:$C,$C53,'Junior Makers 8-11'!$E:$E,"Per group"),_xlfn.MAXIFS('Young Innovators 12-14'!$D:$D,'Young Innovators 12-14'!$C:$C,$C53,'Young Innovators 12-14'!$E:$E,"Per group"),_xlfn.MAXIFS('Tech Leaders 15-17'!$D:$D,'Tech Leaders 15-17'!$C:$C,$C53,'Tech Leaders 15-17'!$E:$E,"Per group")) -> 2 | L53: =MAX(_xlfn.MAXIFS('Little Explorers 5-7'!$D:$D,'Little Explorers 5-7'!$C:$C,$C53,'Little Explorers 5-7'!$E:$E,"Per class"),_xlfn.MAXIFS('Junior Makers 8-11'!$D:$D,'Junior Makers 8-11'!$C:$C,$C53,'Junior Makers 8-11'!$E:$E,"Per class"),_xlfn.MAXIFS('Young Innovators 12-14'!$D:$D,'Young Innovators 12-14'!$C:$C,$C53,'Young Innovators 12-14'!$E:$E,"Per class"),_xlfn.MAXIFS('Tech Leaders 15-17'!$D:$D,'Tech Leaders 15-17'!$C:$C,$C53,'Tech Leaders 15-17'!$E:$E,"Per class")) -> 0 | M53: YI-01, YI-10
A54: 42 | B54: Passive Components & ICs | C54: Capacitor 100 uF | D54: 100 uF electrolytic | E54: Consumable | F54: =COUNTIF('Little Explorers 5-7'!$C:$C,$C54)+COUNTIF('Junior Makers 8-11'!$C:$C,$C54)+COUNTIF('Young Innovators 12-14'!$C:$C,$C54)+COUNTIF('Tech Leaders 15-17'!$C:$C,$C54) -> 1 | G54: =COUNTIF('Little Explorers 5-7'!$C:$C,$C54) -> 0 | H54: =COUNTIF('Junior Makers 8-11'!$C:$C,$C54) -> 0 | I54: =COUNTIF('Young Innovators 12-14'!$C:$C,$C54) -> 1 | J54: =COUNTIF('Tech Leaders 15-17'!$C:$C,$C54) -> 0 | K54: =MAX(_xlfn.MAXIFS('Little Explorers 5-7'!$D:$D,'Little Explorers 5-7'!$C:$C,$C54,'Little Explorers 5-7'!$E:$E,"Per group"),_xlfn.MAXIFS('Junior Makers 8-11'!$D:$D,'Junior Makers 8-11'!$C:$C,$C54,'Junior Makers 8-11'!$E:$E,"Per group"),_xlfn.MAXIFS('Young Innovators 12-14'!$D:$D,'Young Innovators 12-14'!$C:$C,$C54,'Young Innovators 12-14'!$E:$E,"Per group"),_xlfn.MAXIFS('Tech Leaders 15-17'!$D:$D,'Tech Leaders 15-17'!$C:$C,$C54,'Tech Leaders 15-17'!$E:$E,"Per group")) -> 1 | L54: =MAX(_xlfn.MAXIFS('Little Explorers 5-7'!$D:$D,'Little Explorers 5-7'!$C:$C,$C54,'Little Explorers 5-7'!$E:$E,"Per class"),_xlfn.MAXIFS('Junior Makers 8-11'!$D:$D,'Junior Makers 8-11'!$C:$C,$C54,'Junior Makers 8-11'!$E:$E,"Per class"),_xlfn.MAXIFS('Young Innovators 12-14'!$D:$D,'Young Innovators 12-14'!$C:$C,$C54,'Young Innovators 12-14'!$E:$E,"Per class"),_xlfn.MAXIFS('Tech Leaders 15-17'!$D:$D,'Tech Leaders 15-17'!$C:$C,$C54,'Tech Leaders 15-17'!$E:$E,"Per class")) -> 0 | M54: YI-01
A55: 43 | B55: Passive Components & ICs | C55: 555 timer IC | D55: NE555 timer IC | E55: Consumable | F55: =COUNTIF('Little Explorers 5-7'!$C:$C,$C55)+COUNTIF('Junior Makers 8-11'!$C:$C,$C55)+COUNTIF('Young Innovators 12-14'!$C:$C,$C55)+COUNTIF('Tech Leaders 15-17'!$C:$C,$C55) -> 1 | G55: =COUNTIF('Little Explorers 5-7'!$C:$C,$C55) -> 0 | H55: =COUNTIF('Junior Makers 8-11'!$C:$C,$C55) -> 0 | I55: =COUNTIF('Young Innovators 12-14'!$C:$C,$C55) -> 1 | J55: =COUNTIF('Tech Leaders 15-17'!$C:$C,$C55) -> 0 | K55: =MAX(_xlfn.MAXIFS('Little Explorers 5-7'!$D:$D,'Little Explorers 5-7'!$C:$C,$C55,'Little Explorers 5-7'!$E:$E,"Per group"),_xlfn.MAXIFS('Junior Makers 8-11'!$D:$D,'Junior Makers 8-11'!$C:$C,$C55,'Junior Makers 8-11'!$E:$E,"Per group"),_xlfn.MAXIFS('Young Innovators 12-14'!$D:$D,'Young Innovators 12-14'!$C:$C,$C55,'Young Innovators 12-14'!$E:$E,"Per group"),_xlfn.MAXIFS('Tech Leaders 15-17'!$D:$D,'Tech Leaders 15-17'!$C:$C,$C55,'Tech Leaders 15-17'!$E:$E,"Per group")) -> 1 | L55: =MAX(_xlfn.MAXIFS('Little Explorers 5-7'!$D:$D,'Little Explorers 5-7'!$C:$C,$C55,'Little Explorers 5-7'!$E:$E,"Per class"),_xlfn.MAXIFS('Junior Makers 8-11'!$D:$D,'Junior Makers 8-11'!$C:$C,$C55,'Junior Makers 8-11'!$E:$E,"Per class"),_xlfn.MAXIFS('Young Innovators 12-14'!$D:$D,'Young Innovators 12-14'!$C:$C,$C55,'Young Innovators 12-14'!$E:$E,"Per class"),_xlfn.MAXIFS('Tech Leaders 15-17'!$D:$D,'Tech Leaders 15-17'!$C:$C,$C55,'Tech Leaders 15-17'!$E:$E,"Per class")) -> 0 | M55: YI-01
A56: 44 | B56: Passive Components & ICs | C56: Potentiometer 10k | D56: 10k rotary potentiometer | E56: Reusable | F56: =COUNTIF('Little Explorers 5-7'!$C:$C,$C56)+COUNTIF('Junior Makers 8-11'!$C:$C,$C56)+COUNTIF('Young Innovators 12-14'!$C:$C,$C56)+COUNTIF('Tech Leaders 15-17'!$C:$C,$C56) -> 4 | G56: =COUNTIF('Little Explorers 5-7'!$C:$C,$C56) -> 0 | H56: =COUNTIF('Junior Makers 8-11'!$C:$C,$C56) -> 2 | I56: =COUNTIF('Young Innovators 12-14'!$C:$C,$C56) -> 1 | J56: =COUNTIF('Tech Leaders 15-17'!$C:$C,$C56) -> 1 | K56: =MAX(_xlfn.MAXIFS('Little Explorers 5-7'!$D:$D,'Little Explorers 5-7'!$C:$C,$C56,'Little Explorers 5-7'!$E:$E,"Per group"),_xlfn.MAXIFS('Junior Makers 8-11'!$D:$D,'Junior Makers 8-11'!$C:$C,$C56,'Junior Makers 8-11'!$E:$E,"Per group"),_xlfn.MAXIFS('Young Innovators 12-14'!$D:$D,'Young Innovators 12-14'!$C:$C,$C56,'Young Innovators 12-14'!$E:$E,"Per group"),_xlfn.MAXIFS('Tech Leaders 15-17'!$D:$D,'Tech Leaders 15-17'!$C:$C,$C56,'Tech Leaders 15-17'!$E:$E,"Per group")) -> 4 | L56: =MAX(_xlfn.MAXIFS('Little Explorers 5-7'!$D:$D,'Little Explorers 5-7'!$C:$C,$C56,'Little Explorers 5-7'!$E:$E,"Per class"),_xlfn.MAXIFS('Junior Makers 8-11'!$D:$D,'Junior Makers 8-11'!$C:$C,$C56,'Junior Makers 8-11'!$E:$E,"Per class"),_xlfn.MAXIFS('Young Innovators 12-14'!$D:$D,'Young Innovators 12-14'!$C:$C,$C56,'Young Innovators 12-14'!$E:$E,"Per class"),_xlfn.MAXIFS('Tech Leaders 15-17'!$D:$D,'Tech Leaders 15-17'!$C:$C,$C56,'Tech Leaders 15-17'!$E:$E,"Per class")) -> 0 | M56: JM-07, JM-15, TL-03, YI-01
A57: 45 | B57: Passive Components & ICs | C57: Push button | D57: 12 mm tactile push button with cap | E57: Reusable | F57: =COUNTIF('Little Explorers 5-7'!$C:$C,$C57)+COUNTIF('Junior Makers 8-11'!$C:$C,$C57)+COUNTIF('Young Innovators 12-14'!$C:$C,$C57)+COUNTIF('Tech Leaders 15-17'!$C:$C,$C57) -> 12 | G57: =COUNTIF('Little Explorers 5-7'!$C:$C,$C57) -> 3 | H57: =COUNTIF('Junior Makers 8-11'!$C:$C,$C57) -> 4 | I57: =COUNTIF('Young Innovators 12-14'!$C:$C,$C57) -> 2 | J57: =COUNTIF('Tech Leaders 15-17'!$C:$C,$C57) -> 3 | K57: =MAX(_xlfn.MAXIFS('Little Explorers 5-7'!$D:$D,'Little Explorers 5-7'!$C:$C,$C57,'Little Explorers 5-7'!$E:$E,"Per group"),_xlfn.MAXIFS('Junior Makers 8-11'!$D:$D,'Junior Makers 8-11'!$C:$C,$C57,'Junior Makers 8-11'!$E:$E,"Per group"),_xlfn.MAXIFS('Young Innovators 12-14'!$D:$D,'Young Innovators 12-14'!$C:$C,$C57,'Young Innovators 12-14'!$E:$E,"Per group"),_xlfn.MAXIFS('Tech Leaders 15-17'!$D:$D,'Tech Leaders 15-17'!$C:$C,$C57,'Tech Leaders 15-17'!$E:$E,"Per group")) -> 3 | L57: =MAX(_xlfn.MAXIFS('Little Explorers 5-7'!$D:$D,'Little Explorers 5-7'!$C:$C,$C57,'Little Explorers 5-7'!$E:$E,"Per class"),_xlfn.MAXIFS('Junior Makers 8-11'!$D:$D,'Junior Makers 8-11'!$C:$C,$C57,'Junior Makers 8-11'!$E:$E,"Per class"),_xlfn.MAXIFS('Young Innovators 12-14'!$D:$D,'Young Innovators 12-14'!$C:$C,$C57,'Young Innovators 12-14'!$E:$E,"Per class"),_xlfn.MAXIFS('Tech Leaders 15-17'!$D:$D,'Tech Leaders 15-17'!$C:$C,$C57,'Tech Leaders 15-17'!$E:$E,"Per class")) -> 0 | M57: JM-02, JM-09, JM-13, JM-15, LE-02, LE-09, LE-12, TL-03, TL-04, TL-16, YI-07, YI-10
A58: 46 | B58: Passive Components & ICs | C58: Slide switch | D58: SPDT slide switch | E58: Reusable | F58: =COUNTIF('Little Explorers 5-7'!$C:$C,$C58)+COUNTIF('Junior Makers 8-11'!$C:$C,$C58)+COUNTIF('Young Innovators 12-14'!$C:$C,$C58)+COUNTIF('Tech Leaders 15-17'!$C:$C,$C58) -> 1 | G58: =COUNTIF('Little Explorers 5-7'!$C:$C,$C58) -> 0 | H58: =COUNTIF('Junior Makers 8-11'!$C:$C,$C58) -> 1 | I58: =COUNTIF('Young Innovators 12-14'!$C:$C,$C58) -> 0 | J58: =COUNTIF('Tech Leaders 15-17'!$C:$C,$C58) -> 0 | K58: =MAX(_xlfn.MAXIFS('Little Explorers 5-7'!$D:$D,'Little Explorers 5-7'!$C:$C,$C58,'Little Explorers 5-7'!$E:$E,"Per group"),_xlfn.MAXIFS('Junior Makers 8-11'!$D:$D,'Junior Makers 8-11'!$C:$C,$C58,'Junior Makers 8-11'!$E:$E,"Per group"),_xlfn.MAXIFS('Young Innovators 12-14'!$D:$D,'Young Innovators 12-14'!$C:$C,$C58,'Young Innovators 12-14'!$E:$E,"Per group"),_xlfn.MAXIFS('Tech Leaders 15-17'!$D:$D,'Tech Leaders 15-17'!$C:$C,$C58,'Tech Leaders 15-17'!$E:$E,"Per group")) -> 2 | L58: =MAX(_xlfn.MAXIFS('Little Explorers 5-7'!$D:$D,'Little Explorers 5-7'!$C:$C,$C58,'Little Explorers 5-7'!$E:$E,"Per class"),_xlfn.MAXIFS('Junior Makers 8-11'!$D:$D,'Junior Makers 8-11'!$C:$C,$C58,'Junior Makers 8-11'!$E:$E,"Per class"),_xlfn.MAXIFS('Young Innovators 12-14'!$D:$D,'Young Innovators 12-14'!$C:$C,$C58,'Young Innovators 12-14'!$E:$E,"Per class"),_xlfn.MAXIFS('Tech Leaders 15-17'!$D:$D,'Tech Leaders 15-17'!$C:$C,$C58,'Tech Leaders 15-17'!$E:$E,"Per class")) -> 0 | M58: JM-01
B59: Power (7 items)
A60: 47 | B60: Power | C60: Coin cell CR2032 | D60: CR2032 3 V coin cell | E60: Consumable | F60: =COUNTIF('Little Explorers 5-7'!$C:$C,$C60)+COUNTIF('Junior Makers 8-11'!$C:$C,$C60)+COUNTIF('Young Innovators 12-14'!$C:$C,$C60)+COUNTIF('Tech Leaders 15-17'!$C:$C,$C60) -> 2 | G60: =COUNTIF('Little Explorers 5-7'!$C:$C,$C60) -> 2 | H60: =COUNTIF('Junior Makers 8-11'!$C:$C,$C60) -> 0 | I60: =COUNTIF('Young Innovators 12-14'!$C:$C,$C60) -> 0 | J60: =COUNTIF('Tech Leaders 15-17'!$C:$C,$C60) -> 0 | K60: =MAX(_xlfn.MAXIFS('Little Explorers 5-7'!$D:$D,'Little Explorers 5-7'!$C:$C,$C60,'Little Explorers 5-7'!$E:$E,"Per group"),_xlfn.MAXIFS('Junior Makers 8-11'!$D:$D,'Junior Makers 8-11'!$C:$C,$C60,'Junior Makers 8-11'!$E:$E,"Per group"),_xlfn.MAXIFS('Young Innovators 12-14'!$D:$D,'Young Innovators 12-14'!$C:$C,$C60,'Young Innovators 12-14'!$E:$E,"Per group"),_xlfn.MAXIFS('Tech Leaders 15-17'!$D:$D,'Tech Leaders 15-17'!$C:$C,$C60,'Tech Leaders 15-17'!$E:$E,"Per group")) -> 1 | L60: =MAX(_xlfn.MAXIFS('Little Explorers 5-7'!$D:$D,'Little Explorers 5-7'!$C:$C,$C60,'Little Explorers 5-7'!$E:$E,"Per class"),_xlfn.MAXIFS('Junior Makers 8-11'!$D:$D,'Junior Makers 8-11'!$C:$C,$C60,'Junior Makers 8-11'!$E:$E,"Per class"),_xlfn.MAXIFS('Young Innovators 12-14'!$D:$D,'Young Innovators 12-14'!$C:$C,$C60,'Young Innovators 12-14'!$E:$E,"Per class"),_xlfn.MAXIFS('Tech Leaders 15-17'!$D:$D,'Tech Leaders 15-17'!$C:$C,$C60,'Tech Leaders 15-17'!$E:$E,"Per class")) -> 0 | M60: LE-01, LE-11
A61: 48 | B61: Power | C61: 9V battery + snap | D61: 9 V battery with snap connector | E61: Consumable | F61: =COUNTIF('Little Explorers 5-7'!$C:$C,$C61)+COUNTIF('Junior Makers 8-11'!$C:$C,$C61)+COUNTIF('Young Innovators 12-14'!$C:$C,$C61)+COUNTIF('Tech Leaders 15-17'!$C:$C,$C61) -> 2 | G61: =COUNTIF('Little Explorers 5-7'!$C:$C,$C61) -> 0 | H61: =COUNTIF('Junior Makers 8-11'!$C:$C,$C61) -> 1 | I61: =COUNTIF('Young Innovators 12-14'!$C:$C,$C61) -> 1 | J61: =COUNTIF('Tech Leaders 15-17'!$C:$C,$C61) -> 0 | K61: =MAX(_xlfn.MAXIFS('Little Explorers 5-7'!$D:$D,'Little Explorers 5-7'!$C:$C,$C61,'Little Explorers 5-7'!$E:$E,"Per group"),_xlfn.MAXIFS('Junior Makers 8-11'!$D:$D,'Junior Makers 8-11'!$C:$C,$C61,'Junior Makers 8-11'!$E:$E,"Per group"),_xlfn.MAXIFS('Young Innovators 12-14'!$D:$D,'Young Innovators 12-14'!$C:$C,$C61,'Young Innovators 12-14'!$E:$E,"Per group"),_xlfn.MAXIFS('Tech Leaders 15-17'!$D:$D,'Tech Leaders 15-17'!$C:$C,$C61,'Tech Leaders 15-17'!$E:$E,"Per group")) -> 1 | L61: =MAX(_xlfn.MAXIFS('Little Explorers 5-7'!$D:$D,'Little Explorers 5-7'!$C:$C,$C61,'Little Explorers 5-7'!$E:$E,"Per class"),_xlfn.MAXIFS('Junior Makers 8-11'!$D:$D,'Junior Makers 8-11'!$C:$C,$C61,'Junior Makers 8-11'!$E:$E,"Per class"),_xlfn.MAXIFS('Young Innovators 12-14'!$D:$D,'Young Innovators 12-14'!$C:$C,$C61,'Young Innovators 12-14'!$E:$E,"Per class"),_xlfn.MAXIFS('Tech Leaders 15-17'!$D:$D,'Tech Leaders 15-17'!$C:$C,$C61,'Tech Leaders 15-17'!$E:$E,"Per class")) -> 0 | M61: JM-01, YI-01
A62: 49 | B62: Power | C62: 4xAA battery pack | D62: 4xAA holder with switch + batteries | E62: Consumable | F62: =COUNTIF('Little Explorers 5-7'!$C:$C,$C62)+COUNTIF('Junior Makers 8-11'!$C:$C,$C62)+COUNTIF('Young Innovators 12-14'!$C:$C,$C62)+COUNTIF('Tech Leaders 15-17'!$C:$C,$C62) -> 10 | G62: =COUNTIF('Little Explorers 5-7'!$C:$C,$C62) -> 0 | H62: =COUNTIF('Junior Makers 8-11'!$C:$C,$C62) -> 2 | I62: =COUNTIF('Young Innovators 12-14'!$C:$C,$C62) -> 5 | J62: =COUNTIF('Tech Leaders 15-17'!$C:$C,$C62) -> 3 | K62: =MAX(_xlfn.MAXIFS('Little Explorers 5-7'!$D:$D,'Little Explorers 5-7'!$C:$C,$C62,'Little Explorers 5-7'!$E:$E,"Per group"),_xlfn.MAXIFS('Junior Makers 8-11'!$D:$D,'Junior Makers 8-11'!$C:$C,$C62,'Junior Makers 8-11'!$E:$E,"Per group"),_xlfn.MAXIFS('Young Innovators 12-14'!$D:$D,'Young Innovators 12-14'!$C:$C,$C62,'Young Innovators 12-14'!$E:$E,"Per group"),_xlfn.MAXIFS('Tech Leaders 15-17'!$D:$D,'Tech Leaders 15-17'!$C:$C,$C62,'Tech Leaders 15-17'!$E:$E,"Per group")) -> 1 | L62: =MAX(_xlfn.MAXIFS('Little Explorers 5-7'!$D:$D,'Little Explorers 5-7'!$C:$C,$C62,'Little Explorers 5-7'!$E:$E,"Per class"),_xlfn.MAXIFS('Junior Makers 8-11'!$D:$D,'Junior Makers 8-11'!$C:$C,$C62,'Junior Makers 8-11'!$E:$E,"Per class"),_xlfn.MAXIFS('Young Innovators 12-14'!$D:$D,'Young Innovators 12-14'!$C:$C,$C62,'Young Innovators 12-14'!$E:$E,"Per class"),_xlfn.MAXIFS('Tech Leaders 15-17'!$D:$D,'Tech Leaders 15-17'!$C:$C,$C62,'Tech Leaders 15-17'!$E:$E,"Per class")) -> 0 | M62: JM-07, JM-11, TL-02, TL-03, TL-14, YI-04, YI-05, YI-06, YI-07, YI-11 | N62: Rechargeable AA cells recommended.
A63: 50 | B63: Power | C63: 18650 cell + holder | D63: 18650 Li-ion cell with holder | E63: Reusable | F63: =COUNTIF('Little Explorers 5-7'!$C:$C,$C63)+COUNTIF('Junior Makers 8-11'!$C:$C,$C63)+COUNTIF('Young Innovators 12-14'!$C:$C,$C63)+COUNTIF('Tech Leaders 15-17'!$C:$C,$C63) -> 3 | G63: =COUNTIF('Little Explorers 5-7'!$C:$C,$C63) -> 0 | H63: =COUNTIF('Junior Makers 8-11'!$C:$C,$C63) -> 0 | I63: =COUNTIF('Young Innovators 12-14'!$C:$C,$C63) -> 1 | J63: =COUNTIF('Tech Leaders 15-17'!$C:$C,$C63) -> 2 | K63: =MAX(_xlfn.MAXIFS('Little Explorers 5-7'!$D:$D,'Little Explorers 5-7'!$C:$C,$C63,'Little Explorers 5-7'!$E:$E,"Per group"),_xlfn.MAXIFS('Junior Makers 8-11'!$D:$D,'Junior Makers 8-11'!$C:$C,$C63,'Junior Makers 8-11'!$E:$E,"Per group"),_xlfn.MAXIFS('Young Innovators 12-14'!$D:$D,'Young Innovators 12-14'!$C:$C,$C63,'Young Innovators 12-14'!$E:$E,"Per group"),_xlfn.MAXIFS('Tech Leaders 15-17'!$D:$D,'Tech Leaders 15-17'!$C:$C,$C63,'Tech Leaders 15-17'!$E:$E,"Per group")) -> 1 | L63: =MAX(_xlfn.MAXIFS('Little Explorers 5-7'!$D:$D,'Little Explorers 5-7'!$C:$C,$C63,'Little Explorers 5-7'!$E:$E,"Per class"),_xlfn.MAXIFS('Junior Makers 8-11'!$D:$D,'Junior Makers 8-11'!$C:$C,$C63,'Junior Makers 8-11'!$E:$E,"Per class"),_xlfn.MAXIFS('Young Innovators 12-14'!$D:$D,'Young Innovators 12-14'!$C:$C,$C63,'Young Innovators 12-14'!$E:$E,"Per class"),_xlfn.MAXIFS('Tech Leaders 15-17'!$D:$D,'Tech Leaders 15-17'!$C:$C,$C63,'Tech Leaders 15-17'!$E:$E,"Per class")) -> 0 | M63: TL-01, TL-04, YI-09 | N63: Teacher-supervised; protected cells only.
A64: 51 | B64: Power | C64: TP4056 charger module | D64: TP4056 Li-ion charger with protection | E64: Reusable | F64: =COUNTIF('Little Explorers 5-7'!$C:$C,$C64)+COUNTIF('Junior Makers 8-11'!$C:$C,$C64)+COUNTIF('Young Innovators 12-14'!$C:$C,$C64)+COUNTIF('Tech Leaders 15-17'!$C:$C,$C64) -> 2 | G64: =COUNTIF('Little Explorers 5-7'!$C:$C,$C64) -> 0 | H64: =COUNTIF('Junior Makers 8-11'!$C:$C,$C64) -> 0 | I64: =COUNTIF('Young Innovators 12-14'!$C:$C,$C64) -> 1 | J64: =COUNTIF('Tech Leaders 15-17'!$C:$C,$C64) -> 1 | K64: =MAX(_xlfn.MAXIFS('Little Explorers 5-7'!$D:$D,'Little Explorers 5-7'!$C:$C,$C64,'Little Explorers 5-7'!$E:$E,"Per group"),_xlfn.MAXIFS('Junior Makers 8-11'!$D:$D,'Junior Makers 8-11'!$C:$C,$C64,'Junior Makers 8-11'!$E:$E,"Per group"),_xlfn.MAXIFS('Young Innovators 12-14'!$D:$D,'Young Innovators 12-14'!$C:$C,$C64,'Young Innovators 12-14'!$E:$E,"Per group"),_xlfn.MAXIFS('Tech Leaders 15-17'!$D:$D,'Tech Leaders 15-17'!$C:$C,$C64,'Tech Leaders 15-17'!$E:$E,"Per group")) -> 1 | L64: =MAX(_xlfn.MAXIFS('Little Explorers 5-7'!$D:$D,'Little Explorers 5-7'!$C:$C,$C64,'Little Explorers 5-7'!$E:$E,"Per class"),_xlfn.MAXIFS('Junior Makers 8-11'!$D:$D,'Junior Makers 8-11'!$C:$C,$C64,'Junior Makers 8-11'!$E:$E,"Per class"),_xlfn.MAXIFS('Young Innovators 12-14'!$D:$D,'Young Innovators 12-14'!$C:$C,$C64,'Young Innovators 12-14'!$E:$E,"Per class"),_xlfn.MAXIFS('Tech Leaders 15-17'!$D:$D,'Tech Leaders 15-17'!$C:$C,$C64,'Tech Leaders 15-17'!$E:$E,"Per class")) -> 0 | M64: TL-01, YI-09
A65: 52 | B65: Power | C65: LM2596 buck converter | D65: LM2596 adjustable step-down module | E65: Reusable | F65: =COUNTIF('Little Explorers 5-7'!$C:$C,$C65)+COUNTIF('Junior Makers 8-11'!$C:$C,$C65)+COUNTIF('Young Innovators 12-14'!$C:$C,$C65)+COUNTIF('Tech Leaders 15-17'!$C:$C,$C65) -> 2 | G65: =COUNTIF('Little Explorers 5-7'!$C:$C,$C65) -> 0 | H65: =COUNTIF('Junior Makers 8-11'!$C:$C,$C65) -> 0 | I65: =COUNTIF('Young Innovators 12-14'!$C:$C,$C65) -> 1 | J65: =COUNTIF('Tech Leaders 15-17'!$C:$C,$C65) -> 1 | K65: =MAX(_xlfn.MAXIFS('Little Explorers 5-7'!$D:$D,'Little Explorers 5-7'!$C:$C,$C65,'Little Explorers 5-7'!$E:$E,"Per group"),_xlfn.MAXIFS('Junior Makers 8-11'!$D:$D,'Junior Makers 8-11'!$C:$C,$C65,'Junior Makers 8-11'!$E:$E,"Per group"),_xlfn.MAXIFS('Young Innovators 12-14'!$D:$D,'Young Innovators 12-14'!$C:$C,$C65,'Young Innovators 12-14'!$E:$E,"Per group"),_xlfn.MAXIFS('Tech Leaders 15-17'!$D:$D,'Tech Leaders 15-17'!$C:$C,$C65,'Tech Leaders 15-17'!$E:$E,"Per group")) -> 1 | L65: =MAX(_xlfn.MAXIFS('Little Explorers 5-7'!$D:$D,'Little Explorers 5-7'!$C:$C,$C65,'Little Explorers 5-7'!$E:$E,"Per class"),_xlfn.MAXIFS('Junior Makers 8-11'!$D:$D,'Junior Makers 8-11'!$C:$C,$C65,'Junior Makers 8-11'!$E:$E,"Per class"),_xlfn.MAXIFS('Young Innovators 12-14'!$D:$D,'Young Innovators 12-14'!$C:$C,$C65,'Young Innovators 12-14'!$E:$E,"Per class"),_xlfn.MAXIFS('Tech Leaders 15-17'!$D:$D,'Tech Leaders 15-17'!$C:$C,$C65,'Tech Leaders 15-17'!$E:$E,"Per class")) -> 0 | M65: TL-03, YI-09
A66: 53 | B66: Power | C66: Small solar panel | D66: 5-6 V 1 W mini solar panel with leads | E66: Reusable | F66: =COUNTIF('Little Explorers 5-7'!$C:$C,$C66)+COUNTIF('Junior Makers 8-11'!$C:$C,$C66)+COUNTIF('Young Innovators 12-14'!$C:$C,$C66)+COUNTIF('Tech Leaders 15-17'!$C:$C,$C66) -> 2 | G66: =COUNTIF('Little Explorers 5-7'!$C:$C,$C66) -> 0 | H66: =COUNTIF('Junior Makers 8-11'!$C:$C,$C66) -> 1 | I66: =COUNTIF('Young Innovators 12-14'!$C:$C,$C66) -> 0 | J66: =COUNTIF('Tech Leaders 15-17'!$C:$C,$C66) -> 1 | K66: =MAX(_xlfn.MAXIFS('Little Explorers 5-7'!$D:$D,'Little Explorers 5-7'!$C:$C,$C66,'Little Explorers 5-7'!$E:$E,"Per group"),_xlfn.MAXIFS('Junior Makers 8-11'!$D:$D,'Junior Makers 8-11'!$C:$C,$C66,'Junior Makers 8-11'!$E:$E,"Per group"),_xlfn.MAXIFS('Young Innovators 12-14'!$D:$D,'Young Innovators 12-14'!$C:$C,$C66,'Young Innovators 12-14'!$E:$E,"Per group"),_xlfn.MAXIFS('Tech Leaders 15-17'!$D:$D,'Tech Leaders 15-17'!$C:$C,$C66,'Tech Leaders 15-17'!$E:$E,"Per group")) -> 1 | L66: =MAX(_xlfn.MAXIFS('Little Explorers 5-7'!$D:$D,'Little Explorers 5-7'!$C:$C,$C66,'Little Explorers 5-7'!$E:$E,"Per class"),_xlfn.MAXIFS('Junior Makers 8-11'!$D:$D,'Junior Makers 8-11'!$C:$C,$C66,'Junior Makers 8-11'!$E:$E,"Per class"),_xlfn.MAXIFS('Young Innovators 12-14'!$D:$D,'Young Innovators 12-14'!$C:$C,$C66,'Young Innovators 12-14'!$E:$E,"Per class"),_xlfn.MAXIFS('Tech Leaders 15-17'!$D:$D,'Tech Leaders 15-17'!$C:$C,$C66,'Tech Leaders 15-17'!$E:$E,"Per class")) -> 0 | M66: JM-08, TL-01
B67: Wiring & Prototyping (6 items)
A68: 54 | B68: Wiring & Prototyping | C68: Breadboard (half size) | D68: 400-point breadboard | E68: Reusable | F68: =COUNTIF('Little Explorers 5-7'!$C:$C,$C68)+COUNTIF('Junior Makers 8-11'!$C:$C,$C68)+COUNTIF('Young Innovators 12-14'!$C:$C,$C68)+COUNTIF('Tech Leaders 15-17'!$C:$C,$C68) -> 40 | G68: =COUNTIF('Little Explorers 5-7'!$C:$C,$C68) -> 9 | H68: =COUNTIF('Junior Makers 8-11'!$C:$C,$C68) -> 12 | I68: =COUNTIF('Young Innovators 12-14'!$C:$C,$C68) -> 8 | J68: =COUNTIF('Tech Leaders 15-17'!$C:$C,$C68) -> 11 | K68: =MAX(_xlfn.MAXIFS('Little Explorers 5-7'!$D:$D,'Little Explorers 5-7'!$C:$C,$C68,'Little Explorers 5-7'!$E:$E,"Per group"),_xlfn.MAXIFS('Junior Makers 8-11'!$D:$D,'Junior Makers 8-11'!$C:$C,$C68,'Junior Makers 8-11'!$E:$E,"Per group"),_xlfn.MAXIFS('Young Innovators 12-14'!$D:$D,'Young Innovators 12-14'!$C:$C,$C68,'Young Innovators 12-14'!$E:$E,"Per group"),_xlfn.MAXIFS('Tech Leaders 15-17'!$D:$D,'Tech Leaders 15-17'!$C:$C,$C68,'Tech Leaders 15-17'!$E:$E,"Per group")) -> 4 | L68: =MAX(_xlfn.MAXIFS('Little Explorers 5-7'!$D:$D,'Little Explorers 5-7'!$C:$C,$C68,'Little Explorers 5-7'!$E:$E,"Per class"),_xlfn.MAXIFS('Junior Makers 8-11'!$D:$D,'Junior Makers 8-11'!$C:$C,$C68,'Junior Makers 8-11'!$E:$E,"Per class"),_xlfn.MAXIFS('Young Innovators 12-14'!$D:$D,'Young Innovators 12-14'!$C:$C,$C68,'Young Innovators 12-14'!$E:$E,"Per class"),_xlfn.MAXIFS('Tech Leaders 15-17'!$D:$D,'Tech Leaders 15-17'!$C:$C,$C68,'Tech Leaders 15-17'!$E:$E,"Per class")) -> 0 | M68: JM-01, JM-02, JM-03, JM-04, JM-05, JM-06, JM-07, JM-08, JM-09, JM-12, JM-13, JM-15, LE-02, LE-04, LE-05, LE-06, LE-07, LE-08, LE-09, LE-10, LE-12, TL-01, TL-03, TL-04, TL-05, TL-06, TL-07, TL-08, TL-09, TL-10, TL-12, TL-16, YI-01, YI-02, YI-03, YI-07, YI-08, YI-09, YI-10, YI-11
A69: 55 | B69: Wiring & Prototyping | C69: Jumper wires M-M | D69: 20 cm male-male jumper wires | E69: Reusable | F69: =COUNTIF('Little Explorers 5-7'!$C:$C,$C69)+COUNTIF('Junior Makers 8-11'!$C:$C,$C69)+COUNTIF('Young Innovators 12-14'!$C:$C,$C69)+COUNTIF('Tech Leaders 15-17'!$C:$C,$C69) -> 46 | G69: =COUNTIF('Little Explorers 5-7'!$C:$C,$C69) -> 9 | H69: =COUNTIF('Junior Makers 8-11'!$C:$C,$C69) -> 13 | I69: =COUNTIF('Young Innovators 12-14'!$C:$C,$C69) -> 11 | J69: =COUNTIF('Tech Leaders 15-17'!$C:$C,$C69) -> 13 | K69: =MAX(_xlfn.MAXIFS('Little Explorers 5-7'!$D:$D,'Little Explorers 5-7'!$C:$C,$C69,'Little Explorers 5-7'!$E:$E,"Per group"),_xlfn.MAXIFS('Junior Makers 8-11'!$D:$D,'Junior Makers 8-11'!$C:$C,$C69,'Junior Makers 8-11'!$E:$E,"Per group"),_xlfn.MAXIFS('Young Innovators 12-14'!$D:$D,'Young Innovators 12-14'!$C:$C,$C69,'Young Innovators 12-14'!$E:$E,"Per group"),_xlfn.MAXIFS('Tech Leaders 15-17'!$D:$D,'Tech Leaders 15-17'!$C:$C,$C69,'Tech Leaders 15-17'!$E:$E,"Per group")) -> 20 | L69: =MAX(_xlfn.MAXIFS('Little Explorers 5-7'!$D:$D,'Little Explorers 5-7'!$C:$C,$C69,'Little Explorers 5-7'!$E:$E,"Per class"),_xlfn.MAXIFS('Junior Makers 8-11'!$D:$D,'Junior Makers 8-11'!$C:$C,$C69,'Junior Makers 8-11'!$E:$E,"Per class"),_xlfn.MAXIFS('Young Innovators 12-14'!$D:$D,'Young Innovators 12-14'!$C:$C,$C69,'Young Innovators 12-14'!$E:$E,"Per class"),_xlfn.MAXIFS('Tech Leaders 15-17'!$D:$D,'Tech Leaders 15-17'!$C:$C,$C69,'Tech Leaders 15-17'!$E:$E,"Per class")) -> 0 | M69: JM-01, JM-02, JM-03, JM-04, JM-05, JM-06, JM-07, JM-08, JM-09, JM-11, JM-12, JM-13, JM-15, LE-02, LE-04, LE-05, LE-06, LE-07, LE-08, LE-09, LE-10, LE-12, TL-01, TL-02, TL-03, TL-04, TL-05, TL-06, TL-07, TL-08, TL-09, TL-10, TL-12, TL-14, TL-16, YI-01, YI-02, YI-03, YI-04, YI-05, YI-06, YI-07, YI-08, YI-09, YI-10, YI-11
A70: 56 | B70: Wiring & Prototyping | C70: Jumper wires M-F | D70: 20 cm male-female jumper wires | E70: Reusable | F70: =COUNTIF('Little Explorers 5-7'!$C:$C,$C70)+COUNTIF('Junior Makers 8-11'!$C:$C,$C70)+COUNTIF('Young Innovators 12-14'!$C:$C,$C70)+COUNTIF('Tech Leaders 15-17'!$C:$C,$C70) -> 38 | G70: =COUNTIF('Little Explorers 5-7'!$C:$C,$C70) -> 4 | H70: =COUNTIF('Junior Makers 8-11'!$C:$C,$C70) -> 11 | I70: =COUNTIF('Young Innovators 12-14'!$C:$C,$C70) -> 10 | J70: =COUNTIF('Tech Leaders 15-17'!$C:$C,$C70) -> 13 | K70: =MAX(_xlfn.MAXIFS('Little Explorers 5-7'!$D:$D,'Little Explorers 5-7'!$C:$C,$C70,'Little Explorers 5-7'!$E:$E,"Per group"),_xlfn.MAXIFS('Junior Makers 8-11'!$D:$D,'Junior Makers 8-11'!$C:$C,$C70,'Junior Makers 8-11'!$E:$E,"Per group"),_xlfn.MAXIFS('Young Innovators 12-14'!$D:$D,'Young Innovators 12-14'!$C:$C,$C70,'Young Innovators 12-14'!$E:$E,"Per group"),_xlfn.MAXIFS('Tech Leaders 15-17'!$D:$D,'Tech Leaders 15-17'!$C:$C,$C70,'Tech Leaders 15-17'!$E:$E,"Per group")) -> 16 | L70: =MAX(_xlfn.MAXIFS('Little Explorers 5-7'!$D:$D,'Little Explorers 5-7'!$C:$C,$C70,'Little Explorers 5-7'!$E:$E,"Per class"),_xlfn.MAXIFS('Junior Makers 8-11'!$D:$D,'Junior Makers 8-11'!$C:$C,$C70,'Junior Makers 8-11'!$E:$E,"Per class"),_xlfn.MAXIFS('Young Innovators 12-14'!$D:$D,'Young Innovators 12-14'!$C:$C,$C70,'Young Innovators 12-14'!$E:$E,"Per class"),_xlfn.MAXIFS('Tech Leaders 15-17'!$D:$D,'Tech Leaders 15-17'!$C:$C,$C70,'Tech Leaders 15-17'!$E:$E,"Per class")) -> 0 | M70: JM-02, JM-03, JM-04, JM-05, JM-06, JM-07, JM-08, JM-09, JM-11, JM-12, JM-13, LE-05, LE-07, LE-08, LE-10, TL-01, TL-02, TL-03, TL-04, TL-05, TL-06, TL-07, TL-08, TL-09, TL-10, TL-12, TL-14, TL-16, YI-02, YI-03, YI-04, YI-05, YI-06, YI-07, YI-08, YI-09, YI-10, YI-11
A71: 57 | B71: Wiring & Prototyping | C71: Alligator clip leads | D71: Alligator clip test leads | E71: Reusable | F71: =COUNTIF('Little Explorers 5-7'!$C:$C,$C71)+COUNTIF('Junior Makers 8-11'!$C:$C,$C71)+COUNTIF('Young Innovators 12-14'!$C:$C,$C71)+COUNTIF('Tech Leaders 15-17'!$C:$C,$C71) -> 1 | G71: =COUNTIF('Little Explorers 5-7'!$C:$C,$C71) -> 1 | H71: =COUNTIF('Junior Makers 8-11'!$C:$C,$C71) -> 0 | I71: =COUNTIF('Young Innovators 12-14'!$C:$C,$C71) -> 0 | J71: =COUNTIF('Tech Leaders 15-17'!$C:$C,$C71) -> 0 | K71: =MAX(_xlfn.MAXIFS('Little Explorers 5-7'!$D:$D,'Little Explorers 5-7'!$C:$C,$C71,'Little Explorers 5-7'!$E:$E,"Per group"),_xlfn.MAXIFS('Junior Makers 8-11'!$D:$D,'Junior Makers 8-11'!$C:$C,$C71,'Junior Makers 8-11'!$E:$E,"Per group"),_xlfn.MAXIFS('Young Innovators 12-14'!$D:$D,'Young Innovators 12-14'!$C:$C,$C71,'Young Innovators 12-14'!$E:$E,"Per group"),_xlfn.MAXIFS('Tech Leaders 15-17'!$D:$D,'Tech Leaders 15-17'!$C:$C,$C71,'Tech Leaders 15-17'!$E:$E,"Per group")) -> 5 | L71: =MAX(_xlfn.MAXIFS('Little Explorers 5-7'!$D:$D,'Little Explorers 5-7'!$C:$C,$C71,'Little Explorers 5-7'!$E:$E,"Per class"),_xlfn.MAXIFS('Junior Makers 8-11'!$D:$D,'Junior Makers 8-11'!$C:$C,$C71,'Junior Makers 8-11'!$E:$E,"Per class"),_xlfn.MAXIFS('Young Innovators 12-14'!$D:$D,'Young Innovators 12-14'!$C:$C,$C71,'Young Innovators 12-14'!$E:$E,"Per class"),_xlfn.MAXIFS('Tech Leaders 15-17'!$D:$D,'Tech Leaders 15-17'!$C:$C,$C71,'Tech Leaders 15-17'!$E:$E,"Per class")) -> 0 | M71: LE-03
A72: 58 | B72: Wiring & Prototyping | C72: Copper tape | D72: Conductive copper tape roll | E72: Consumable | F72: =COUNTIF('Little Explorers 5-7'!$C:$C,$C72)+COUNTIF('Junior Makers 8-11'!$C:$C,$C72)+COUNTIF('Young Innovators 12-14'!$C:$C,$C72)+COUNTIF('Tech Leaders 15-17'!$C:$C,$C72) -> 1 | G72: =COUNTIF('Little Explorers 5-7'!$C:$C,$C72) -> 1 | H72: =COUNTIF('Junior Makers 8-11'!$C:$C,$C72) -> 0 | I72: =COUNTIF('Young Innovators 12-14'!$C:$C,$C72) -> 0 | J72: =COUNTIF('Tech Leaders 15-17'!$C:$C,$C72) -> 0 | K72: =MAX(_xlfn.MAXIFS('Little Explorers 5-7'!$D:$D,'Little Explorers 5-7'!$C:$C,$C72,'Little Explorers 5-7'!$E:$E,"Per group"),_xlfn.MAXIFS('Junior Makers 8-11'!$D:$D,'Junior Makers 8-11'!$C:$C,$C72,'Junior Makers 8-11'!$E:$E,"Per group"),_xlfn.MAXIFS('Young Innovators 12-14'!$D:$D,'Young Innovators 12-14'!$C:$C,$C72,'Young Innovators 12-14'!$E:$E,"Per group"),_xlfn.MAXIFS('Tech Leaders 15-17'!$D:$D,'Tech Leaders 15-17'!$C:$C,$C72,'Tech Leaders 15-17'!$E:$E,"Per group")) -> 1 | L72: =MAX(_xlfn.MAXIFS('Little Explorers 5-7'!$D:$D,'Little Explorers 5-7'!$C:$C,$C72,'Little Explorers 5-7'!$E:$E,"Per class"),_xlfn.MAXIFS('Junior Makers 8-11'!$D:$D,'Junior Makers 8-11'!$C:$C,$C72,'Junior Makers 8-11'!$E:$E,"Per class"),_xlfn.MAXIFS('Young Innovators 12-14'!$D:$D,'Young Innovators 12-14'!$C:$C,$C72,'Young Innovators 12-14'!$E:$E,"Per class"),_xlfn.MAXIFS('Tech Leaders 15-17'!$D:$D,'Tech Leaders 15-17'!$C:$C,$C72,'Tech Leaders 15-17'!$E:$E,"Per class")) -> 0 | M72: LE-01
A73: 59 | B73: Wiring & Prototyping | C73: Aluminium foil | D73: Kitchen foil roll | E73: Consumable | F73: =COUNTIF('Little Explorers 5-7'!$C:$C,$C73)+COUNTIF('Junior Makers 8-11'!$C:$C,$C73)+COUNTIF('Young Innovators 12-14'!$C:$C,$C73)+COUNTIF('Tech Leaders 15-17'!$C:$C,$C73) -> 1 | G73: =COUNTIF('Little Explorers 5-7'!$C:$C,$C73) -> 1 | H73: =COUNTIF('Junior Makers 8-11'!$C:$C,$C73) -> 0 | I73: =COUNTIF('Young Innovators 12-14'!$C:$C,$C73) -> 0 | J73: =COUNTIF('Tech Leaders 15-17'!$C:$C,$C73) -> 0 | K73: =MAX(_xlfn.MAXIFS('Little Explorers 5-7'!$D:$D,'Little Explorers 5-7'!$C:$C,$C73,'Little Explorers 5-7'!$E:$E,"Per group"),_xlfn.MAXIFS('Junior Makers 8-11'!$D:$D,'Junior Makers 8-11'!$C:$C,$C73,'Junior Makers 8-11'!$E:$E,"Per group"),_xlfn.MAXIFS('Young Innovators 12-14'!$D:$D,'Young Innovators 12-14'!$C:$C,$C73,'Young Innovators 12-14'!$E:$E,"Per group"),_xlfn.MAXIFS('Tech Leaders 15-17'!$D:$D,'Tech Leaders 15-17'!$C:$C,$C73,'Tech Leaders 15-17'!$E:$E,"Per group")) -> 0 | L73: =MAX(_xlfn.MAXIFS('Little Explorers 5-7'!$D:$D,'Little Explorers 5-7'!$C:$C,$C73,'Little Explorers 5-7'!$E:$E,"Per class"),_xlfn.MAXIFS('Junior Makers 8-11'!$D:$D,'Junior Makers 8-11'!$C:$C,$C73,'Junior Makers 8-11'!$E:$E,"Per class"),_xlfn.MAXIFS('Young Innovators 12-14'!$D:$D,'Young Innovators 12-14'!$C:$C,$C73,'Young Innovators 12-14'!$E:$E,"Per class"),_xlfn.MAXIFS('Tech Leaders 15-17'!$D:$D,'Tech Leaders 15-17'!$C:$C,$C73,'Tech Leaders 15-17'!$E:$E,"Per class")) -> 1 | M73: LE-13
B74: Computers & Equipment (9 items)
A75: 60 | B75: Computers & Equipment | C75: Laptop | D75: Laptop with Arduino IDE / mBlock / browser | E75: Reusable | F75: =COUNTIF('Little Explorers 5-7'!$C:$C,$C75)+COUNTIF('Junior Makers 8-11'!$C:$C,$C75)+COUNTIF('Young Innovators 12-14'!$C:$C,$C75)+COUNTIF('Tech Leaders 15-17'!$C:$C,$C75) -> 58 | G75: =COUNTIF('Little Explorers 5-7'!$C:$C,$C75) -> 11 | H75: =COUNTIF('Junior Makers 8-11'!$C:$C,$C75) -> 16 | I75: =COUNTIF('Young Innovators 12-14'!$C:$C,$C75) -> 15 | J75: =COUNTIF('Tech Leaders 15-17'!$C:$C,$C75) -> 16 | K75: =MAX(_xlfn.MAXIFS('Little Explorers 5-7'!$D:$D,'Little Explorers 5-7'!$C:$C,$C75,'Little Explorers 5-7'!$E:$E,"Per group"),_xlfn.MAXIFS('Junior Makers 8-11'!$D:$D,'Junior Makers 8-11'!$C:$C,$C75,'Junior Makers 8-11'!$E:$E,"Per group"),_xlfn.MAXIFS('Young Innovators 12-14'!$D:$D,'Young Innovators 12-14'!$C:$C,$C75,'Young Innovators 12-14'!$E:$E,"Per group"),_xlfn.MAXIFS('Tech Leaders 15-17'!$D:$D,'Tech Leaders 15-17'!$C:$C,$C75,'Tech Leaders 15-17'!$E:$E,"Per group")) -> 2 | L75: =MAX(_xlfn.MAXIFS('Little Explorers 5-7'!$D:$D,'Little Explorers 5-7'!$C:$C,$C75,'Little Explorers 5-7'!$E:$E,"Per class"),_xlfn.MAXIFS('Junior Makers 8-11'!$D:$D,'Junior Makers 8-11'!$C:$C,$C75,'Junior Makers 8-11'!$E:$E,"Per class"),_xlfn.MAXIFS('Young Innovators 12-14'!$D:$D,'Young Innovators 12-14'!$C:$C,$C75,'Young Innovators 12-14'!$E:$E,"Per class"),_xlfn.MAXIFS('Tech Leaders 15-17'!$D:$D,'Tech Leaders 15-17'!$C:$C,$C75,'Tech Leaders 15-17'!$E:$E,"Per class")) -> 0 | M75: JM-01, JM-02, JM-03, JM-04, JM-05, JM-06, JM-07, JM-08, JM-09, JM-10, JM-11, JM-12, JM-13, JM-14, JM-15, JM-16, LE-02, LE-04, LE-05, LE-06, LE-07, LE-08, LE-09, LE-10, LE-12, LE-13, LE-15, TL-01, TL-02, TL-03, TL-04, TL-05, TL-06, TL-07, TL-08, TL-09, TL-10, TL-11, TL-12, TL-13, TL-14, TL-15, TL-16, YI-02, YI-03, YI-04, YI-05, YI-06, YI-07, YI-08, YI-09, YI-10, YI-11, YI-12, YI-13, YI-14, YI-15, YI-16 | N75: Install CH340 drivers before class.
A76: 61 | B76: Computers & Equipment | C76: Tablet | D76: Tablet with ScratchJr | E76: Reusable | F76: =COUNTIF('Little Explorers 5-7'!$C:$C,$C76)+COUNTIF('Junior Makers 8-11'!$C:$C,$C76)+COUNTIF('Young Innovators 12-14'!$C:$C,$C76)+COUNTIF('Tech Leaders 15-17'!$C:$C,$C76) -> 1 | G76: =COUNTIF('Little Explorers 5-7'!$C:$C,$C76) -> 1 | H76: =COUNTIF('Junior Makers 8-11'!$C:$C,$C76) -> 0 | I76: =COUNTIF('Young Innovators 12-14'!$C:$C,$C76) -> 0 | J76: =COUNTIF('Tech Leaders 15-17'!$C:$C,$C76) -> 0 | K76: =MAX(_xlfn.MAXIFS('Little Explorers 5-7'!$D:$D,'Little Explorers 5-7'!$C:$C,$C76,'Little Explorers 5-7'!$E:$E,"Per group"),_xlfn.MAXIFS('Junior Makers 8-11'!$D:$D,'Junior Makers 8-11'!$C:$C,$C76,'Junior Makers 8-11'!$E:$E,"Per group"),_xlfn.MAXIFS('Young Innovators 12-14'!$D:$D,'Young Innovators 12-14'!$C:$C,$C76,'Young Innovators 12-14'!$E:$E,"Per group"),_xlfn.MAXIFS('Tech Leaders 15-17'!$D:$D,'Tech Leaders 15-17'!$C:$C,$C76,'Tech Leaders 15-17'!$E:$E,"Per group")) -> 1 | L76: =MAX(_xlfn.MAXIFS('Little Explorers 5-7'!$D:$D,'Little Explorers 5-7'!$C:$C,$C76,'Little Explorers 5-7'!$E:$E,"Per class"),_xlfn.MAXIFS('Junior Makers 8-11'!$D:$D,'Junior Makers 8-11'!$C:$C,$C76,'Junior Makers 8-11'!$E:$E,"Per class"),_xlfn.MAXIFS('Young Innovators 12-14'!$D:$D,'Young Innovators 12-14'!$C:$C,$C76,'Young Innovators 12-14'!$E:$E,"Per class"),_xlfn.MAXIFS('Tech Leaders 15-17'!$D:$D,'Tech Leaders 15-17'!$C:$C,$C76,'Tech Leaders 15-17'!$E:$E,"Per class")) -> 0 | M76: LE-14 | N76: A laptop running ScratchJr desktop also works.
A77: 62 | B77: Computers & Equipment | C77: Android smartphone | D77: Android phone with MIT AI2 Companion / Bluetooth app | E77: Reusable | F77: =COUNTIF('Little Explorers 5-7'!$C:$C,$C77)+COUNTIF('Junior Makers 8-11'!$C:$C,$C77)+COUNTIF('Young Innovators 12-14'!$C:$C,$C77)+COUNTIF('Tech Leaders 15-17'!$C:$C,$C77) -> 3 | G77: =COUNTIF('Little Explorers 5-7'!$C:$C,$C77) -> 0 | H77: =COUNTIF('Junior Makers 8-11'!$C:$C,$C77) -> 1 | I77: =COUNTIF('Young Innovators 12-14'!$C:$C,$C77) -> 2 | J77: =COUNTIF('Tech Leaders 15-17'!$C:$C,$C77) -> 0 | K77: =MAX(_xlfn.MAXIFS('Little Explorers 5-7'!$D:$D,'Little Explorers 5-7'!$C:$C,$C77,'Little Explorers 5-7'!$E:$E,"Per group"),_xlfn.MAXIFS('Junior Makers 8-11'!$D:$D,'Junior Makers 8-11'!$C:$C,$C77,'Junior Makers 8-11'!$E:$E,"Per group"),_xlfn.MAXIFS('Young Innovators 12-14'!$D:$D,'Young Innovators 12-14'!$C:$C,$C77,'Young Innovators 12-14'!$E:$E,"Per group"),_xlfn.MAXIFS('Tech Leaders 15-17'!$D:$D,'Tech Leaders 15-17'!$C:$C,$C77,'Tech Leaders 15-17'!$E:$E,"Per group")) -> 1 | L77: =MAX(_xlfn.MAXIFS('Little Explorers 5-7'!$D:$D,'Little Explorers 5-7'!$C:$C,$C77,'Little Explorers 5-7'!$E:$E,"Per class"),_xlfn.MAXIFS('Junior Makers 8-11'!$D:$D,'Junior Makers 8-11'!$C:$C,$C77,'Junior Makers 8-11'!$E:$E,"Per class"),_xlfn.MAXIFS('Young Innovators 12-14'!$D:$D,'Young Innovators 12-14'!$C:$C,$C77,'Young Innovators 12-14'!$E:$E,"Per class"),_xlfn.MAXIFS('Tech Leaders 15-17'!$D:$D,'Tech Leaders 15-17'!$C:$C,$C77,'Tech Leaders 15-17'!$E:$E,"Per class")) -> 0 | M77: JM-12, YI-06, YI-12 | N77: Teacher phones are fine.
A78: 63 | B78: Computers & Equipment | C78: Webcam | D78: USB webcam (or built-in laptop camera) | E78: Reusable | F78: =COUNTIF('Little Explorers 5-7'!$C:$C,$C78)+COUNTIF('Junior Makers 8-11'!$C:$C,$C78)+COUNTIF('Young Innovators 12-14'!$C:$C,$C78)+COUNTIF('Tech Leaders 15-17'!$C:$C,$C78) -> 1 | G78: =COUNTIF('Little Explorers 5-7'!$C:$C,$C78) -> 0 | H78: =COUNTIF('Junior Makers 8-11'!$C:$C,$C78) -> 1 | I78: =COUNTIF('Young Innovators 12-14'!$C:$C,$C78) -> 0 | J78: =COUNTIF('Tech Leaders 15-17'!$C:$C,$C78) -> 0 | K78: =MAX(_xlfn.MAXIFS('Little Explorers 5-7'!$D:$D,'Little Explorers 5-7'!$C:$C,$C78,'Little Explorers 5-7'!$E:$E,"Per group"),_xlfn.MAXIFS('Junior Makers 8-11'!$D:$D,'Junior Makers 8-11'!$C:$C,$C78,'Junior Makers 8-11'!$E:$E,"Per group"),_xlfn.MAXIFS('Young Innovators 12-14'!$D:$D,'Young Innovators 12-14'!$C:$C,$C78,'Young Innovators 12-14'!$E:$E,"Per group"),_xlfn.MAXIFS('Tech Leaders 15-17'!$D:$D,'Tech Leaders 15-17'!$C:$C,$C78,'Tech Leaders 15-17'!$E:$E,"Per group")) -> 1 | L78: =MAX(_xlfn.MAXIFS('Little Explorers 5-7'!$D:$D,'Little Explorers 5-7'!$C:$C,$C78,'Little Explorers 5-7'!$E:$E,"Per class"),_xlfn.MAXIFS('Junior Makers 8-11'!$D:$D,'Junior Makers 8-11'!$C:$C,$C78,'Junior Makers 8-11'!$E:$E,"Per class"),_xlfn.MAXIFS('Young Innovators 12-14'!$D:$D,'Young Innovators 12-14'!$C:$C,$C78,'Young Innovators 12-14'!$E:$E,"Per class"),_xlfn.MAXIFS('Tech Leaders 15-17'!$D:$D,'Tech Leaders 15-17'!$C:$C,$C78,'Tech Leaders 15-17'!$E:$E,"Per class")) -> 0 | M78: JM-16
A79: 64 | B79: Computers & Equipment | C79: 3D printer | D79: FDM 3D printer | E79: Reusable | F79: =COUNTIF('Little Explorers 5-7'!$C:$C,$C79)+COUNTIF('Junior Makers 8-11'!$C:$C,$C79)+COUNTIF('Young Innovators 12-14'!$C:$C,$C79)+COUNTIF('Tech Leaders 15-17'!$C:$C,$C79) -> 3 | G79: =COUNTIF('Little Explorers 5-7'!$C:$C,$C79) -> 0 | H79: =COUNTIF('Junior Makers 8-11'!$C:$C,$C79) -> 1 | I79: =COUNTIF('Young Innovators 12-14'!$C:$C,$C79) -> 1 | J79: =COUNTIF('Tech Leaders 15-17'!$C:$C,$C79) -> 1 | K79: =MAX(_xlfn.MAXIFS('Little Explorers 5-7'!$D:$D,'Little Explorers 5-7'!$C:$C,$C79,'Little Explorers 5-7'!$E:$E,"Per group"),_xlfn.MAXIFS('Junior Makers 8-11'!$D:$D,'Junior Makers 8-11'!$C:$C,$C79,'Junior Makers 8-11'!$E:$E,"Per group"),_xlfn.MAXIFS('Young Innovators 12-14'!$D:$D,'Young Innovators 12-14'!$C:$C,$C79,'Young Innovators 12-14'!$E:$E,"Per group"),_xlfn.MAXIFS('Tech Leaders 15-17'!$D:$D,'Tech Leaders 15-17'!$C:$C,$C79,'Tech Leaders 15-17'!$E:$E,"Per group")) -> 0 | L79: =MAX(_xlfn.MAXIFS('Little Explorers 5-7'!$D:$D,'Little Explorers 5-7'!$C:$C,$C79,'Little Explorers 5-7'!$E:$E,"Per class"),_xlfn.MAXIFS('Junior Makers 8-11'!$D:$D,'Junior Makers 8-11'!$C:$C,$C79,'Junior Makers 8-11'!$E:$E,"Per class"),_xlfn.MAXIFS('Young Innovators 12-14'!$D:$D,'Young Innovators 12-14'!$C:$C,$C79,'Young Innovators 12-14'!$E:$E,"Per class"),_xlfn.MAXIFS('Tech Leaders 15-17'!$D:$D,'Tech Leaders 15-17'!$C:$C,$C79,'Tech Leaders 15-17'!$E:$E,"Per class")) -> 1 | M79: JM-10, TL-15, YI-16
A80: 65 | B80: Computers & Equipment | C80: PLA filament | D80: 1.75 mm PLA filament | E80: Consumable | F80: =COUNTIF('Little Explorers 5-7'!$C:$C,$C80)+COUNTIF('Junior Makers 8-11'!$C:$C,$C80)+COUNTIF('Young Innovators 12-14'!$C:$C,$C80)+COUNTIF('Tech Leaders 15-17'!$C:$C,$C80) -> 3 | G80: =COUNTIF('Little Explorers 5-7'!$C:$C,$C80) -> 0 | H80: =COUNTIF('Junior Makers 8-11'!$C:$C,$C80) -> 1 | I80: =COUNTIF('Young Innovators 12-14'!$C:$C,$C80) -> 1 | J80: =COUNTIF('Tech Leaders 15-17'!$C:$C,$C80) -> 1 | K80: =MAX(_xlfn.MAXIFS('Little Explorers 5-7'!$D:$D,'Little Explorers 5-7'!$C:$C,$C80,'Little Explorers 5-7'!$E:$E,"Per group"),_xlfn.MAXIFS('Junior Makers 8-11'!$D:$D,'Junior Makers 8-11'!$C:$C,$C80,'Junior Makers 8-11'!$E:$E,"Per group"),_xlfn.MAXIFS('Young Innovators 12-14'!$D:$D,'Young Innovators 12-14'!$C:$C,$C80,'Young Innovators 12-14'!$E:$E,"Per group"),_xlfn.MAXIFS('Tech Leaders 15-17'!$D:$D,'Tech Leaders 15-17'!$C:$C,$C80,'Tech Leaders 15-17'!$E:$E,"Per group")) -> 0 | L80: =MAX(_xlfn.MAXIFS('Little Explorers 5-7'!$D:$D,'Little Explorers 5-7'!$C:$C,$C80,'Little Explorers 5-7'!$E:$E,"Per class"),_xlfn.MAXIFS('Junior Makers 8-11'!$D:$D,'Junior Makers 8-11'!$C:$C,$C80,'Junior Makers 8-11'!$E:$E,"Per class"),_xlfn.MAXIFS('Young Innovators 12-14'!$D:$D,'Young Innovators 12-14'!$C:$C,$C80,'Young Innovators 12-14'!$E:$E,"Per class"),_xlfn.MAXIFS('Tech Leaders 15-17'!$D:$D,'Tech Leaders 15-17'!$C:$C,$C80,'Tech Leaders 15-17'!$E:$E,"Per class")) -> 1 | M80: JM-10, TL-15, YI-16
A81: 66 | B81: Computers & Equipment | C81: Digital multimeter | D81: Digital multimeter | E81: Reusable | F81: =COUNTIF('Little Explorers 5-7'!$C:$C,$C81)+COUNTIF('Junior Makers 8-11'!$C:$C,$C81)+COUNTIF('Young Innovators 12-14'!$C:$C,$C81)+COUNTIF('Tech Leaders 15-17'!$C:$C,$C81) -> 5 | G81: =COUNTIF('Little Explorers 5-7'!$C:$C,$C81) -> 0 | H81: =COUNTIF('Junior Makers 8-11'!$C:$C,$C81) -> 2 | I81: =COUNTIF('Young Innovators 12-14'!$C:$C,$C81) -> 2 | J81: =COUNTIF('Tech Leaders 15-17'!$C:$C,$C81) -> 1 | K81: =MAX(_xlfn.MAXIFS('Little Explorers 5-7'!$D:$D,'Little Explorers 5-7'!$C:$C,$C81,'Little Explorers 5-7'!$E:$E,"Per group"),_xlfn.MAXIFS('Junior Makers 8-11'!$D:$D,'Junior Makers 8-11'!$C:$C,$C81,'Junior Makers 8-11'!$E:$E,"Per group"),_xlfn.MAXIFS('Young Innovators 12-14'!$D:$D,'Young Innovators 12-14'!$C:$C,$C81,'Young Innovators 12-14'!$E:$E,"Per group"),_xlfn.MAXIFS('Tech Leaders 15-17'!$D:$D,'Tech Leaders 15-17'!$C:$C,$C81,'Tech Leaders 15-17'!$E:$E,"Per group")) -> 1 | L81: =MAX(_xlfn.MAXIFS('Little Explorers 5-7'!$D:$D,'Little Explorers 5-7'!$C:$C,$C81,'Little Explorers 5-7'!$E:$E,"Per class"),_xlfn.MAXIFS('Junior Makers 8-11'!$D:$D,'Junior Makers 8-11'!$C:$C,$C81,'Junior Makers 8-11'!$E:$E,"Per class"),_xlfn.MAXIFS('Young Innovators 12-14'!$D:$D,'Young Innovators 12-14'!$C:$C,$C81,'Young Innovators 12-14'!$E:$E,"Per class"),_xlfn.MAXIFS('Tech Leaders 15-17'!$D:$D,'Tech Leaders 15-17'!$C:$C,$C81,'Tech Leaders 15-17'!$E:$E,"Per class")) -> 0 | M81: JM-01, JM-08, TL-01, YI-01, YI-09
A82: 67 | B82: Computers & Equipment | C82: Glue gun + glue sticks | D82: Hot glue gun with sticks | E82: Reusable | F82: =COUNTIF('Little Explorers 5-7'!$C:$C,$C82)+COUNTIF('Junior Makers 8-11'!$C:$C,$C82)+COUNTIF('Young Innovators 12-14'!$C:$C,$C82)+COUNTIF('Tech Leaders 15-17'!$C:$C,$C82) -> 1 | G82: =COUNTIF('Little Explorers 5-7'!$C:$C,$C82) -> 0 | H82: =COUNTIF('Junior Makers 8-11'!$C:$C,$C82) -> 0 | I82: =COUNTIF('Young Innovators 12-14'!$C:$C,$C82) -> 1 | J82: =COUNTIF('Tech Leaders 15-17'!$C:$C,$C82) -> 0 | K82: =MAX(_xlfn.MAXIFS('Little Explorers 5-7'!$D:$D,'Little Explorers 5-7'!$C:$C,$C82,'Little Explorers 5-7'!$E:$E,"Per group"),_xlfn.MAXIFS('Junior Makers 8-11'!$D:$D,'Junior Makers 8-11'!$C:$C,$C82,'Junior Makers 8-11'!$E:$E,"Per group"),_xlfn.MAXIFS('Young Innovators 12-14'!$D:$D,'Young Innovators 12-14'!$C:$C,$C82,'Young Innovators 12-14'!$E:$E,"Per group"),_xlfn.MAXIFS('Tech Leaders 15-17'!$D:$D,'Tech Leaders 15-17'!$C:$C,$C82,'Tech Leaders 15-17'!$E:$E,"Per group")) -> 0 | L82: =MAX(_xlfn.MAXIFS('Little Explorers 5-7'!$D:$D,'Little Explorers 5-7'!$C:$C,$C82,'Little Explorers 5-7'!$E:$E,"Per class"),_xlfn.MAXIFS('Junior Makers 8-11'!$D:$D,'Junior Makers 8-11'!$C:$C,$C82,'Junior Makers 8-11'!$E:$E,"Per class"),_xlfn.MAXIFS('Young Innovators 12-14'!$D:$D,'Young Innovators 12-14'!$C:$C,$C82,'Young Innovators 12-14'!$E:$E,"Per class"),_xlfn.MAXIFS('Tech Leaders 15-17'!$D:$D,'Tech Leaders 15-17'!$C:$C,$C82,'Tech Leaders 15-17'!$E:$E,"Per class")) -> 1 | M82: YI-07 | N82: Teacher-operated under 12.
A83: 68 | B83: Computers & Equipment | C83: Screwdriver set | D83: Small screwdriver set | E83: Reusable | F83: =COUNTIF('Little Explorers 5-7'!$C:$C,$C83)+COUNTIF('Junior Makers 8-11'!$C:$C,$C83)+COUNTIF('Young Innovators 12-14'!$C:$C,$C83)+COUNTIF('Tech Leaders 15-17'!$C:$C,$C83) -> 3 | G83: =COUNTIF('Little Explorers 5-7'!$C:$C,$C83) -> 0 | H83: =COUNTIF('Junior Makers 8-11'!$C:$C,$C83) -> 1 | I83: =COUNTIF('Young Innovators 12-14'!$C:$C,$C83) -> 1 | J83: =COUNTIF('Tech Leaders 15-17'!$C:$C,$C83) -> 1 | K83: =MAX(_xlfn.MAXIFS('Little Explorers 5-7'!$D:$D,'Little Explorers 5-7'!$C:$C,$C83,'Little Explorers 5-7'!$E:$E,"Per group"),_xlfn.MAXIFS('Junior Makers 8-11'!$D:$D,'Junior Makers 8-11'!$C:$C,$C83,'Junior Makers 8-11'!$E:$E,"Per group"),_xlfn.MAXIFS('Young Innovators 12-14'!$D:$D,'Young Innovators 12-14'!$C:$C,$C83,'Young Innovators 12-14'!$E:$E,"Per group"),_xlfn.MAXIFS('Tech Leaders 15-17'!$D:$D,'Tech Leaders 15-17'!$C:$C,$C83,'Tech Leaders 15-17'!$E:$E,"Per group")) -> 1 | L83: =MAX(_xlfn.MAXIFS('Little Explorers 5-7'!$D:$D,'Little Explorers 5-7'!$C:$C,$C83,'Little Explorers 5-7'!$E:$E,"Per class"),_xlfn.MAXIFS('Junior Makers 8-11'!$D:$D,'Junior Makers 8-11'!$C:$C,$C83,'Junior Makers 8-11'!$E:$E,"Per class"),_xlfn.MAXIFS('Young Innovators 12-14'!$D:$D,'Young Innovators 12-14'!$C:$C,$C83,'Young Innovators 12-14'!$E:$E,"Per class"),_xlfn.MAXIFS('Tech Leaders 15-17'!$D:$D,'Tech Leaders 15-17'!$C:$C,$C83,'Tech Leaders 15-17'!$E:$E,"Per class")) -> 0 | M83: JM-11, TL-02, YI-05
B84: Craft & Stationery (10 items)
A85: 69 | B85: Craft & Stationery | C85: Card / chart paper | D85: A4 card or chart paper | E85: Consumable | F85: =COUNTIF('Little Explorers 5-7'!$C:$C,$C85)+COUNTIF('Junior Makers 8-11'!$C:$C,$C85)+COUNTIF('Young Innovators 12-14'!$C:$C,$C85)+COUNTIF('Tech Leaders 15-17'!$C:$C,$C85) -> 2 | G85: =COUNTIF('Little Explorers 5-7'!$C:$C,$C85) -> 2 | H85: =COUNTIF('Junior Makers 8-11'!$C:$C,$C85) -> 0 | I85: =COUNTIF('Young Innovators 12-14'!$C:$C,$C85) -> 0 | J85: =COUNTIF('Tech Leaders 15-17'!$C:$C,$C85) -> 0 | K85: =MAX(_xlfn.MAXIFS('Little Explorers 5-7'!$D:$D,'Little Explorers 5-7'!$C:$C,$C85,'Little Explorers 5-7'!$E:$E,"Per group"),_xlfn.MAXIFS('Junior Makers 8-11'!$D:$D,'Junior Makers 8-11'!$C:$C,$C85,'Junior Makers 8-11'!$E:$E,"Per group"),_xlfn.MAXIFS('Young Innovators 12-14'!$D:$D,'Young Innovators 12-14'!$C:$C,$C85,'Young Innovators 12-14'!$E:$E,"Per group"),_xlfn.MAXIFS('Tech Leaders 15-17'!$D:$D,'Tech Leaders 15-17'!$C:$C,$C85,'Tech Leaders 15-17'!$E:$E,"Per group")) -> 2 | L85: =MAX(_xlfn.MAXIFS('Little Explorers 5-7'!$D:$D,'Little Explorers 5-7'!$C:$C,$C85,'Little Explorers 5-7'!$E:$E,"Per class"),_xlfn.MAXIFS('Junior Makers 8-11'!$D:$D,'Junior Makers 8-11'!$C:$C,$C85,'Junior Makers 8-11'!$E:$E,"Per class"),_xlfn.MAXIFS('Young Innovators 12-14'!$D:$D,'Young Innovators 12-14'!$C:$C,$C85,'Young Innovators 12-14'!$E:$E,"Per class"),_xlfn.MAXIFS('Tech Leaders 15-17'!$D:$D,'Tech Leaders 15-17'!$C:$C,$C85,'Tech Leaders 15-17'!$E:$E,"Per class")) -> 0 | M85: LE-01, LE-16
A86: 70 | B86: Craft & Stationery | C86: Cardboard sheet | D86: Corrugated cardboard sheet / box | E86: Consumable | F86: =COUNTIF('Little Explorers 5-7'!$C:$C,$C86)+COUNTIF('Junior Makers 8-11'!$C:$C,$C86)+COUNTIF('Young Innovators 12-14'!$C:$C,$C86)+COUNTIF('Tech Leaders 15-17'!$C:$C,$C86) -> 8 | G86: =COUNTIF('Little Explorers 5-7'!$C:$C,$C86) -> 1 | H86: =COUNTIF('Junior Makers 8-11'!$C:$C,$C86) -> 3 | I86: =COUNTIF('Young Innovators 12-14'!$C:$C,$C86) -> 1 | J86: =COUNTIF('Tech Leaders 15-17'!$C:$C,$C86) -> 3 | K86: =MAX(_xlfn.MAXIFS('Little Explorers 5-7'!$D:$D,'Little Explorers 5-7'!$C:$C,$C86,'Little Explorers 5-7'!$E:$E,"Per group"),_xlfn.MAXIFS('Junior Makers 8-11'!$D:$D,'Junior Makers 8-11'!$C:$C,$C86,'Junior Makers 8-11'!$E:$E,"Per group"),_xlfn.MAXIFS('Young Innovators 12-14'!$D:$D,'Young Innovators 12-14'!$C:$C,$C86,'Young Innovators 12-14'!$E:$E,"Per group"),_xlfn.MAXIFS('Tech Leaders 15-17'!$D:$D,'Tech Leaders 15-17'!$C:$C,$C86,'Tech Leaders 15-17'!$E:$E,"Per group")) -> 2 | L86: =MAX(_xlfn.MAXIFS('Little Explorers 5-7'!$D:$D,'Little Explorers 5-7'!$C:$C,$C86,'Little Explorers 5-7'!$E:$E,"Per class"),_xlfn.MAXIFS('Junior Makers 8-11'!$D:$D,'Junior Makers 8-11'!$C:$C,$C86,'Junior Makers 8-11'!$E:$E,"Per class"),_xlfn.MAXIFS('Young Innovators 12-14'!$D:$D,'Young Innovators 12-14'!$C:$C,$C86,'Young Innovators 12-14'!$E:$E,"Per class"),_xlfn.MAXIFS('Tech Leaders 15-17'!$D:$D,'Tech Leaders 15-17'!$C:$C,$C86,'Tech Leaders 15-17'!$E:$E,"Per class")) -> 4 | M86: JM-04, JM-05, JM-08, LE-09, TL-02, TL-03, TL-07, YI-04
A87: 71 | B87: Craft & Stationery | C87: Markers | D87: Washable colour markers (set) | E87: Consumable | F87: =COUNTIF('Little Explorers 5-7'!$C:$C,$C87)+COUNTIF('Junior Makers 8-11'!$C:$C,$C87)+COUNTIF('Young Innovators 12-14'!$C:$C,$C87)+COUNTIF('Tech Leaders 15-17'!$C:$C,$C87) -> 4 | G87: =COUNTIF('Little Explorers 5-7'!$C:$C,$C87) -> 3 | H87: =COUNTIF('Junior Makers 8-11'!$C:$C,$C87) -> 0 | I87: =COUNTIF('Young Innovators 12-14'!$C:$C,$C87) -> 1 | J87: =COUNTIF('Tech Leaders 15-17'!$C:$C,$C87) -> 0 | K87: =MAX(_xlfn.MAXIFS('Little Explorers 5-7'!$D:$D,'Little Explorers 5-7'!$C:$C,$C87,'Little Explorers 5-7'!$E:$E,"Per group"),_xlfn.MAXIFS('Junior Makers 8-11'!$D:$D,'Junior Makers 8-11'!$C:$C,$C87,'Junior Makers 8-11'!$E:$E,"Per group"),_xlfn.MAXIFS('Young Innovators 12-14'!$D:$D,'Young Innovators 12-14'!$C:$C,$C87,'Young Innovators 12-14'!$E:$E,"Per group"),_xlfn.MAXIFS('Tech Leaders 15-17'!$D:$D,'Tech Leaders 15-17'!$C:$C,$C87,'Tech Leaders 15-17'!$E:$E,"Per group")) -> 1 | L87: =MAX(_xlfn.MAXIFS('Little Explorers 5-7'!$D:$D,'Little Explorers 5-7'!$C:$C,$C87,'Little Explorers 5-7'!$E:$E,"Per class"),_xlfn.MAXIFS('Junior Makers 8-11'!$D:$D,'Junior Makers 8-11'!$C:$C,$C87,'Junior Makers 8-11'!$E:$E,"Per class"),_xlfn.MAXIFS('Young Innovators 12-14'!$D:$D,'Young Innovators 12-14'!$C:$C,$C87,'Young Innovators 12-14'!$E:$E,"Per class"),_xlfn.MAXIFS('Tech Leaders 15-17'!$D:$D,'Tech Leaders 15-17'!$C:$C,$C87,'Tech Leaders 15-17'!$E:$E,"Per class")) -> 0 | M87: LE-01, LE-09, LE-16, YI-04
A88: 72 | B88: Craft & Stationery | C88: Tape (paper + double-sided) | D88: Paper tape and double-sided tape | E88: Consumable | F88: =COUNTIF('Little Explorers 5-7'!$C:$C,$C88)+COUNTIF('Junior Makers 8-11'!$C:$C,$C88)+COUNTIF('Young Innovators 12-14'!$C:$C,$C88)+COUNTIF('Tech Leaders 15-17'!$C:$C,$C88) -> 3 | G88: =COUNTIF('Little Explorers 5-7'!$C:$C,$C88) -> 2 | H88: =COUNTIF('Junior Makers 8-11'!$C:$C,$C88) -> 0 | I88: =COUNTIF('Young Innovators 12-14'!$C:$C,$C88) -> 1 | J88: =COUNTIF('Tech Leaders 15-17'!$C:$C,$C88) -> 0 | K88: =MAX(_xlfn.MAXIFS('Little Explorers 5-7'!$D:$D,'Little Explorers 5-7'!$C:$C,$C88,'Little Explorers 5-7'!$E:$E,"Per group"),_xlfn.MAXIFS('Junior Makers 8-11'!$D:$D,'Junior Makers 8-11'!$C:$C,$C88,'Junior Makers 8-11'!$E:$E,"Per group"),_xlfn.MAXIFS('Young Innovators 12-14'!$D:$D,'Young Innovators 12-14'!$C:$C,$C88,'Young Innovators 12-14'!$E:$E,"Per group"),_xlfn.MAXIFS('Tech Leaders 15-17'!$D:$D,'Tech Leaders 15-17'!$C:$C,$C88,'Tech Leaders 15-17'!$E:$E,"Per group")) -> 0 | L88: =MAX(_xlfn.MAXIFS('Little Explorers 5-7'!$D:$D,'Little Explorers 5-7'!$C:$C,$C88,'Little Explorers 5-7'!$E:$E,"Per class"),_xlfn.MAXIFS('Junior Makers 8-11'!$D:$D,'Junior Makers 8-11'!$C:$C,$C88,'Junior Makers 8-11'!$E:$E,"Per class"),_xlfn.MAXIFS('Young Innovators 12-14'!$D:$D,'Young Innovators 12-14'!$C:$C,$C88,'Young Innovators 12-14'!$E:$E,"Per class"),_xlfn.MAXIFS('Tech Leaders 15-17'!$D:$D,'Tech Leaders 15-17'!$C:$C,$C88,'Tech Leaders 15-17'!$E:$E,"Per class")) -> 1 | M88: LE-01, LE-11, YI-04
A89: 73 | B89: Craft & Stationery | C89: Ice cream sticks | D89: Wooden ice cream sticks | E89: Consumable | F89: =COUNTIF('Little Explorers 5-7'!$C:$C,$C89)+COUNTIF('Junior Makers 8-11'!$C:$C,$C89)+COUNTIF('Young Innovators 12-14'!$C:$C,$C89)+COUNTIF('Tech Leaders 15-17'!$C:$C,$C89) -> 2 | G89: =COUNTIF('Little Explorers 5-7'!$C:$C,$C89) -> 1 | H89: =COUNTIF('Junior Makers 8-11'!$C:$C,$C89) -> 0 | I89: =COUNTIF('Young Innovators 12-14'!$C:$C,$C89) -> 1 | J89: =COUNTIF('Tech Leaders 15-17'!$C:$C,$C89) -> 0 | K89: =MAX(_xlfn.MAXIFS('Little Explorers 5-7'!$D:$D,'Little Explorers 5-7'!$C:$C,$C89,'Little Explorers 5-7'!$E:$E,"Per group"),_xlfn.MAXIFS('Junior Makers 8-11'!$D:$D,'Junior Makers 8-11'!$C:$C,$C89,'Junior Makers 8-11'!$E:$E,"Per group"),_xlfn.MAXIFS('Young Innovators 12-14'!$D:$D,'Young Innovators 12-14'!$C:$C,$C89,'Young Innovators 12-14'!$E:$E,"Per group"),_xlfn.MAXIFS('Tech Leaders 15-17'!$D:$D,'Tech Leaders 15-17'!$C:$C,$C89,'Tech Leaders 15-17'!$E:$E,"Per group")) -> 10 | L89: =MAX(_xlfn.MAXIFS('Little Explorers 5-7'!$D:$D,'Little Explorers 5-7'!$C:$C,$C89,'Little Explorers 5-7'!$E:$E,"Per class"),_xlfn.MAXIFS('Junior Makers 8-11'!$D:$D,'Junior Makers 8-11'!$C:$C,$C89,'Junior Makers 8-11'!$E:$E,"Per class"),_xlfn.MAXIFS('Young Innovators 12-14'!$D:$D,'Young Innovators 12-14'!$C:$C,$C89,'Young Innovators 12-14'!$E:$E,"Per class"),_xlfn.MAXIFS('Tech Leaders 15-17'!$D:$D,'Tech Leaders 15-17'!$C:$C,$C89,'Tech Leaders 15-17'!$E:$E,"Per class")) -> 0 | M89: LE-10, YI-07
A90: 74 | B90: Craft & Stationery | C90: Googly eyes | D90: Googly eyes | E90: Consumable | F90: =COUNTIF('Little Explorers 5-7'!$C:$C,$C90)+COUNTIF('Junior Makers 8-11'!$C:$C,$C90)+COUNTIF('Young Innovators 12-14'!$C:$C,$C90)+COUNTIF('Tech Leaders 15-17'!$C:$C,$C90) -> 2 | G90: =COUNTIF('Little Explorers 5-7'!$C:$C,$C90) -> 2 | H90: =COUNTIF('Junior Makers 8-11'!$C:$C,$C90) -> 0 | I90: =COUNTIF('Young Innovators 12-14'!$C:$C,$C90) -> 0 | J90: =COUNTIF('Tech Leaders 15-17'!$C:$C,$C90) -> 0 | K90: =MAX(_xlfn.MAXIFS('Little Explorers 5-7'!$D:$D,'Little Explorers 5-7'!$C:$C,$C90,'Little Explorers 5-7'!$E:$E,"Per group"),_xlfn.MAXIFS('Junior Makers 8-11'!$D:$D,'Junior Makers 8-11'!$C:$C,$C90,'Junior Makers 8-11'!$E:$E,"Per group"),_xlfn.MAXIFS('Young Innovators 12-14'!$D:$D,'Young Innovators 12-14'!$C:$C,$C90,'Young Innovators 12-14'!$E:$E,"Per group"),_xlfn.MAXIFS('Tech Leaders 15-17'!$D:$D,'Tech Leaders 15-17'!$C:$C,$C90,'Tech Leaders 15-17'!$E:$E,"Per group")) -> 2 | L90: =MAX(_xlfn.MAXIFS('Little Explorers 5-7'!$D:$D,'Little Explorers 5-7'!$C:$C,$C90,'Little Explorers 5-7'!$E:$E,"Per class"),_xlfn.MAXIFS('Junior Makers 8-11'!$D:$D,'Junior Makers 8-11'!$C:$C,$C90,'Junior Makers 8-11'!$E:$E,"Per class"),_xlfn.MAXIFS('Young Innovators 12-14'!$D:$D,'Young Innovators 12-14'!$C:$C,$C90,'Young Innovators 12-14'!$E:$E,"Per class"),_xlfn.MAXIFS('Tech Leaders 15-17'!$D:$D,'Tech Leaders 15-17'!$C:$C,$C90,'Tech Leaders 15-17'!$E:$E,"Per class")) -> 0 | M90: LE-09, LE-11
A91: 75 | B91: Craft & Stationery | C91: Conductive playdough | D91: Salt playdough | E91: Consumable | F91: =COUNTIF('Little Explorers 5-7'!$C:$C,$C91)+COUNTIF('Junior Makers 8-11'!$C:$C,$C91)+COUNTIF('Young Innovators 12-14'!$C:$C,$C91)+COUNTIF('Tech Leaders 15-17'!$C:$C,$C91) -> 1 | G91: =COUNTIF('Little Explorers 5-7'!$C:$C,$C91) -> 1 | H91: =COUNTIF('Junior Makers 8-11'!$C:$C,$C91) -> 0 | I91: =COUNTIF('Young Innovators 12-14'!$C:$C,$C91) -> 0 | J91: =COUNTIF('Tech Leaders 15-17'!$C:$C,$C91) -> 0 | K91: =MAX(_xlfn.MAXIFS('Little Explorers 5-7'!$D:$D,'Little Explorers 5-7'!$C:$C,$C91,'Little Explorers 5-7'!$E:$E,"Per group"),_xlfn.MAXIFS('Junior Makers 8-11'!$D:$D,'Junior Makers 8-11'!$C:$C,$C91,'Junior Makers 8-11'!$E:$E,"Per group"),_xlfn.MAXIFS('Young Innovators 12-14'!$D:$D,'Young Innovators 12-14'!$C:$C,$C91,'Young Innovators 12-14'!$E:$E,"Per group"),_xlfn.MAXIFS('Tech Leaders 15-17'!$D:$D,'Tech Leaders 15-17'!$C:$C,$C91,'Tech Leaders 15-17'!$E:$E,"Per group")) -> 1 | L91: =MAX(_xlfn.MAXIFS('Little Explorers 5-7'!$D:$D,'Little Explorers 5-7'!$C:$C,$C91,'Little Explorers 5-7'!$E:$E,"Per class"),_xlfn.MAXIFS('Junior Makers 8-11'!$D:$D,'Junior Makers 8-11'!$C:$C,$C91,'Junior Makers 8-11'!$E:$E,"Per class"),_xlfn.MAXIFS('Young Innovators 12-14'!$D:$D,'Young Innovators 12-14'!$C:$C,$C91,'Young Innovators 12-14'!$E:$E,"Per class"),_xlfn.MAXIFS('Tech Leaders 15-17'!$D:$D,'Tech Leaders 15-17'!$C:$C,$C91,'Tech Leaders 15-17'!$E:$E,"Per class")) -> 0 | M91: LE-15
A92: 76 | B92: Craft & Stationery | C92: Printed templates | D92: Printed templates / worksheets / picture cards | E92: Consumable | F92: =COUNTIF('Little Explorers 5-7'!$C:$C,$C92)+COUNTIF('Junior Makers 8-11'!$C:$C,$C92)+COUNTIF('Young Innovators 12-14'!$C:$C,$C92)+COUNTIF('Tech Leaders 15-17'!$C:$C,$C92) -> 5 | G92: =COUNTIF('Little Explorers 5-7'!$C:$C,$C92) -> 3 | H92: =COUNTIF('Junior Makers 8-11'!$C:$C,$C92) -> 1 | I92: =COUNTIF('Young Innovators 12-14'!$C:$C,$C92) -> 1 | J92: =COUNTIF('Tech Leaders 15-17'!$C:$C,$C92) -> 0 | K92: =MAX(_xlfn.MAXIFS('Little Explorers 5-7'!$D:$D,'Little Explorers 5-7'!$C:$C,$C92,'Little Explorers 5-7'!$E:$E,"Per group"),_xlfn.MAXIFS('Junior Makers 8-11'!$D:$D,'Junior Makers 8-11'!$C:$C,$C92,'Junior Makers 8-11'!$E:$E,"Per group"),_xlfn.MAXIFS('Young Innovators 12-14'!$D:$D,'Young Innovators 12-14'!$C:$C,$C92,'Young Innovators 12-14'!$E:$E,"Per group"),_xlfn.MAXIFS('Tech Leaders 15-17'!$D:$D,'Tech Leaders 15-17'!$C:$C,$C92,'Tech Leaders 15-17'!$E:$E,"Per group")) -> 20 | L92: =MAX(_xlfn.MAXIFS('Little Explorers 5-7'!$D:$D,'Little Explorers 5-7'!$C:$C,$C92,'Little Explorers 5-7'!$E:$E,"Per class"),_xlfn.MAXIFS('Junior Makers 8-11'!$D:$D,'Junior Makers 8-11'!$C:$C,$C92,'Junior Makers 8-11'!$E:$E,"Per class"),_xlfn.MAXIFS('Young Innovators 12-14'!$D:$D,'Young Innovators 12-14'!$C:$C,$C92,'Young Innovators 12-14'!$E:$E,"Per class"),_xlfn.MAXIFS('Tech Leaders 15-17'!$D:$D,'Tech Leaders 15-17'!$C:$C,$C92,'Tech Leaders 15-17'!$E:$E,"Per class")) -> 0 | M92: JM-16, LE-12, LE-14, LE-16, YI-12
A93: 77 | B93: Craft & Stationery | C93: Plant pot with soil | D93: Small pot with soil (and a plant) | E93: Consumable | F93: =COUNTIF('Little Explorers 5-7'!$C:$C,$C93)+COUNTIF('Junior Makers 8-11'!$C:$C,$C93)+COUNTIF('Young Innovators 12-14'!$C:$C,$C93)+COUNTIF('Tech Leaders 15-17'!$C:$C,$C93) -> 2 | G93: =COUNTIF('Little Explorers 5-7'!$C:$C,$C93) -> 1 | H93: =COUNTIF('Junior Makers 8-11'!$C:$C,$C93) -> 0 | I93: =COUNTIF('Young Innovators 12-14'!$C:$C,$C93) -> 1 | J93: =COUNTIF('Tech Leaders 15-17'!$C:$C,$C93) -> 0 | K93: =MAX(_xlfn.MAXIFS('Little Explorers 5-7'!$D:$D,'Little Explorers 5-7'!$C:$C,$C93,'Little Explorers 5-7'!$E:$E,"Per group"),_xlfn.MAXIFS('Junior Makers 8-11'!$D:$D,'Junior Makers 8-11'!$C:$C,$C93,'Junior Makers 8-11'!$E:$E,"Per group"),_xlfn.MAXIFS('Young Innovators 12-14'!$D:$D,'Young Innovators 12-14'!$C:$C,$C93,'Young Innovators 12-14'!$E:$E,"Per group"),_xlfn.MAXIFS('Tech Leaders 15-17'!$D:$D,'Tech Leaders 15-17'!$C:$C,$C93,'Tech Leaders 15-17'!$E:$E,"Per group")) -> 1 | L93: =MAX(_xlfn.MAXIFS('Little Explorers 5-7'!$D:$D,'Little Explorers 5-7'!$C:$C,$C93,'Little Explorers 5-7'!$E:$E,"Per class"),_xlfn.MAXIFS('Junior Makers 8-11'!$D:$D,'Junior Makers 8-11'!$C:$C,$C93,'Junior Makers 8-11'!$E:$E,"Per class"),_xlfn.MAXIFS('Young Innovators 12-14'!$D:$D,'Young Innovators 12-14'!$C:$C,$C93,'Young Innovators 12-14'!$E:$E,"Per class"),_xlfn.MAXIFS('Tech Leaders 15-17'!$D:$D,'Tech Leaders 15-17'!$C:$C,$C93,'Tech Leaders 15-17'!$E:$E,"Per class")) -> 0 | M93: LE-07, YI-11
A94: 78 | B94: Craft & Stationery | C94: Water container | D94: Small water container/tray | E94: Reusable | F94: =COUNTIF('Little Explorers 5-7'!$C:$C,$C94)+COUNTIF('Junior Makers 8-11'!$C:$C,$C94)+COUNTIF('Young Innovators 12-14'!$C:$C,$C94)+COUNTIF('Tech Leaders 15-17'!$C:$C,$C94) -> 2 | G94: =COUNTIF('Little Explorers 5-7'!$C:$C,$C94) -> 1 | H94: =COUNTIF('Junior Makers 8-11'!$C:$C,$C94) -> 0 | I94: =COUNTIF('Young Innovators 12-14'!$C:$C,$C94) -> 1 | J94: =COUNTIF('Tech Leaders 15-17'!$C:$C,$C94) -> 0 | K94: =MAX(_xlfn.MAXIFS('Little Explorers 5-7'!$D:$D,'Little Explorers 5-7'!$C:$C,$C94,'Little Explorers 5-7'!$E:$E,"Per group"),_xlfn.MAXIFS('Junior Makers 8-11'!$D:$D,'Junior Makers 8-11'!$C:$C,$C94,'Junior Makers 8-11'!$E:$E,"Per group"),_xlfn.MAXIFS('Young Innovators 12-14'!$D:$D,'Young Innovators 12-14'!$C:$C,$C94,'Young Innovators 12-14'!$E:$E,"Per group"),_xlfn.MAXIFS('Tech Leaders 15-17'!$D:$D,'Tech Leaders 15-17'!$C:$C,$C94,'Tech Leaders 15-17'!$E:$E,"Per group")) -> 1 | L94: =MAX(_xlfn.MAXIFS('Little Explorers 5-7'!$D:$D,'Little Explorers 5-7'!$C:$C,$C94,'Little Explorers 5-7'!$E:$E,"Per class"),_xlfn.MAXIFS('Junior Makers 8-11'!$D:$D,'Junior Makers 8-11'!$C:$C,$C94,'Junior Makers 8-11'!$E:$E,"Per class"),_xlfn.MAXIFS('Young Innovators 12-14'!$D:$D,'Young Innovators 12-14'!$C:$C,$C94,'Young Innovators 12-14'!$E:$E,"Per class"),_xlfn.MAXIFS('Tech Leaders 15-17'!$D:$D,'Tech Leaders 15-17'!$C:$C,$C94,'Tech Leaders 15-17'!$E:$E,"Per class")) -> 1 | M94: LE-07, YI-11
B95: Science Consumables (5 items)
A96: 79 | B96: Science Consumables | C96: Lemons | D96: Fresh lemons | E96: Consumable | F96: =COUNTIF('Little Explorers 5-7'!$C:$C,$C96)+COUNTIF('Junior Makers 8-11'!$C:$C,$C96)+COUNTIF('Young Innovators 12-14'!$C:$C,$C96)+COUNTIF('Tech Leaders 15-17'!$C:$C,$C96) -> 1 | G96: =COUNTIF('Little Explorers 5-7'!$C:$C,$C96) -> 1 | H96: =COUNTIF('Junior Makers 8-11'!$C:$C,$C96) -> 0 | I96: =COUNTIF('Young Innovators 12-14'!$C:$C,$C96) -> 0 | J96: =COUNTIF('Tech Leaders 15-17'!$C:$C,$C96) -> 0 | K96: =MAX(_xlfn.MAXIFS('Little Explorers 5-7'!$D:$D,'Little Explorers 5-7'!$C:$C,$C96,'Little Explorers 5-7'!$E:$E,"Per group"),_xlfn.MAXIFS('Junior Makers 8-11'!$D:$D,'Junior Makers 8-11'!$C:$C,$C96,'Junior Makers 8-11'!$E:$E,"Per group"),_xlfn.MAXIFS('Young Innovators 12-14'!$D:$D,'Young Innovators 12-14'!$C:$C,$C96,'Young Innovators 12-14'!$E:$E,"Per group"),_xlfn.MAXIFS('Tech Leaders 15-17'!$D:$D,'Tech Leaders 15-17'!$C:$C,$C96,'Tech Leaders 15-17'!$E:$E,"Per group")) -> 4 | L96: =MAX(_xlfn.MAXIFS('Little Explorers 5-7'!$D:$D,'Little Explorers 5-7'!$C:$C,$C96,'Little Explorers 5-7'!$E:$E,"Per class"),_xlfn.MAXIFS('Junior Makers 8-11'!$D:$D,'Junior Makers 8-11'!$C:$C,$C96,'Junior Makers 8-11'!$E:$E,"Per class"),_xlfn.MAXIFS('Young Innovators 12-14'!$D:$D,'Young Innovators 12-14'!$C:$C,$C96,'Young Innovators 12-14'!$E:$E,"Per class"),_xlfn.MAXIFS('Tech Leaders 15-17'!$D:$D,'Tech Leaders 15-17'!$C:$C,$C96,'Tech Leaders 15-17'!$E:$E,"Per class")) -> 0 | M96: LE-03 | N96: Buy on the day.
A97: 80 | B97: Science Consumables | C97: Galvanized nails | D97: Zinc-coated nails | E97: Consumable | F97: =COUNTIF('Little Explorers 5-7'!$C:$C,$C97)+COUNTIF('Junior Makers 8-11'!$C:$C,$C97)+COUNTIF('Young Innovators 12-14'!$C:$C,$C97)+COUNTIF('Tech Leaders 15-17'!$C:$C,$C97) -> 1 | G97: =COUNTIF('Little Explorers 5-7'!$C:$C,$C97) -> 1 | H97: =COUNTIF('Junior Makers 8-11'!$C:$C,$C97) -> 0 | I97: =COUNTIF('Young Innovators 12-14'!$C:$C,$C97) -> 0 | J97: =COUNTIF('Tech Leaders 15-17'!$C:$C,$C97) -> 0 | K97: =MAX(_xlfn.MAXIFS('Little Explorers 5-7'!$D:$D,'Little Explorers 5-7'!$C:$C,$C97,'Little Explorers 5-7'!$E:$E,"Per group"),_xlfn.MAXIFS('Junior Makers 8-11'!$D:$D,'Junior Makers 8-11'!$C:$C,$C97,'Junior Makers 8-11'!$E:$E,"Per group"),_xlfn.MAXIFS('Young Innovators 12-14'!$D:$D,'Young Innovators 12-14'!$C:$C,$C97,'Young Innovators 12-14'!$E:$E,"Per group"),_xlfn.MAXIFS('Tech Leaders 15-17'!$D:$D,'Tech Leaders 15-17'!$C:$C,$C97,'Tech Leaders 15-17'!$E:$E,"Per group")) -> 4 | L97: =MAX(_xlfn.MAXIFS('Little Explorers 5-7'!$D:$D,'Little Explorers 5-7'!$C:$C,$C97,'Little Explorers 5-7'!$E:$E,"Per class"),_xlfn.MAXIFS('Junior Makers 8-11'!$D:$D,'Junior Makers 8-11'!$C:$C,$C97,'Junior Makers 8-11'!$E:$E,"Per class"),_xlfn.MAXIFS('Young Innovators 12-14'!$D:$D,'Young Innovators 12-14'!$C:$C,$C97,'Young Innovators 12-14'!$E:$E,"Per class"),_xlfn.MAXIFS('Tech Leaders 15-17'!$D:$D,'Tech Leaders 15-17'!$C:$C,$C97,'Tech Leaders 15-17'!$E:$E,"Per class")) -> 0 | M97: LE-03
A98: 81 | B98: Science Consumables | C98: Copper coins | D98: Copper coins or copper strips | E98: Reusable | F98: =COUNTIF('Little Explorers 5-7'!$C:$C,$C98)+COUNTIF('Junior Makers 8-11'!$C:$C,$C98)+COUNTIF('Young Innovators 12-14'!$C:$C,$C98)+COUNTIF('Tech Leaders 15-17'!$C:$C,$C98) -> 1 | G98: =COUNTIF('Little Explorers 5-7'!$C:$C,$C98) -> 1 | H98: =COUNTIF('Junior Makers 8-11'!$C:$C,$C98) -> 0 | I98: =COUNTIF('Young Innovators 12-14'!$C:$C,$C98) -> 0 | J98: =COUNTIF('Tech Leaders 15-17'!$C:$C,$C98) -> 0 | K98: =MAX(_xlfn.MAXIFS('Little Explorers 5-7'!$D:$D,'Little Explorers 5-7'!$C:$C,$C98,'Little Explorers 5-7'!$E:$E,"Per group"),_xlfn.MAXIFS('Junior Makers 8-11'!$D:$D,'Junior Makers 8-11'!$C:$C,$C98,'Junior Makers 8-11'!$E:$E,"Per group"),_xlfn.MAXIFS('Young Innovators 12-14'!$D:$D,'Young Innovators 12-14'!$C:$C,$C98,'Young Innovators 12-14'!$E:$E,"Per group"),_xlfn.MAXIFS('Tech Leaders 15-17'!$D:$D,'Tech Leaders 15-17'!$C:$C,$C98,'Tech Leaders 15-17'!$E:$E,"Per group")) -> 4 | L98: =MAX(_xlfn.MAXIFS('Little Explorers 5-7'!$D:$D,'Little Explorers 5-7'!$C:$C,$C98,'Little Explorers 5-7'!$E:$E,"Per class"),_xlfn.MAXIFS('Junior Makers 8-11'!$D:$D,'Junior Makers 8-11'!$C:$C,$C98,'Junior Makers 8-11'!$E:$E,"Per class"),_xlfn.MAXIFS('Young Innovators 12-14'!$D:$D,'Young Innovators 12-14'!$C:$C,$C98,'Young Innovators 12-14'!$E:$E,"Per class"),_xlfn.MAXIFS('Tech Leaders 15-17'!$D:$D,'Tech Leaders 15-17'!$C:$C,$C98,'Tech Leaders 15-17'!$E:$E,"Per class")) -> 0 | M98: LE-03
A99: 82 | B99: Science Consumables | C99: Fruits (bananas etc.) | D99: Bananas / conductive fruits | E99: Consumable | F99: =COUNTIF('Little Explorers 5-7'!$C:$C,$C99)+COUNTIF('Junior Makers 8-11'!$C:$C,$C99)+COUNTIF('Young Innovators 12-14'!$C:$C,$C99)+COUNTIF('Tech Leaders 15-17'!$C:$C,$C99) -> 1 | G99: =COUNTIF('Little Explorers 5-7'!$C:$C,$C99) -> 1 | H99: =COUNTIF('Junior Makers 8-11'!$C:$C,$C99) -> 0 | I99: =COUNTIF('Young Innovators 12-14'!$C:$C,$C99) -> 0 | J99: =COUNTIF('Tech Leaders 15-17'!$C:$C,$C99) -> 0 | K99: =MAX(_xlfn.MAXIFS('Little Explorers 5-7'!$D:$D,'Little Explorers 5-7'!$C:$C,$C99,'Little Explorers 5-7'!$E:$E,"Per group"),_xlfn.MAXIFS('Junior Makers 8-11'!$D:$D,'Junior Makers 8-11'!$C:$C,$C99,'Junior Makers 8-11'!$E:$E,"Per group"),_xlfn.MAXIFS('Young Innovators 12-14'!$D:$D,'Young Innovators 12-14'!$C:$C,$C99,'Young Innovators 12-14'!$E:$E,"Per group"),_xlfn.MAXIFS('Tech Leaders 15-17'!$D:$D,'Tech Leaders 15-17'!$C:$C,$C99,'Tech Leaders 15-17'!$E:$E,"Per group")) -> 4 | L99: =MAX(_xlfn.MAXIFS('Little Explorers 5-7'!$D:$D,'Little Explorers 5-7'!$C:$C,$C99,'Little Explorers 5-7'!$E:$E,"Per class"),_xlfn.MAXIFS('Junior Makers 8-11'!$D:$D,'Junior Makers 8-11'!$C:$C,$C99,'Junior Makers 8-11'!$E:$E,"Per class"),_xlfn.MAXIFS('Young Innovators 12-14'!$D:$D,'Young Innovators 12-14'!$C:$C,$C99,'Young Innovators 12-14'!$E:$E,"Per class"),_xlfn.MAXIFS('Tech Leaders 15-17'!$D:$D,'Tech Leaders 15-17'!$C:$C,$C99,'Tech Leaders 15-17'!$E:$E,"Per class")) -> 0 | M99: LE-13 | N99: Buy on the day.
A100: 83 | B100: Science Consumables | C100: Candle | D100: Small candle (flame tests, teacher only) | E100: Consumable | F100: =COUNTIF('Little Explorers 5-7'!$C:$C,$C100)+COUNTIF('Junior Makers 8-11'!$C:$C,$C100)+COUNTIF('Young Innovators 12-14'!$C:$C,$C100)+COUNTIF('Tech Leaders 15-17'!$C:$C,$C100) -> 2 | G100: =COUNTIF('Little Explorers 5-7'!$C:$C,$C100) -> 0 | H100: =COUNTIF('Junior Makers 8-11'!$C:$C,$C100) -> 1 | I100: =COUNTIF('Young Innovators 12-14'!$C:$C,$C100) -> 0 | J100: =COUNTIF('Tech Leaders 15-17'!$C:$C,$C100) -> 1 | K100: =MAX(_xlfn.MAXIFS('Little Explorers 5-7'!$D:$D,'Little Explorers 5-7'!$C:$C,$C100,'Little Explorers 5-7'!$E:$E,"Per group"),_xlfn.MAXIFS('Junior Makers 8-11'!$D:$D,'Junior Makers 8-11'!$C:$C,$C100,'Junior Makers 8-11'!$E:$E,"Per group"),_xlfn.MAXIFS('Young Innovators 12-14'!$D:$D,'Young Innovators 12-14'!$C:$C,$C100,'Young Innovators 12-14'!$E:$E,"Per group"),_xlfn.MAXIFS('Tech Leaders 15-17'!$D:$D,'Tech Leaders 15-17'!$C:$C,$C100,'Tech Leaders 15-17'!$E:$E,"Per group")) -> 0 | L100: =MAX(_xlfn.MAXIFS('Little Explorers 5-7'!$D:$D,'Little Explorers 5-7'!$C:$C,$C100,'Little Explorers 5-7'!$E:$E,"Per class"),_xlfn.MAXIFS('Junior Makers 8-11'!$D:$D,'Junior Makers 8-11'!$C:$C,$C100,'Junior Makers 8-11'!$E:$E,"Per class"),_xlfn.MAXIFS('Young Innovators 12-14'!$D:$D,'Young Innovators 12-14'!$C:$C,$C100,'Young Innovators 12-14'!$E:$E,"Per class"),_xlfn.MAXIFS('Tech Leaders 15-17'!$D:$D,'Tech Leaders 15-17'!$C:$C,$C100,'Tech Leaders 15-17'!$E:$E,"Per class")) -> 1 | M100: JM-06, TL-14
B102: Summary
...

Sheet Software Guide
A1: Software Guide
A3: Tool | B3: Type | C3: Cost | D3: Best age | E3: Works with | F3: Website | G3: Best for | H3: Watch out | I3: Primary in | J3: Alternative in
A4: mBlock 5 / ArduBlock | B4: Picture-block coding for Arduino | C4: Free | D4: 5-11 | E4: Arduino Uno | F4: mblock.cc | G4: Arduino activities for ages 5-11 without typing code | H4: Teacher pre-wires circuits for ages 5-7. | I4: LE-02, LE-04, LE-05, LE-06, LE-07, LE-08, LE-09, LE-10, LE-12, JM-15 | J4: JM-11
A5: ArduinoBlocks | B5: Block coding for Arduino (shows C++ it generates) | C5: Free | D5: 8-11 | E5: Arduino Uno, ESP32 | F5: arduinoblocks.com | G5: Block-to-text bridge for Junior Makers | H5: Needs the ArduinoBlocks Connector app to upload. | I5: JM-02, JM-03, JM-04, JM-05, JM-06, JM-07, JM-08, JM-09, JM-11, JM-12, JM-13 | J5: YI-05
A6: Arduino IDE 2 | B6: Text coding in C/C++ | C6: Free | D6: 12-17 | E6: Arduino Uno, ESP32 | F6: arduino.cc/en/software | G6: All Young Innovators and Tech Leaders hardware | H6: Install CH340 and ESP32 board packages before class. | I6: YI-02, YI-03, YI-04, YI-05, YI-06, YI-07, YI-08, YI-09, YI-10, YI-11, TL-01, TL-02, TL-03, TL-04, TL-05, TL-07, TL-08, TL-12, TL-14 | J6: JM-02, JM-07, JM-09, JM-11, TL-16
