Workbook

Sheet Dashboard
B2: Robotics & AI Club: Session Tracker
B3: Curriculum developed by Qasim Mushtaq, MS Robotics and AI · Academic Year 2026-27
B5: Pathway | C5: Total | D5: Done | E5: Planned | F5: Postponed | G5: Cancelled | H5: % complete | I5: Progress | J5: Last session
B6: Little Explorers (Ages 5-7) | C6: 16 | D6: =COUNTIF('Little Explorers 5-7'!F5:F20,"Done") -> 0 | E6: =COUNTIF('Little Explorers 5-7'!F5:F20,"Planned") -> 0 | F6: =COUNTIF('Little Explorers 5-7'!F5:F20,"Postponed") -> 0 | G6: =COUNTIF('Little Explorers 5-7'!F5:F20,"Cancelled") -> 0 | H6: =IFERROR(D6/(C6-G6),0) -> 0 | I6: =H6 -> 0 | J6: =IF(COUNT('Little Explorers 5-7'!G5:G20)=0,"-",MAX('Little Explorers 5-7'!G5:G20)) -> -
B7: Junior Makers (Ages 8-11) | C7: 16 | D7: =COUNTIF('Junior Makers 8-11'!F5:F20,"Done") -> 0 | E7: =COUNTIF('Junior Makers 8-11'!F5:F20,"Planned") -> 0 | F7: =COUNTIF('Junior Makers 8-11'!F5:F20,"Postponed") -> 0 | G7: =COUNTIF('Junior Makers 8-11'!F5:F20,"Cancelled") -> 0 | H7: =IFERROR(D7/(C7-G7),0) -> 0 | I7: =H7 -> 0 | J7: =IF(COUNT('Junior Makers 8-11'!G5:G20)=0,"-",MAX('Junior Makers 8-11'!G5:G20)) -> -
B8: Young Innovators (Ages 12-14) | C8: 16 | D8: =COUNTIF('Young Innovators 12-14'!F5:F20,"Done") -> 0 | E8: =COUNTIF('Young Innovators 12-14'!F5:F20,"Planned") -> 0 | F8: =COUNTIF('Young Innovators 12-14'!F5:F20,"Postponed") -> 0 | G8: =COUNTIF('Young Innovators 12-14'!F5:F20,"Cancelled") -> 0 | H8: =IFERROR(D8/(C8-G8),0) -> 0 | I8: =H8 -> 0 | J8: =IF(COUNT('Young Innovators 12-14'!G5:G20)=0,"-",MAX('Young Innovators 12-14'!G5:G20)) -> -
B9: Tech Leaders (Ages 15-17) | C9: 16 | D9: =COUNTIF('Tech Leaders 15-17'!F5:F20,"Done") -> 0 | E9: =COUNTIF('Tech Leaders 15-17'!F5:F20,"Planned") -> 0 | F9: =COUNTIF('Tech Leaders 15-17'!F5:F20,"Postponed") -> 0 | G9: =COUNTIF('Tech Leaders 15-17'!F5:F20,"Cancelled") -> 0 | H9: =IFERROR(D9/(C9-G9),0) -> 0 | I9: =H9 -> 0 | J9: =IF(COUNT('Tech Leaders 15-17'!G5:G20)=0,"-",MAX('Tech Leaders 15-17'!G5:G20)) -> -
B10: All pathways | C10: =SUM(C6:C9) -> 64 | D10: =SUM(D6:D9) -> 0 | E10: =SUM(E6:E9) -> 0 | F10: =SUM(F6:F9) -> 0 | G10: =SUM(G6:G9) -> 0 | H10: =IFERROR(D10/(C10-G10),0) -> 0 | I10: =H10 -> 0
B12: How to use
B13: 1. Open a pathway tab (click its name above).
B14: 2. Before a session, set Planned date and Status = Planned.
B15: 3. After the session, set Status = Done, add Date delivered, attendance, kit issues and notes.
B16: 4. Yellow cells are for you to edit; this dashboard updates by itself.
B17: 5. % complete ignores cancelled sessions. For several sections of one age group, copy that tab once per section.
B19: Example of a completed row
B20: Class | C20: Code | D20: Activity | E20: Domain | F20: Planned date | G20: Status | H20: Date delivered | I20: Section / batch | J20: Teacher | K20: Students present | L20: Slides ready? | M20: Kit issues / missing parts | N20: Notes & reflections
B21: 4 | C21: LE-04 | D21: Traffic Light Controller | E21: Programming & Logic | F21: 15-Oct-2026 | G21: Done | H21: 15-Oct-2026 | I21: Grade 1 A | J21: Mr. Qasim | K21: 18 | L21: Yes | M21: 1 red LED faulty, replaced | N21: Children loved the buzzer challenge; extend timing task next time

Sheet Little Explorers 5-7
A1: Little Explorers (Ages 5-7): session tracker
A2: 16 classes = 8 weeks, 2 classes a week. Capstone rows are optional extras and are not counted. Fill the yellow cells after each class. Status 'Done' turns the row green. For several sections, copy this tab once per section.
A4: Class | B4: Code | C4: Activity | D4: Domain | E4: Planned date | F4: Status | G4: Date delivered | H4: Section / batch | I4: Teacher | J4: Students present | K4: Slides ready? | L4: Kit issues / missing parts | M4: Notes & reflections
A5: 1 | B5: LE-01 | C5: Light-Up Paper Circuit Card | D5: Electronics & Circuits | F5: Not started | K5: No
A6: 2 | B6: LE-02 | C6: Push-Button Doorbell | D6: Electronics & Circuits | F6: Not started | K6: No
A7: 3 | B7: LE-03 | C7: Lemon Battery LED Lamp | D7: Power & Energy | F7: Not started | K7: No
A8: 4 | B8: LE-04 | C8: Traffic Light Controller | D8: Programming & Logic | F8: Not started | K8: No
A9: 5 | B9: LE-05 | C9: Automatic Night Lamp | D9: Sensors & Environment | F9: Not started | K9: No
A10: 6 | B10: LE-06 | C10: Hot & Cold Temperature Indicator | D10: Sensors & Environment | F10: Not started | K10: No
A11: 7 | B11: LE-07 | C11: Plant Water Alarm | D11: Sensors & Environment | F11: Not started | K11: No
A12: 8 | B12: LE-08 | C12: Motion Detector Room Alarm | D12: Security & Safety | F12: Not started | K12: No
A13: 9 | B13: LE-09 | C13: Waving Robot Arm | D13: Robotics & Actuation | F13: Not started | K13: No
A14: 10 | B14: LE-10 | C14: Automatic Railway Crossing Gate | D14: Robotics & Actuation | F14: Not started | K14: No
A15: 11 | B15: LE-11 | C15: Vibrating Brush Robot | D15: Mechanical Design | F15: Not started | K15: No
A16: 12 | B16: LE-12 | C16: Morse Code Light Messenger | D16: IoT & Communication | F16: Not started | K16: No
... A20: 16 | B20: LE-16 | C20: Robot Sorting Rules Game | D20: AI & Data | F20: Not started | K20: No
A21: Extra A | B21: CAP-1 | C21: Optional capstone (after the batch): plan and build | D21: Project-based learning | F21: Not started | K21: No
A22: Extra B | B22: CAP-2 | C22: Optional capstone (after the batch): test, improve and showcase | D22: Project-based learning | F22: Not started | K22: No
C24: Classes done | D24: =COUNTIF(F5:F20,"Done")&" of 16" -> 0 of 16
C25: Average attendance | D25: =IFERROR(ROUND(AVERAGEIF(F5:F20,"Done",J5:J20),1),"-") -> -

Sheet Junior Makers 8-11
A1: Junior Makers (Ages 8-11): session tracker
A2: 16 classes = 8 weeks, 2 classes a week. Capstone rows are optional extras and are not counted. Fill the yellow cells after each class. Status 'Done' turns the row green. For several sections, copy this tab once per section.
A4: Class | B4: Code | C4: Activity | D4: Domain | E4: Planned date | F4: Status | G4: Date delivered | H4: Section / batch | I4: Teacher | J4: Students present | K4: Slides ready? | L4: Kit issues / missing parts | M4: Notes & reflections
A5: 1 | B5: JM-01 | C5: Series & Parallel Circuit Lab | D5: Electronics & Circuits | F5: Not started | K5: No
A6: 2 | B6: JM-02 | C6: Two-Player Reaction Timer with Scoreboard | D6: Programming & Logic | F6: Not started | K6: No
A7: 3 | B7: JM-03 | C7: Mini Weather Station with OLED Display | D7: Sensors & Environment | F7: Not started | K7: No
A8: 4 | B8: JM-04 | C8: Smart Dustbin with Fill-Level Indicator | D8: Robotics & Actuation | F8: Not started | K8: No
A9: 5 | B9: JM-05 | C9: Rain-Sensing Automatic Window | D9: Sensors & Environment | F9: Not started | K9: No
A10: 6 | B10: JM-06 | C10: Fire & Gas Safety Alarm Panel | D10: Security & Safety | F10: Not started | K10: No
A11: 7 | B11: JM-07 | C11: Temperature-Controlled Smart Fan | D11: Robotics & Actuation | F11: Not started | K11: No
A12: 8 | B12: JM-08 | C12: Sun-Tracking Solar Panel | D12: Power & Energy | F12: Not started | K12: No
A13: 9 | B13: JM-09 | C13: Home Burglar Alarm with Secret Code | D13: Security & Safety | F13: Not started | K13: No
A14: 10 | B14: JM-10 | C14: 3D-Designed Name Badge & Sensor Mount | D14: Mechanical Design | F14: Not started | K14: No
A15: 11 | B15: JM-11 | C15: Line Following Robot | D15: Robotics & Actuation | F15: Not started | K15: No
A16: 12 | B16: JM-12 | C16: Phone-Controlled RGB Mood Lamp | D16: IoT & Communication | F16: Not started | K16: No
... A20: 16 | B20: JM-16 | C20: AI Recycling Sorter | D20: AI & Data | F20: Not started | K20: No
A21: Extra A | B21: CAP-1 | C21: Optional capstone (after the batch): plan and build | D21: Project-based learning | F21: Not started | K21: No
A22: Extra B | B22: CAP-2 | C22: Optional capstone (after the batch): test, improve and showcase | D22: Project-based learning | F22: Not started | K22: No
C24: Classes done | D24: =COUNTIF(F5:F20,"Done")&" of 16" -> 0 of 16
C25: Average attendance | D25: =IFERROR(ROUND(AVERAGEIF(F5:F20,"Done",J5:J20),1),"-") -> -

Sheet Young Innovators 12-14
A1: Young Innovators (Ages 12-14): session tracker
A2: 16 classes = 8 weeks, 2 classes a week. Capstone rows are optional extras and are not counted. Fill the yellow cells after each class. Status 'Done' turns the row green. For several sections, copy this tab once per section.
A4: Class | B4: Code | C4: Activity | D4: Domain | E4: Planned date | F4: Status | G4: Date delivered | H4: Section / batch | I4: Teacher | J4: Students present | K4: Slides ready? | L4: Kit issues / missing parts | M4: Notes & reflections
A5: 1 | B5: YI-01 | C5: 555 Timer Alarm Siren Circuit | D5: Electronics & Circuits | F5: Not started | K5: No
A6: 2 | B6: YI-02 | C6: Heart Rate Monitoring System | D6: Sensors & Environment | F6: Not started | K6: No
A7: 3 | B7: YI-03 | C7: Smart Classroom Energy Saver | D7: Power & Energy | F7: Not started | K7: No
A8: 4 | B8: YI-04 | C8: Stepper Motor Drawing Plotter | D8: Mechanical Design | F8: Not started | K8: No
A9: 5 | B9: YI-05 | C9: Obstacle Avoiding Robot with Scanning Sonar | D9: Robotics & Actuation | F9: Not started | K9: No
A10: 6 | B10: YI-06 | C10: Bluetooth Robot Car with Phone App | D10: IoT & Communication | F10: Not started | K10: No
A11: 7 | B11: YI-07 | C11: Gesture-Controlled Robot Arm | D11: Robotics & Actuation | F11: Not started | K11: No
A12: 8 | B12: YI-08 | C12: RFID Smart Door Lock with Access Log | D12: Security & Safety | F12: Not started | K12: No
A13: 9 | B13: YI-09 | C13: Rechargeable Power Pack for Robots | D13: Power & Energy | F13: Not started | K13: No
A14: 10 | B14: YI-10 | C14: Wireless Doorbell with Visitor Counter | D14: IoT & Communication | F14: Not started | K14: No
A15: 11 | B15: YI-11 | C15: Wi-Fi Automatic Plant Watering System | D15: Sensors & Environment | F15: Not started | K15: No
A16: 12 | B16: YI-12 | C16: Plant Monitor Mobile App | D16: App, Web & Game Development | F16: Not started | K16: No
... A20: 16 | B20: YI-16 | C20: 3D-Printed Plant Monitor Enclosure | D20: Mechanical Design | F20: Not started | K20: No
A21: Extra A | B21: CAP-1 | C21: Optional capstone (after the batch): plan and build | D21: Project-based learning | F21: Not started | K21: No
A22: Extra B | B22: CAP-2 | C22: Optional capstone (after the batch): test, improve and showcase | D22: Project-based learning | F22: Not started | K22: No
C24: Classes done | D24: =COUNTIF(F5:F20,"Done")&" of 16" -> 0 of 16
C25: Average attendance | D25: =IFERROR(ROUND(AVERAGEIF(F5:F20,"Done",J5:J20),1),"-") -> -

Sheet Tech Leaders 15-17
A1: Tech Leaders (Ages 15-17): session tracker
A2: 16 classes = 8 weeks, 2 classes a week. Capstone rows are optional extras and are not counted. Fill the yellow cells after each class. Status 'Done' turns the row green. For several sections, copy this tab once per section.
A4: Class | B4: Code | C4: Activity | D4: Domain | E4: Planned date | F4: Status | G4: Date delivered | H4: Section / batch | I4: Teacher | J4: Students present | K4: Slides ready? | L4: Kit issues / missing parts | M4: Notes & reflections
A5: 1 | B5: TL-01 | C5: Solar-Powered Off-Grid Weather Node | D5: Power & Energy | F5: Not started | K5: No
A6: 2 | B6: TL-02 | C6: Autonomous Maze Solving Robot | D6: Robotics & Actuation | F6: Not started | K6: No
A7: 3 | B7: TL-03 | C7: Pick-and-Place Robotic Arm with Record & Replay | D7: Mechanical Design | F7: Not started | K7: No
A8: 4 | B8: TL-04 | C8: Fall Detection Wearable for the Elderly | D8: Sensors & Environment | F8: Not started | K8: No
A9: 5 | B9: TL-05 | C9: ESP-NOW Wireless Sensor Network | D9: IoT & Communication | F9: Not started | K9: No
A10: 6 | B10: TL-06 | C10: Smart Home Cloud Control Hub | D10: IoT & Communication | F10: Not started | K10: No
A11: 7 | B11: TL-07 | C11: Smart Parking Occupancy Dashboard | D11: Sensors & Environment | F11: Not started | K11: No
A12: 8 | B12: TL-08 | C12: Two-Factor Smart Locker with Intrusion Alerts | D12: Security & Safety | F12: Not started | K12: No
A13: 9 | B13: TL-09 | C13: Sensor Data Logging & Analysis Pipeline | D13: AI & Data | F13: Not started | K13: No
A14: 10 | B14: TL-10 | C14: Machine Learning Rain Predictor | D14: AI & Data | F14: Not started | K14: No
A15: 11 | B15: TL-11 | C15: AI Fake News Detector | D15: AI & Data | F15: Not started | K15: No
A16: 12 | B16: TL-12 | C16: Web-Controlled Devices via REST API | D16: App, Web & Game Development | F16: Not started | K16: No
... A20: 16 | B20: TL-16 | C20: Motion-Controlled Game | D20: App, Web & Game Development | F20: Not started | K20: No
A21: Extra A | B21: CAP-1 | C21: Optional capstone (after the batch): plan and build | D21: Project-based learning | F21: Not started | K21: No
A22: Extra B | B22: CAP-2 | C22: Optional capstone (after the batch): test, improve and showcase | D22: Project-based learning | F22: Not started | K22: No
C24: Classes done | D24: =COUNTIF(F5:F20,"Done")&" of 16" -> 0 of 16
C25: Average attendance | D25: =IFERROR(ROUND(AVERAGEIF(F5:F20,"Done",J5:J20),1),"-") -> -
