Workbook

Sheet How to Use
B2: Robotics & AI Club: Weekly Planner and Hardware Sheet
B3: Curriculum developed by Qasim Mushtaq, MS Robotics and AI · Academic Year 2026-27
B5: Every Friday
B6: 1. Session Tracker | C6: For each session next week: Status = 'Next week', choose the Day, and check 'Groups (pairs)' (default 8). Add time and section if you like.
B7: 2. This Week's Hardware | C7: Type next Monday's date in the yellow cell. Part A lists the sessions, Part B lists the hardware DAY BY DAY (all sessions on that day added together).
B8: Daily Kit Lists | C8: Day by day, then each session in the same format as the kit tabs (Code, Category, Component, Qty, Basis, Type, Notes) with the total to pack. Every Arduino class also gets an LED, a 220 ohm resistor and a buzzer.
B9: 3. Print | C9: Print 'This Week's Hardware' (A4, it only prints the filled rows) and give it to the lab assistant. They tick Issued and Returned.
B10: After each session | C10: Change Status to 'Done' (it turns green and drops off next week's list) and add notes.
B12: How quantities work
B13: Per group | C13: Qty x number of groups in that session. One group = 2 students.
B14: Per class | C14: Shared items (glue gun, 3D printer). Counted once per session.
B15: Reusable items | C15: Issue qty = the most needed on any ONE day, because kits come back and are reused the next day.
B16: Consumables | C16: Issue qty = the total for the whole week (they are used up).
B17: No day set | C17: A session marked Next week without a Day is still counted, as an extra on top of the busiest day.
B19: Tabs
B20: Session Tracker | C20: All activities for all 4 pathways: Foundation classes (F-00 Welcome to Robotics, F-01 Arduino Uno, F-02 ESP32, F-03 3D printing) for every age group, Phase 1 (classes 1-16), Phase 2 (17-32) and the JM-00 Art Bot intro. Click a code to open its kit.
B21: LE / JM / YI / TL Kits | C21: Hardware per activity. Edit columns A-G to change a kit; the weekly sheet follows automatically. Each activity header shows its current status.
B22: Calc | C22: Automatic totals per component. Only touch it to add a brand-new component name.
B24: Example | C24: Friday 9 Oct: JM-06 Fire & Gas Alarm set to Next week, Day = Tue, Groups = 8 -> the weekly sheet asks for 8 Arduino Unos, 8 MQ-2 sensors, 8 flame sensors... for Tuesday 13 Oct.
B26: Yellow cells = you edit. Grey cells = automatic, do not type over them.

Sheet This Week's Hardware
A1: Robotics & AI Club: Hardware Request for the Week | J1: Received by (lab):
A2: Pak-Turk Maarif International Schools & Colleges, Chak Shahzad Campus · Robotics Lab | J2: Signature / date:
A3: Week starting (Monday): | D3: Requested by: | F3: Qasim Mushtaq
A4: =COUNT('Session Tracker'!$M$5:$M$149)&" session(s) marked Next week · "&COUNTIF(Calc!$M$3:$M$101,">0")&" different items this week" -> 0 session(s) marked Next week · 0 different items this week | I4: =IF(SUM(Calc!K3:K101)<>SUM('Little Explorers Kits'!H5:M358)+SUM('Junior Makers Kits'!H5:M440)+SUM('Young Innovators Kits'!H5:M418)+SUM('Tech Leaders Kits'!H5:M386),"Warning: a kit tab has a component name that is missing from the Calc tab","")
A6: A. Sessions next week
A7: # | B7: Day / date | C7: Activity | D7: Code | E7: Time | G7: Pathway | J7: Groups | K7: Section / class
A8: =IF(1<=COUNT('Session Tracker'!$M$5:$M$149),1,"") | B8: =IF($A8="","",IF(IFERROR(INDEX('Session Tracker'!$G$5:$G$149,MATCH(SMALL('Session Tracker'!$M$5:$M$149,$A8),'Session Tracker'!$M$5:$M$149,0)),"")="","Day not set",IFERROR(INDEX('Session Tracker'!$G$5:$G$149,MATCH(SMALL('Session Tracker'!$M$5:$M$149,$A8),'Session Tracker'!$M$5:$M$149,0)),"")&IF($C$3="",""," "&TEXT($C$3+MATCH(IFERROR(INDEX('Session Tracker'!$G$5:$G$149,MATCH(SMALL('Session Tracker'!$M$5:$M$149,$A8),'Session Tracker'!$M$5:$M$149,0)),""),{"Mon","Tue","Wed","Thu","Fri"},0)-1,"dd-mmm")))) | C8: =IF($A8="","",IFERROR(INDEX('Session Tracker'!$E$5:$E$149,MATCH(SMALL('Session Tracker'!$M$5:$M$149,$A8),'Session Tracker'!$M$5:$M$149,0)),"")) | D8: =IF($A8="","",IFERROR(INDEX('Session Tracker'!$D$5:$D$149,MATCH(SMALL('Session Tracker'!$M$5:$M$149,$A8),'Session Tracker'!$M$5:$M$149,0)),"")) | E8: =IF($A8="","",IFERROR(INDEX('Session Tracker'!$H$5:$H$149,MATCH(SMALL('Session Tracker'!$M$5:$M$149,$A8),'Session Tracker'!$M$5:$M$149,0)),"")&"") | G8: =IF($A8="","",IFERROR(INDEX('Session Tracker'!$A$5:$A$149,MATCH(SMALL('Session Tracker'!$M$5:$M$149,$A8),'Session Tracker'!$M$5:$M$149,0)),"")) | J8: =IF($A8="","",IFERROR(INDEX('Session Tracker'!$J$5:$J$149,MATCH(SMALL('Session Tracker'!$M$5:$M$149,$A8),'Session Tracker'!$M$5:$M$149,0)),"")) | K8: =IF($A8="","",IFERROR(INDEX('Session Tracker'!$I$5:$I$149,MATCH(SMALL('Session Tracker'!$M$5:$M$149,$A8),'Session Tracker'!$M$5:$M$149,0)),"")&"")
A9: =IF(2<=COUNT('Session Tracker'!$M$5:$M$149),2,"") | B9: =IF($A9="","",IF(IFERROR(INDEX('Session Tracker'!$G$5:$G$149,MATCH(SMALL('Session Tracker'!$M$5:$M$149,$A9),'Session Tracker'!$M$5:$M$149,0)),"")="","Day not set",IFERROR(INDEX('Session Tracker'!$G$5:$G$149,MATCH(SMALL('Session Tracker'!$M$5:$M$149,$A9),'Session Tracker'!$M$5:$M$149,0)),"")&IF($C$3="",""," "&TEXT($C$3+MATCH(IFERROR(INDEX('Session Tracker'!$G$5:$G$149,MATCH(SMALL('Session Tracker'!$M$5:$M$149,$A9),'Session Tracker'!$M$5:$M$149,0)),""),{"Mon","Tue","Wed","Thu","Fri"},0)-1,"dd-mmm")))) | C9: =IF($A9="","",IFERROR(INDEX('Session Tracker'!$E$5:$E$149,MATCH(SMALL('Session Tracker'!$M$5:$M$149,$A9),'Session Tracker'!$M$5:$M$149,0)),"")) | D9: =IF($A9="","",IFERROR(INDEX('Session Tracker'!$D$5:$D$149,MATCH(SMALL('Session Tracker'!$M$5:$M$149,$A9),'Session Tracker'!$M$5:$M$149,0)),"")) | E9: =IF($A9="","",IFERROR(INDEX('Session Tracker'!$H$5:$H$149,MATCH(SMALL('Session Tracker'!$M$5:$M$149,$A9),'Session Tracker'!$M$5:$M$149,0)),"")&"") | G9: =IF($A9="","",IFERROR(INDEX('Session Tracker'!$A$5:$A$149,MATCH(SMALL('Session Tracker'!$M$5:$M$149,$A9),'Session Tracker'!$M$5:$M$149,0)),"")) | J9: =IF($A9="","",IFERROR(INDEX('Session Tracker'!$J$5:$J$149,MATCH(SMALL('Session Tracker'!$M$5:$M$149,$A9),'Session Tracker'!$M$5:$M$149,0)),"")) | K9: =IF($A9="","",IFERROR(INDEX('Session Tracker'!$I$5:$I$149,MATCH(SMALL('Session Tracker'!$M$5:$M$149,$A9),'Session Tracker'!$M$5:$M$149,0)),"")&"")
A10: =IF(3<=COUNT('Session Tracker'!$M$5:$M$149),3,"") | B10: =IF($A10="","",IF(IFERROR(INDEX('Session Tracker'!$G$5:$G$149,MATCH(SMALL('Session Tracker'!$M$5:$M$149,$A10),'Session Tracker'!$M$5:$M$149,0)),"")="","Day not set",IFERROR(INDEX('Session Tracker'!$G$5:$G$149,MATCH(SMALL('Session Tracker'!$M$5:$M$149,$A10),'Session Tracker'!$M$5:$M$149,0)),"")&IF($C$3="",""," "&TEXT($C$3+MATCH(IFERROR(INDEX('Session Tracker'!$G$5:$G$149,MATCH(SMALL('Session Tracker'!$M$5:$M$149,$A10),'Session Tracker'!$M$5:$M$149,0)),""),{"Mon","Tue","Wed","Thu","Fri"},0)-1,"dd-mmm")))) | C10: =IF($A10="","",IFERROR(INDEX('Session Tracker'!$E$5:$E$149,MATCH(SMALL('Session Tracker'!$M$5:$M$149,$A10),'Session Tracker'!$M$5:$M$149,0)),"")) | D10: =IF($A10="","",IFERROR(INDEX('Session Tracker'!$D$5:$D$149,MATCH(SMALL('Session Tracker'!$M$5:$M$149,$A10),'Session Tracker'!$M$5:$M$149,0)),"")) | E10: =IF($A10="","",IFERROR(INDEX('Session Tracker'!$H$5:$H$149,MATCH(SMALL('Session Tracker'!$M$5:$M$149,$A10),'Session Tracker'!$M$5:$M$149,0)),"")&"") | G10: =IF($A10="","",IFERROR(INDEX('Session Tracker'!$A$5:$A$149,MATCH(SMALL('Session Tracker'!$M$5:$M$149,$A10),'Session Tracker'!$M$5:$M$149,0)),"")) | J10: =IF($A10="","",IFERROR(INDEX('Session Tracker'!$J$5:$J$149,MATCH(SMALL('Session Tracker'!$M$5:$M$149,$A10),'Session Tracker'!$M$5:$M$149,0)),"")) | K10: =IF($A10="","",IFERROR(INDEX('Session Tracker'!$I$5:$I$149,MATCH(SMALL('Session Tracker'!$M$5:$M$149,$A10),'Session Tracker'!$M$5:$M$149,0)),"")&"")
A11: =IF(4<=COUNT('Session Tracker'!$M$5:$M$149),4,"") | B11: =IF($A11="","",IF(IFERROR(INDEX('Session Tracker'!$G$5:$G$149,MATCH(SMALL('Session Tracker'!$M$5:$M$149,$A11),'Session Tracker'!$M$5:$M$149,0)),"")="","Day not set",IFERROR(INDEX('Session Tracker'!$G$5:$G$149,MATCH(SMALL('Session Tracker'!$M$5:$M$149,$A11),'Session Tracker'!$M$5:$M$149,0)),"")&IF($C$3="",""," "&TEXT($C$3+MATCH(IFERROR(INDEX('Session Tracker'!$G$5:$G$149,MATCH(SMALL('Session Tracker'!$M$5:$M$149,$A11),'Session Tracker'!$M$5:$M$149,0)),""),{"Mon","Tue","Wed","Thu","Fri"},0)-1,"dd-mmm")))) | C11: =IF($A11="","",IFERROR(INDEX('Session Tracker'!$E$5:$E$149,MATCH(SMALL('Session Tracker'!$M$5:$M$149,$A11),'Session Tracker'!$M$5:$M$149,0)),"")) | D11: =IF($A11="","",IFERROR(INDEX('Session Tracker'!$D$5:$D$149,MATCH(SMALL('Session Tracker'!$M$5:$M$149,$A11),'Session Tracker'!$M$5:$M$149,0)),"")) | E11: =IF($A11="","",IFERROR(INDEX('Session Tracker'!$H$5:$H$149,MATCH(SMALL('Session Tracker'!$M$5:$M$149,$A11),'Session Tracker'!$M$5:$M$149,0)),"")&"") | G11: =IF($A11="","",IFERROR(INDEX('Session Tracker'!$A$5:$A$149,MATCH(SMALL('Session Tracker'!$M$5:$M$149,$A11),'Session Tracker'!$M$5:$M$149,0)),"")) | J11: =IF($A11="","",IFERROR(INDEX('Session Tracker'!$J$5:$J$149,MATCH(SMALL('Session Tracker'!$M$5:$M$149,$A11),'Session Tracker'!$M$5:$M$149,0)),"")) | K11: =IF($A11="","",IFERROR(INDEX('Session Tracker'!$I$5:$I$149,MATCH(SMALL('Session Tracker'!$M$5:$M$149,$A11),'Session Tracker'!$M$5:$M$149,0)),"")&"")
A12: =IF(5<=COUNT('Session Tracker'!$M$5:$M$149),5,"") | B12: =IF($A12="","",IF(IFERROR(INDEX('Session Tracker'!$G$5:$G$149,MATCH(SMALL('Session Tracker'!$M$5:$M$149,$A12),'Session Tracker'!$M$5:$M$149,0)),"")="","Day not set",IFERROR(INDEX('Session Tracker'!$G$5:$G$149,MATCH(SMALL('Session Tracker'!$M$5:$M$149,$A12),'Session Tracker'!$M$5:$M$149,0)),"")&IF($C$3="",""," "&TEXT($C$3+MATCH(IFERROR(INDEX('Session Tracker'!$G$5:$G$149,MATCH(SMALL('Session Tracker'!$M$5:$M$149,$A12),'Session Tracker'!$M$5:$M$149,0)),""),{"Mon","Tue","Wed","Thu","Fri"},0)-1,"dd-mmm")))) | C12: =IF($A12="","",IFERROR(INDEX('Session Tracker'!$E$5:$E$149,MATCH(SMALL('Session Tracker'!$M$5:$M$149,$A12),'Session Tracker'!$M$5:$M$149,0)),"")) | D12: =IF($A12="","",IFERROR(INDEX('Session Tracker'!$D$5:$D$149,MATCH(SMALL('Session Tracker'!$M$5:$M$149,$A12),'Session Tracker'!$M$5:$M$149,0)),"")) | E12: =IF($A12="","",IFERROR(INDEX('Session Tracker'!$H$5:$H$149,MATCH(SMALL('Session Tracker'!$M$5:$M$149,$A12),'Session Tracker'!$M$5:$M$149,0)),"")&"") | G12: =IF($A12="","",IFERROR(INDEX('Session Tracker'!$A$5:$A$149,MATCH(SMALL('Session Tracker'!$M$5:$M$149,$A12),'Session Tracker'!$M$5:$M$149,0)),"")) | J12: =IF($A12="","",IFERROR(INDEX('Session Tracker'!$J$5:$J$149,MATCH(SMALL('Session Tracker'!$M$5:$M$149,$A12),'Session Tracker'!$M$5:$M$149,0)),"")) | K12: =IF($A12="","",IFERROR(INDEX('Session Tracker'!$I$5:$I$149,MATCH(SMALL('Session Tracker'!$M$5:$M$149,$A12),'Session Tracker'!$M$5:$M$149,0)),"")&"")
A13: =IF(6<=COUNT('Session Tracker'!$M$5:$M$149),6,"") | B13: =IF($A13="","",IF(IFERROR(INDEX('Session Tracker'!$G$5:$G$149,MATCH(SMALL('Session Tracker'!$M$5:$M$149,$A13),'Session Tracker'!$M$5:$M$149,0)),"")="","Day not set",IFERROR(INDEX('Session Tracker'!$G$5:$G$149,MATCH(SMALL('Session Tracker'!$M$5:$M$149,$A13),'Session Tracker'!$M$5:$M$149,0)),"")&IF($C$3="",""," "&TEXT($C$3+MATCH(IFERROR(INDEX('Session Tracker'!$G$5:$G$149,MATCH(SMALL('Session Tracker'!$M$5:$M$149,$A13),'Session Tracker'!$M$5:$M$149,0)),""),{"Mon","Tue","Wed","Thu","Fri"},0)-1,"dd-mmm")))) | C13: =IF($A13="","",IFERROR(INDEX('Session Tracker'!$E$5:$E$149,MATCH(SMALL('Session Tracker'!$M$5:$M$149,$A13),'Session Tracker'!$M$5:$M$149,0)),"")) | D13: =IF($A13="","",IFERROR(INDEX('Session Tracker'!$D$5:$D$149,MATCH(SMALL('Session Tracker'!$M$5:$M$149,$A13),'Session Tracker'!$M$5:$M$149,0)),"")) | E13: =IF($A13="","",IFERROR(INDEX('Session Tracker'!$H$5:$H$149,MATCH(SMALL('Session Tracker'!$M$5:$M$149,$A13),'Session Tracker'!$M$5:$M$149,0)),"")&"") | G13: =IF($A13="","",IFERROR(INDEX('Session Tracker'!$A$5:$A$149,MATCH(SMALL('Session Tracker'!$M$5:$M$149,$A13),'Session Tracker'!$M$5:$M$149,0)),"")) | J13: =IF($A13="","",IFERROR(INDEX('Session Tracker'!$J$5:$J$149,MATCH(SMALL('Session Tracker'!$M$5:$M$149,$A13),'Session Tracker'!$M$5:$M$149,0)),"")) | K13: =IF($A13="","",IFERROR(INDEX('Session Tracker'!$I$5:$I$149,MATCH(SMALL('Session Tracker'!$M$5:$M$149,$A13),'Session Tracker'!$M$5:$M$149,0)),"")&"")
A14: =IF(7<=COUNT('Session Tracker'!$M$5:$M$149),7,"") | B14: =IF($A14="","",IF(IFERROR(INDEX('Session Tracker'!$G$5:$G$149,MATCH(SMALL('Session Tracker'!$M$5:$M$149,$A14),'Session Tracker'!$M$5:$M$149,0)),"")="","Day not set",IFERROR(INDEX('Session Tracker'!$G$5:$G$149,MATCH(SMALL('Session Tracker'!$M$5:$M$149,$A14),'Session Tracker'!$M$5:$M$149,0)),"")&IF($C$3="",""," "&TEXT($C$3+MATCH(IFERROR(INDEX('Session Tracker'!$G$5:$G$149,MATCH(SMALL('Session Tracker'!$M$5:$M$149,$A14),'Session Tracker'!$M$5:$M$149,0)),""),{"Mon","Tue","Wed","Thu","Fri"},0)-1,"dd-mmm")))) | C14: =IF($A14="","",IFERROR(INDEX('Session Tracker'!$E$5:$E$149,MATCH(SMALL('Session Tracker'!$M$5:$M$149,$A14),'Session Tracker'!$M$5:$M$149,0)),"")) | D14: =IF($A14="","",IFERROR(INDEX('Session Tracker'!$D$5:$D$149,MATCH(SMALL('Session Tracker'!$M$5:$M$149,$A14),'Session Tracker'!$M$5:$M$149,0)),"")) | E14: =IF($A14="","",IFERROR(INDEX('Session Tracker'!$H$5:$H$149,MATCH(SMALL('Session Tracker'!$M$5:$M$149,$A14),'Session Tracker'!$M$5:$M$149,0)),"")&"") | G14: =IF($A14="","",IFERROR(INDEX('Session Tracker'!$A$5:$A$149,MATCH(SMALL('Session Tracker'!$M$5:$M$149,$A14),'Session Tracker'!$M$5:$M$149,0)),"")) | J14: =IF($A14="","",IFERROR(INDEX('Session Tracker'!$J$5:$J$149,MATCH(SMALL('Session Tracker'!$M$5:$M$149,$A14),'Session Tracker'!$M$5:$M$149,0)),"")) | K14: =IF($A14="","",IFERROR(INDEX('Session Tracker'!$I$5:$I$149,MATCH(SMALL('Session Tracker'!$M$5:$M$149,$A14),'Session Tracker'!$M$5:$M$149,0)),"")&"")
A15: =IF(8<=COUNT('Session Tracker'!$M$5:$M$149),8,"") | B15: =IF($A15="","",IF(IFERROR(INDEX('Session Tracker'!$G$5:$G$149,MATCH(SMALL('Session Tracker'!$M$5:$M$149,$A15),'Session Tracker'!$M$5:$M$149,0)),"")="","Day not set",IFERROR(INDEX('Session Tracker'!$G$5:$G$149,MATCH(SMALL('Session Tracker'!$M$5:$M$149,$A15),'Session Tracker'!$M$5:$M$149,0)),"")&IF($C$3="",""," "&TEXT($C$3+MATCH(IFERROR(INDEX('Session Tracker'!$G$5:$G$149,MATCH(SMALL('Session Tracker'!$M$5:$M$149,$A15),'Session Tracker'!$M$5:$M$149,0)),""),{"Mon","Tue","Wed","Thu","Fri"},0)-1,"dd-mmm")))) | C15: =IF($A15="","",IFERROR(INDEX('Session Tracker'!$E$5:$E$149,MATCH(SMALL('Session Tracker'!$M$5:$M$149,$A15),'Session Tracker'!$M$5:$M$149,0)),"")) | D15: =IF($A15="","",IFERROR(INDEX('Session Tracker'!$D$5:$D$149,MATCH(SMALL('Session Tracker'!$M$5:$M$149,$A15),'Session Tracker'!$M$5:$M$149,0)),"")) | E15: =IF($A15="","",IFERROR(INDEX('Session Tracker'!$H$5:$H$149,MATCH(SMALL('Session Tracker'!$M$5:$M$149,$A15),'Session Tracker'!$M$5:$M$149,0)),"")&"") | G15: =IF($A15="","",IFERROR(INDEX('Session Tracker'!$A$5:$A$149,MATCH(SMALL('Session Tracker'!$M$5:$M$149,$A15),'Session Tracker'!$M$5:$M$149,0)),"")) | J15: =IF($A15="","",IFERROR(INDEX('Session Tracker'!$J$5:$J$149,MATCH(SMALL('Session Tracker'!$M$5:$M$149,$A15),'Session Tracker'!$M$5:$M$149,0)),"")) | K15: =IF($A15="","",IFERROR(INDEX('Session Tracker'!$I$5:$I$149,MATCH(SMALL('Session Tracker'!$M$5:$M$149,$A15),'Session Tracker'!$M$5:$M$149,0)),"")&"")
A16: =IF(9<=COUNT('Session Tracker'!$M$5:$M$149),9,"") | B16: =IF($A16="","",IF(IFERROR(INDEX('Session Tracker'!$G$5:$G$149,MATCH(SMALL('Session Tracker'!$M$5:$M$149,$A16),'Session Tracker'!$M$5:$M$149,0)),"")="","Day not set",IFERROR(INDEX('Session Tracker'!$G$5:$G$149,MATCH(SMALL('Session Tracker'!$M$5:$M$149,$A16),'Session Tracker'!$M$5:$M$149,0)),"")&IF($C$3="",""," "&TEXT($C$3+MATCH(IFERROR(INDEX('Session Tracker'!$G$5:$G$149,MATCH(SMALL('Session Tracker'!$M$5:$M$149,$A16),'Session Tracker'!$M$5:$M$149,0)),""),{"Mon","Tue","Wed","Thu","Fri"},0)-1,"dd-mmm")))) | C16: =IF($A16="","",IFERROR(INDEX('Session Tracker'!$E$5:$E$149,MATCH(SMALL('Session Tracker'!$M$5:$M$149,$A16),'Session Tracker'!$M$5:$M$149,0)),"")) | D16: =IF($A16="","",IFERROR(INDEX('Session Tracker'!$D$5:$D$149,MATCH(SMALL('Session Tracker'!$M$5:$M$149,$A16),'Session Tracker'!$M$5:$M$149,0)),"")) | E16: =IF($A16="","",IFERROR(INDEX('Session Tracker'!$H$5:$H$149,MATCH(SMALL('Session Tracker'!$M$5:$M$149,$A16),'Session Tracker'!$M$5:$M$149,0)),"")&"") | G16: =IF($A16="","",IFERROR(INDEX('Session Tracker'!$A$5:$A$149,MATCH(SMALL('Session Tracker'!$M$5:$M$149,$A16),'Session Tracker'!$M$5:$M$149,0)),"")) | J16: =IF($A16="","",IFERROR(INDEX('Session Tracker'!$J$5:$J$149,MATCH(SMALL('Session Tracker'!$M$5:$M$149,$A16),'Session Tracker'!$M$5:$M$149,0)),"")) | K16: =IF($A16="","",IFERROR(INDEX('Session Tracker'!$I$5:$I$149,MATCH(SMALL('Session Tracker'!$M$5:$M$149,$A16),'Session Tracker'!$M$5:$M$149,0)),"")&"")
A17: =IF(10<=COUNT('Session Tracker'!$M$5:$M$149),10,"") | B17: =IF($A17="","",IF(IFERROR(INDEX('Session Tracker'!$G$5:$G$149,MATCH(SMALL('Session Tracker'!$M$5:$M$149,$A17),'Session Tracker'!$M$5:$M$149,0)),"")="","Day not set",IFERROR(INDEX('Session Tracker'!$G$5:$G$149,MATCH(SMALL('Session Tracker'!$M$5:$M$149,$A17),'Session Tracker'!$M$5:$M$149,0)),"")&IF($C$3="",""," "&TEXT($C$3+MATCH(IFERROR(INDEX('Session Tracker'!$G$5:$G$149,MATCH(SMALL('Session Tracker'!$M$5:$M$149,$A17),'Session Tracker'!$M$5:$M$149,0)),""),{"Mon","Tue","Wed","Thu","Fri"},0)-1,"dd-mmm")))) | C17: =IF($A17="","",IFERROR(INDEX('Session Tracker'!$E$5:$E$149,MATCH(SMALL('Session Tracker'!$M$5:$M$149,$A17),'Session Tracker'!$M$5:$M$149,0)),"")) | D17: =IF($A17="","",IFERROR(INDEX('Session Tracker'!$D$5:$D$149,MATCH(SMALL('Session Tracker'!$M$5:$M$149,$A17),'Session Tracker'!$M$5:$M$149,0)),"")) | E17: =IF($A17="","",IFERROR(INDEX('Session Tracker'!$H$5:$H$149,MATCH(SMALL('Session Tracker'!$M$5:$M$149,$A17),'Session Tracker'!$M$5:$M$149,0)),"")&"") | G17: =IF($A17="","",IFERROR(INDEX('Session Tracker'!$A$5:$A$149,MATCH(SMALL('Session Tracker'!$M$5:$M$149,$A17),'Session Tracker'!$M$5:$M$149,0)),"")) | J17: =IF($A17="","",IFERROR(INDEX('Session Tracker'!$J$5:$J$149,MATCH(SMALL('Session Tracker'!$M$5:$M$149,$A17),'Session Tracker'!$M$5:$M$149,0)),"")) | K17: =IF($A17="","",IFERROR(INDEX('Session Tracker'!$I$5:$I$149,MATCH(SMALL('Session Tracker'!$M$5:$M$149,$A17),'Session Tracker'!$M$5:$M$149,0)),"")&"")
A18: =IF(11<=COUNT('Session Tracker'!$M$5:$M$149),11,"") | B18: =IF($A18="","",IF(IFERROR(INDEX('Session Tracker'!$G$5:$G$149,MATCH(SMALL('Session Tracker'!$M$5:$M$149,$A18),'Session Tracker'!$M$5:$M$149,0)),"")="","Day not set",IFERROR(INDEX('Session Tracker'!$G$5:$G$149,MATCH(SMALL('Session Tracker'!$M$5:$M$149,$A18),'Session Tracker'!$M$5:$M$149,0)),"")&IF($C$3="",""," "&TEXT($C$3+MATCH(IFERROR(INDEX('Session Tracker'!$G$5:$G$149,MATCH(SMALL('Session Tracker'!$M$5:$M$149,$A18),'Session Tracker'!$M$5:$M$149,0)),""),{"Mon","Tue","Wed","Thu","Fri"},0)-1,"dd-mmm")))) | C18: =IF($A18="","",IFERROR(INDEX('Session Tracker'!$E$5:$E$149,MATCH(SMALL('Session Tracker'!$M$5:$M$149,$A18),'Session Tracker'!$M$5:$M$149,0)),"")) | D18: =IF($A18="","",IFERROR(INDEX('Session Tracker'!$D$5:$D$149,MATCH(SMALL('Session Tracker'!$M$5:$M$149,$A18),'Session Tracker'!$M$5:$M$149,0)),"")) | E18: =IF($A18="","",IFERROR(INDEX('Session Tracker'!$H$5:$H$149,MATCH(SMALL('Session Tracker'!$M$5:$M$149,$A18),'Session Tracker'!$M$5:$M$149,0)),"")&"") | G18: =IF($A18="","",IFERROR(INDEX('Session Tracker'!$A$5:$A$149,MATCH(SMALL('Session Tracker'!$M$5:$M$149,$A18),'Session Tracker'!$M$5:$M$149,0)),"")) | J18: =IF($A18="","",IFERROR(INDEX('Session Tracker'!$J$5:$J$149,MATCH(SMALL('Session Tracker'!$M$5:$M$149,$A18),'Session Tracker'!$M$5:$M$149,0)),"")) | K18: =IF($A18="","",IFERROR(INDEX('Session Tracker'!$I$5:$I$149,MATCH(SMALL('Session Tracker'!$M$5:$M$149,$A18),'Session Tracker'!$M$5:$M$149,0)),"")&"")
A19: =IF(12<=COUNT('Session Tracker'!$M$5:$M$149),12,"") | B19: =IF($A19="","",IF(IFERROR(INDEX('Session Tracker'!$G$5:$G$149,MATCH(SMALL('Session Tracker'!$M$5:$M$149,$A19),'Session Tracker'!$M$5:$M$149,0)),"")="","Day not set",IFERROR(INDEX('Session Tracker'!$G$5:$G$149,MATCH(SMALL('Session Tracker'!$M$5:$M$149,$A19),'Session Tracker'!$M$5:$M$149,0)),"")&IF($C$3="",""," "&TEXT($C$3+MATCH(IFERROR(INDEX('Session Tracker'!$G$5:$G$149,MATCH(SMALL('Session Tracker'!$M$5:$M$149,$A19),'Session Tracker'!$M$5:$M$149,0)),""),{"Mon","Tue","Wed","Thu","Fri"},0)-1,"dd-mmm")))) | C19: =IF($A19="","",IFERROR(INDEX('Session Tracker'!$E$5:$E$149,MATCH(SMALL('Session Tracker'!$M$5:$M$149,$A19),'Session Tracker'!$M$5:$M$149,0)),"")) | D19: =IF($A19="","",IFERROR(INDEX('Session Tracker'!$D$5:$D$149,MATCH(SMALL('Session Tracker'!$M$5:$M$149,$A19),'Session Tracker'!$M$5:$M$149,0)),"")) | E19: =IF($A19="","",IFERROR(INDEX('Session Tracker'!$H$5:$H$149,MATCH(SMALL('Session Tracker'!$M$5:$M$149,$A19),'Session Tracker'!$M$5:$M$149,0)),"")&"") | G19: =IF($A19="","",IFERROR(INDEX('Session Tracker'!$A$5:$A$149,MATCH(SMALL('Session Tracker'!$M$5:$M$149,$A19),'Session Tracker'!$M$5:$M$149,0)),"")) | J19: =IF($A19="","",IFERROR(INDEX('Session Tracker'!$J$5:$J$149,MATCH(SMALL('Session Tracker'!$M$5:$M$149,$A19),'Session Tracker'!$M$5:$M$149,0)),"")) | K19: =IF($A19="","",IFERROR(INDEX('Session Tracker'!$I$5:$I$149,MATCH(SMALL('Session Tracker'!$M$5:$M$149,$A19),'Session Tracker'!$M$5:$M$149,0)),"")&"")
A21: B. Hardware to issue, day by day | E21: All sessions on the same day are added together. Make one kit set per day.
B22: Category | C22: Component | D22: Type | E22: Qty | K22: Packed ✓ | L22: Returned ✓ | M22: Notes
B23: =IF($O23="","",IF($O23=0,INDEX(DayLines!$D$3:$D$608,MATCH(SMALL(DayLines!$C$3:$C$608,1),DayLines!$C$3:$C$608,0)),IF($O23=999,"",INDEX(DayLines!$E$3:$E$608,MATCH(SMALL(DayLines!$C$3:$C$608,1),DayLines!$C$3:$C$608,0))))) | C23: =IF($O23="","",IF($O23=0,INDEX(DayLines!$E$3:$E$608,MATCH(SMALL(DayLines!$C$3:$C$608,1),DayLines!$C$3:$C$608,0)),IF($O23=999,"",INDEX(DayLines!$D$3:$D$608,MATCH(SMALL(DayLines!$C$3:$C$608,1),DayLines!$C$3:$C$608,0))))) | D23: =IF(OR($O23="",$O23=0,$O23=999),"",INDEX(DayLines!$F$3:$F$608,MATCH(SMALL(DayLines!$C$3:$C$608,1),DayLines!$C$3:$C$608,0))) | E23: =IF(OR($O23="",$O23=0,$O23=999),"",INDEX(DayLines!$G$3:$G$608,MATCH(SMALL(DayLines!$C$3:$C$608,1),DayLines!$C$3:$C$608,0))) | O23: =IFERROR(MOD(SMALL(DayLines!$C$3:$C$608,1),1000),"")
B24: =IF($O24="","",IF($O24=0,INDEX(DayLines!$D$3:$D$608,MATCH(SMALL(DayLines!$C$3:$C$608,2),DayLines!$C$3:$C$608,0)),IF($O24=999,"",INDEX(DayLines!$E$3:$E$608,MATCH(SMALL(DayLines!$C$3:$C$608,2),DayLines!$C$3:$C$608,0))))) | C24: =IF($O24="","",IF($O24=0,INDEX(DayLines!$E$3:$E$608,MATCH(SMALL(DayLines!$C$3:$C$608,2),DayLines!$C$3:$C$608,0)),IF($O24=999,"",INDEX(DayLines!$D$3:$D$608,MATCH(SMALL(DayLines!$C$3:$C$608,2),DayLines!$C$3:$C$608,0))))) | D24: =IF(OR($O24="",$O24=0,$O24=999),"",INDEX(DayLines!$F$3:$F$608,MATCH(SMALL(DayLines!$C$3:$C$608,2),DayLines!$C$3:$C$608,0))) | E24: =IF(OR($O24="",$O24=0,$O24=999),"",INDEX(DayLines!$G$3:$G$608,MATCH(SMALL(DayLines!$C$3:$C$608,2),DayLines!$C$3:$C$608,0))) | O24: =IFERROR(MOD(SMALL(DayLines!$C$3:$C$608,2),1000),"")
B25: =IF($O25="","",IF($O25=0,INDEX(DayLines!$D$3:$D$608,MATCH(SMALL(DayLines!$C$3:$C$608,3),DayLines!$C$3:$C$608,0)),IF($O25=999,"",INDEX(DayLines!$E$3:$E$608,MATCH(SMALL(DayLines!$C$3:$C$608,3),DayLines!$C$3:$C$608,0))))) | C25: =IF($O25="","",IF($O25=0,INDEX(DayLines!$E$3:$E$608,MATCH(SMALL(DayLines!$C$3:$C$608,3),DayLines!$C$3:$C$608,0)),IF($O25=999,"",INDEX(DayLines!$D$3:$D$608,MATCH(SMALL(DayLines!$C$3:$C$608,3),DayLines!$C$3:$C$608,0))))) | D25: =IF(OR($O25="",$O25=0,$O25=999),"",INDEX(DayLines!$F$3:$F$608,MATCH(SMALL(DayLines!$C$3:$C$608,3),DayLines!$C$3:$C$608,0))) | E25: =IF(OR($O25="",$O25=0,$O25=999),"",INDEX(DayLines!$G$3:$G$608,MATCH(SMALL(DayLines!$C$3:$C$608,3),DayLines!$C$3:$C$608,0))) | O25: =IFERROR(MOD(SMALL(DayLines!$C$3:$C$608,3),1000),"")
B26: =IF($O26="","",IF($O26=0,INDEX(DayLines!$D$3:$D$608,MATCH(SMALL(DayLines!$C$3:$C$608,4),DayLines!$C$3:$C$608,0)),IF($O26=999,"",INDEX(DayLines!$E$3:$E$608,MATCH(SMALL(DayLines!$C$3:$C$608,4),DayLines!$C$3:$C$608,0))))) | C26: =IF($O26="","",IF($O26=0,INDEX(DayLines!$E$3:$E$608,MATCH(SMALL(DayLines!$C$3:$C$608,4),DayLines!$C$3:$C$608,0)),IF($O26=999,"",INDEX(DayLines!$D$3:$D$608,MATCH(SMALL(DayLines!$C$3:$C$608,4),DayLines!$C$3:$C$608,0))))) | D26: =IF(OR($O26="",$O26=0,$O26=999),"",INDEX(DayLines!$F$3:$F$608,MATCH(SMALL(DayLines!$C$3:$C$608,4),DayLines!$C$3:$C$608,0))) | E26: =IF(OR($O26="",$O26=0,$O26=999),"",INDEX(DayLines!$G$3:$G$608,MATCH(SMALL(DayLines!$C$3:$C$608,4),DayLines!$C$3:$C$608,0))) | O26: =IFERROR(MOD(SMALL(DayLines!$C$3:$C$608,4),1000),"")
B27: =IF($O27="","",IF($O27=0,INDEX(DayLines!$D$3:$D$608,MATCH(SMALL(DayLines!$C$3:$C$608,5),DayLines!$C$3:$C$608,0)),IF($O27=999,"",INDEX(DayLines!$E$3:$E$608,MATCH(SMALL(DayLines!$C$3:$C$608,5),DayLines!$C$3:$C$608,0))))) | C27: =IF($O27="","",IF($O27=0,INDEX(DayLines!$E$3:$E$608,MATCH(SMALL(DayLines!$C$3:$C$608,5),DayLines!$C$3:$C$608,0)),IF($O27=999,"",INDEX(DayLines!$D$3:$D$608,MATCH(SMALL(DayLines!$C$3:$C$608,5),DayLines!$C$3:$C$608,0))))) | D27: =IF(OR($O27="",$O27=0,$O27=999),"",INDEX(DayLines!$F$3:$F$608,MATCH(SMALL(DayLines!$C$3:$C$608,5),DayLines!$C$3:$C$608,0))) | E27: =IF(OR($O27="",$O27=0,$O27=999),"",INDEX(DayLines!$G$3:$G$608,MATCH(SMALL(DayLines!$C$3:$C$608,5),DayLines!$C$3:$C$608,0))) | O27: =IFERROR(MOD(SMALL(DayLines!$C$3:$C$608,5),1000),"")
B28: =IF($O28="","",IF($O28=0,INDEX(DayLines!$D$3:$D$608,MATCH(SMALL(DayLines!$C$3:$C$608,6),DayLines!$C$3:$C$608,0)),IF($O28=999,"",INDEX(DayLines!$E$3:$E$608,MATCH(SMALL(DayLines!$C$3:$C$608,6),DayLines!$C$3:$C$608,0))))) | C28: =IF($O28="","",IF($O28=0,INDEX(DayLines!$E$3:$E$608,MATCH(SMALL(DayLines!$C$3:$C$608,6),DayLines!$C$3:$C$608,0)),IF($O28=999,"",INDEX(DayLines!$D$3:$D$608,MATCH(SMALL(DayLines!$C$3:$C$608,6),DayLines!$C$3:$C$608,0))))) | D28: =IF(OR($O28="",$O28=0,$O28=999),"",INDEX(DayLines!$F$3:$F$608,MATCH(SMALL(DayLines!$C$3:$C$608,6),DayLines!$C$3:$C$608,0))) | E28: =IF(OR($O28="",$O28=0,$O28=999),"",INDEX(DayLines!$G$3:$G$608,MATCH(SMALL(DayLines!$C$3:$C$608,6),DayLines!$C$3:$C$608,0))) | O28: =IFERROR(MOD(SMALL(DayLines!$C$3:$C$608,6),1000),"")
B29: =IF($O29="","",IF($O29=0,INDEX(DayLines!$D$3:$D$608,MATCH(SMALL(DayLines!$C$3:$C$608,7),DayLines!$C$3:$C$608,0)),IF($O29=999,"",INDEX(DayLines!$E$3:$E$608,MATCH(SMALL(DayLines!$C$3:$C$608,7),DayLines!$C$3:$C$608,0))))) | C29: =IF($O29="","",IF($O29=0,INDEX(DayLines!$E$3:$E$608,MATCH(SMALL(DayLines!$C$3:$C$608,7),DayLines!$C$3:$C$608,0)),IF($O29=999,"",INDEX(DayLines!$D$3:$D$608,MATCH(SMALL(DayLines!$C$3:$C$608,7),DayLines!$C$3:$C$608,0))))) | D29: =IF(OR($O29="",$O29=0,$O29=999),"",INDEX(DayLines!$F$3:$F$608,MATCH(SMALL(DayLines!$C$3:$C$608,7),DayLines!$C$3:$C$608,0))) | E29: =IF(OR($O29="",$O29=0,$O29=999),"",INDEX(DayLines!$G$3:$G$608,MATCH(SMALL(DayLines!$C$3:$C$608,7),DayLines!$C$3:$C$608,0))) | O29: =IFERROR(MOD(SMALL(DayLines!$C$3:$C$608,7),1000),"")
B30: =IF($O30="","",IF($O30=0,INDEX(DayLines!$D$3:$D$608,MATCH(SMALL(DayLines!$C$3:$C$608,8),DayLines!$C$3:$C$608,0)),IF($O30=999,"",INDEX(DayLines!$E$3:$E$608,MATCH(SMALL(DayLines!$C$3:$C$608,8),DayLines!$C$3:$C$608,0))))) | C30: =IF($O30="","",IF($O30=0,INDEX(DayLines!$E$3:$E$608,MATCH(SMALL(DayLines!$C$3:$C$608,8),DayLines!$C$3:$C$608,0)),IF($O30=999,"",INDEX(DayLines!$D$3:$D$608,MATCH(SMALL(DayLines!$C$3:$C$608,8),DayLines!$C$3:$C$608,0))))) | D30: =IF(OR($O30="",$O30=0,$O30=999),"",INDEX(DayLines!$F$3:$F$608,MATCH(SMALL(DayLines!$C$3:$C$608,8),DayLines!$C$3:$C$608,0))) | E30: =IF(OR($O30="",$O30=0,$O30=999),"",INDEX(DayLines!$G$3:$G$608,MATCH(SMALL(DayLines!$C$3:$C$608,8),DayLines!$C$3:$C$608,0))) | O30: =IFERROR(MOD(SMALL(DayLines!$C$3:$C$608,8),1000),"")
B31: =IF($O31="","",IF($O31=0,INDEX(DayLines!$D$3:$D$608,MATCH(SMALL(DayLines!$C$3:$C$608,9),DayLines!$C$3:$C$608,0)),IF($O31=999,"",INDEX(DayLines!$E$3:$E$608,MATCH(SMALL(DayLines!$C$3:$C$608,9),DayLines!$C$3:$C$608,0))))) | C31: =IF($O31="","",IF($O31=0,INDEX(DayLines!$E$3:$E$608,MATCH(SMALL(DayLines!$C$3:$C$608,9),DayLines!$C$3:$C$608,0)),IF($O31=999,"",INDEX(DayLines!$D$3:$D$608,MATCH(SMALL(DayLines!$C$3:$C$608,9),DayLines!$C$3:$C$608,0))))) | D31: =IF(OR($O31="",$O31=0,$O31=999),"",INDEX(DayLines!$F$3:$F$608,MATCH(SMALL(DayLines!$C$3:$C$608,9),DayLines!$C$3:$C$608,0))) | E31: =IF(OR($O31="",$O31=0,$O31=999),"",INDEX(DayLines!$G$3:$G$608,MATCH(SMALL(DayLines!$C$3:$C$608,9),DayLines!$C$3:$C$608,0))) | O31: =IFERROR(MOD(SMALL(DayLines!$C$3:$C$608,9),1000),"")
B32: =IF($O32="","",IF($O32=0,INDEX(DayLines!$D$3:$D$608,MATCH(SMALL(DayLines!$C$3:$C$608,10),DayLines!$C$3:$C$608,0)),IF($O32=999,"",INDEX(DayLines!$E$3:$E$608,MATCH(SMALL(DayLines!$C$3:$C$608,10),DayLines!$C$3:$C$608,0))))) | C32: =IF($O32="","",IF($O32=0,INDEX(DayLines!$E$3:$E$608,MATCH(SMALL(DayLines!$C$3:$C$608,10),DayLines!$C$3:$C$608,0)),IF($O32=999,"",INDEX(DayLines!$D$3:$D$608,MATCH(SMALL(DayLines!$C$3:$C$608,10),DayLines!$C$3:$C$608,0))))) | D32: =IF(OR($O32="",$O32=0,$O32=999),"",INDEX(DayLines!$F$3:$F$608,MATCH(SMALL(DayLines!$C$3:$C$608,10),DayLines!$C$3:$C$608,0))) | E32: =IF(OR($O32="",$O32=0,$O32=999),"",INDEX(DayLines!$G$3:$G$608,MATCH(SMALL(DayLines!$C$3:$C$608,10),DayLines!$C$3:$C$608,0))) | O32: =IFERROR(MOD(SMALL(DayLines!$C$3:$C$608,10),1000),"")
B33: =IF($O33="","",IF($O33=0,INDEX(DayLines!$D$3:$D$608,MATCH(SMALL(DayLines!$C$3:$C$608,11),DayLines!$C$3:$C$608,0)),IF($O33=999,"",INDEX(DayLines!$E$3:$E$608,MATCH(SMALL(DayLines!$C$3:$C$608,11),DayLines!$C$3:$C$608,0))))) | C33: =IF($O33="","",IF($O33=0,INDEX(DayLines!$E$3:$E$608,MATCH(SMALL(DayLines!$C$3:$C$608,11),DayLines!$C$3:$C$608,0)),IF($O33=999,"",INDEX(DayLines!$D$3:$D$608,MATCH(SMALL(DayLines!$C$3:$C$608,11),DayLines!$C$3:$C$608,0))))) | D33: =IF(OR($O33="",$O33=0,$O33=999),"",INDEX(DayLines!$F$3:$F$608,MATCH(SMALL(DayLines!$C$3:$C$608,11),DayLines!$C$3:$C$608,0))) | E33: =IF(OR($O33="",$O33=0,$O33=999),"",INDEX(DayLines!$G$3:$G$608,MATCH(SMALL(DayLines!$C$3:$C$608,11),DayLines!$C$3:$C$608,0))) | O33: =IFERROR(MOD(SMALL(DayLines!$C$3:$C$608,11),1000),"")
B34: =IF($O34="","",IF($O34=0,INDEX(DayLines!$D$3:$D$608,MATCH(SMALL(DayLines!$C$3:$C$608,12),DayLines!$C$3:$C$608,0)),IF($O34=999,"",INDEX(DayLines!$E$3:$E$608,MATCH(SMALL(DayLines!$C$3:$C$608,12),DayLines!$C$3:$C$608,0))))) | C34: =IF($O34="","",IF($O34=0,INDEX(DayLines!$E$3:$E$608,MATCH(SMALL(DayLines!$C$3:$C$608,12),DayLines!$C$3:$C$608,0)),IF($O34=999,"",INDEX(DayLines!$D$3:$D$608,MATCH(SMALL(DayLines!$C$3:$C$608,12),DayLines!$C$3:$C$608,0))))) | D34: =IF(OR($O34="",$O34=0,$O34=999),"",INDEX(DayLines!$F$3:$F$608,MATCH(SMALL(DayLines!$C$3:$C$608,12),DayLines!$C$3:$C$608,0))) | E34: =IF(OR($O34="",$O34=0,$O34=999),"",INDEX(DayLines!$G$3:$G$608,MATCH(SMALL(DayLines!$C$3:$C$608,12),DayLines!$C$3:$C$608,0))) | O34: =IFERROR(MOD(SMALL(DayLines!$C$3:$C$608,12),1000),"")
B35: =IF($O35="","",IF($O35=0,INDEX(DayLines!$D$3:$D$608,MATCH(SMALL(DayLines!$C$3:$C$608,13),DayLines!$C$3:$C$608,0)),IF($O35=999,"",INDEX(DayLines!$E$3:$E$608,MATCH(SMALL(DayLines!$C$3:$C$608,13),DayLines!$C$3:$C$608,0))))) | C35: =IF($O35="","",IF($O35=0,INDEX(DayLines!$E$3:$E$608,MATCH(SMALL(DayLines!$C$3:$C$608,13),DayLines!$C$3:$C$608,0)),IF($O35=999,"",INDEX(DayLines!$D$3:$D$608,MATCH(SMALL(DayLines!$C$3:$C$608,13),DayLines!$C$3:$C$608,0))))) | D35: =IF(OR($O35="",$O35=0,$O35=999),"",INDEX(DayLines!$F$3:$F$608,MATCH(SMALL(DayLines!$C$3:$C$608,13),DayLines!$C$3:$C$608,0))) | E35: =IF(OR($O35="",$O35=0,$O35=999),"",INDEX(DayLines!$G$3:$G$608,MATCH(SMALL(DayLines!$C$3:$C$608,13),DayLines!$C$3:$C$608,0))) | O35: =IFERROR(MOD(SMALL(DayLines!$C$3:$C$608,13),1000),"")
B36: =IF($O36="","",IF($O36=0,INDEX(DayLines!$D$3:$D$608,MATCH(SMALL(DayLines!$C$3:$C$608,14),DayLines!$C$3:$C$608,0)),IF($O36=999,"",INDEX(DayLines!$E$3:$E$608,MATCH(SMALL(DayLines!$C$3:$C$608,14),DayLines!$C$3:$C$608,0))))) | C36: =IF($O36="","",IF($O36=0,INDEX(DayLines!$E$3:$E$608,MATCH(SMALL(DayLines!$C$3:$C$608,14),DayLines!$C$3:$C$608,0)),IF($O36=999,"",INDEX(DayLines!$D$3:$D$608,MATCH(SMALL(DayLines!$C$3:$C$608,14),DayLines!$C$3:$C$608,0))))) | D36: =IF(OR($O36="",$O36=0,$O36=999),"",INDEX(DayLines!$F$3:$F$608,MATCH(SMALL(DayLines!$C$3:$C$608,14),DayLines!$C$3:$C$608,0))) | E36: =IF(OR($O36="",$O36=0,$O36=999),"",INDEX(DayLines!$G$3:$G$608,MATCH(SMALL(DayLines!$C$3:$C$608,14),DayLines!$C$3:$C$608,0))) | O36: =IFERROR(MOD(SMALL(DayLines!$C$3:$C$608,14),1000),"")
B37: =IF($O37="","",IF($O37=0,INDEX(DayLines!$D$3:$D$608,MATCH(SMALL(DayLines!$C$3:$C$608,15),DayLines!$C$3:$C$608,0)),IF($O37=999,"",INDEX(DayLines!$E$3:$E$608,MATCH(SMALL(DayLines!$C$3:$C$608,15),DayLines!$C$3:$C$608,0))))) | C37: =IF($O37="","",IF($O37=0,INDEX(DayLines!$E$3:$E$608,MATCH(SMALL(DayLines!$C$3:$C$608,15),DayLines!$C$3:$C$608,0)),IF($O37=999,"",INDEX(DayLines!$D$3:$D$608,MATCH(SMALL(DayLines!$C$3:$C$608,15),DayLines!$C$3:$C$608,0))))) | D37: =IF(OR($O37="",$O37=0,$O37=999),"",INDEX(DayLines!$F$3:$F$608,MATCH(SMALL(DayLines!$C$3:$C$608,15),DayLines!$C$3:$C$608,0))) | E37: =IF(OR($O37="",$O37=0,$O37=999),"",INDEX(DayLines!$G$3:$G$608,MATCH(SMALL(DayLines!$C$3:$C$608,15),DayLines!$C$3:$C$608,0))) | O37: =IFERROR(MOD(SMALL(DayLines!$C$3:$C$608,15),1000),"")
B38: =IF($O38="","",IF($O38=0,INDEX(DayLines!$D$3:$D$608,MATCH(SMALL(DayLines!$C$3:$C$608,16),DayLines!$C$3:$C$608,0)),IF($O38=999,"",INDEX(DayLines!$E$3:$E$608,MATCH(SMALL(DayLines!$C$3:$C$608,16),DayLines!$C$3:$C$608,0))))) | C38: =IF($O38="","",IF($O38=0,INDEX(DayLines!$E$3:$E$608,MATCH(SMALL(DayLines!$C$3:$C$608,16),DayLines!$C$3:$C$608,0)),IF($O38=999,"",INDEX(DayLines!$D$3:$D$608,MATCH(SMALL(DayLines!$C$3:$C$608,16),DayLines!$C$3:$C$608,0))))) | D38: =IF(OR($O38="",$O38=0,$O38=999),"",INDEX(DayLines!$F$3:$F$608,MATCH(SMALL(DayLines!$C$3:$C$608,16),DayLines!$C$3:$C$608,0))) | E38: =IF(OR($O38="",$O38=0,$O38=999),"",INDEX(DayLines!$G$3:$G$608,MATCH(SMALL(DayLines!$C$3:$C$608,16),DayLines!$C$3:$C$608,0))) | O38: =IFERROR(MOD(SMALL(DayLines!$C$3:$C$608,16),1000),"")
B39: =IF($O39="","",IF($O39=0,INDEX(DayLines!$D$3:$D$608,MATCH(SMALL(DayLines!$C$3:$C$608,17),DayLines!$C$3:$C$608,0)),IF($O39=999,"",INDEX(DayLines!$E$3:$E$608,MATCH(SMALL(DayLines!$C$3:$C$608,17),DayLines!$C$3:$C$608,0))))) | C39: =IF($O39="","",IF($O39=0,INDEX(DayLines!$E$3:$E$608,MATCH(SMALL(DayLines!$C$3:$C$608,17),DayLines!$C$3:$C$608,0)),IF($O39=999,"",INDEX(DayLines!$D$3:$D$608,MATCH(SMALL(DayLines!$C$3:$C$608,17),DayLines!$C$3:$C$608,0))))) | D39: =IF(OR($O39="",$O39=0,$O39=999),"",INDEX(DayLines!$F$3:$F$608,MATCH(SMALL(DayLines!$C$3:$C$608,17),DayLines!$C$3:$C$608,0))) | E39: =IF(OR($O39="",$O39=0,$O39=999),"",INDEX(DayLines!$G$3:$G$608,MATCH(SMALL(DayLines!$C$3:$C$608,17),DayLines!$C$3:$C$608,0))) | O39: =IFERROR(MOD(SMALL(DayLines!$C$3:$C$608,17),1000),"")
B40: =IF($O40="","",IF($O40=0,INDEX(DayLines!$D$3:$D$608,MATCH(SMALL(DayLines!$C$3:$C$608,18),DayLines!$C$3:$C$608,0)),IF($O40=999,"",INDEX(DayLines!$E$3:$E$608,MATCH(SMALL(DayLines!$C$3:$C$608,18),DayLines!$C$3:$C$608,0))))) | C40: =IF($O40="","",IF($O40=0,INDEX(DayLines!$E$3:$E$608,MATCH(SMALL(DayLines!$C$3:$C$608,18),DayLines!$C$3:$C$608,0)),IF($O40=999,"",INDEX(DayLines!$D$3:$D$608,MATCH(SMALL(DayLines!$C$3:$C$608,18),DayLines!$C$3:$C$608,0))))) | D40: =IF(OR($O40="",$O40=0,$O40=999),"",INDEX(DayLines!$F$3:$F$608,MATCH(SMALL(DayLines!$C$3:$C$608,18),DayLines!$C$3:$C$608,0))) | E40: =IF(OR($O40="",$O40=0,$O40=999),"",INDEX(DayLines!$G$3:$G$608,MATCH(SMALL(DayLines!$C$3:$C$608,18),DayLines!$C$3:$C$608,0))) | O40: =IFERROR(MOD(SMALL(DayLines!$C$3:$C$608,18),1000),"")
B41: =IF($O41="","",IF($O41=0,INDEX(DayLines!$D$3:$D$608,MATCH(SMALL(DayLines!$C$3:$C$608,19),DayLines!$C$3:$C$608,0)),IF($O41=999,"",INDEX(DayLines!$E$3:$E$608,MATCH(SMALL(DayLines!$C$3:$C$608,19),DayLines!$C$3:$C$608,0))))) | C41: =IF($O41="","",IF($O41=0,INDEX(DayLines!$E$3:$E$608,MATCH(SMALL(DayLines!$C$3:$C$608,19),DayLines!$C$3:$C$608,0)),IF($O41=999,"",INDEX(DayLines!$D$3:$D$608,MATCH(SMALL(DayLines!$C$3:$C$608,19),DayLines!$C$3:$C$608,0))))) | D41: =IF(OR($O41="",$O41=0,$O41=999),"",INDEX(DayLines!$F$3:$F$608,MATCH(SMALL(DayLines!$C$3:$C$608,19),DayLines!$C$3:$C$608,0))) | E41: =IF(OR($O41="",$O41=0,$O41=999),"",INDEX(DayLines!$G$3:$G$608,MATCH(SMALL(DayLines!$C$3:$C$608,19),DayLines!$C$3:$C$608,0))) | O41: =IFERROR(MOD(SMALL(DayLines!$C$3:$C$608,19),1000),"")
B42: =IF($O42="","",IF($O42=0,INDEX(DayLines!$D$3:$D$608,MATCH(SMALL(DayLines!$C$3:$C$608,20),DayLines!$C$3:$C$608,0)),IF($O42=999,"",INDEX(DayLines!$E$3:$E$608,MATCH(SMALL(DayLines!$C$3:$C$608,20),DayLines!$C$3:$C$608,0))))) | C42: =IF($O42="","",IF($O42=0,INDEX(DayLines!$E$3:$E$608,MATCH(SMALL(DayLines!$C$3:$C$608,20),DayLines!$C$3:$C$608,0)),IF($O42=999,"",INDEX(DayLines!$D$3:$D$608,MATCH(SMALL(DayLines!$C$3:$C$608,20),DayLines!$C$3:$C$608,0))))) | D42: =IF(OR($O42="",$O42=0,$O42=999),"",INDEX(DayLines!$F$3:$F$608,MATCH(SMALL(DayLines!$C$3:$C$608,20),DayLines!$C$3:$C$608,0))) | E42: =IF(OR($O42="",$O42=0,$O42=999),"",INDEX(DayLines!$G$3:$G$608,MATCH(SMALL(DayLines!$C$3:$C$608,20),DayLines!$C$3:$C$608,0))) | O42: =IFERROR(MOD(SMALL(DayLines!$C$3:$C$608,20),1000),"")
B43: =IF($O43="","",IF($O43=0,INDEX(DayLines!$D$3:$D$608,MATCH(SMALL(DayLines!$C$3:$C$608,21),DayLines!$C$3:$C$608,0)),IF($O43=999,"",INDEX(DayLines!$E$3:$E$608,MATCH(SMALL(DayLines!$C$3:$C$608,21),DayLines!$C$3:$C$608,0))))) | C43: =IF($O43="","",IF($O43=0,INDEX(DayLines!$E$3:$E$608,MATCH(SMALL(DayLines!$C$3:$C$608,21),DayLines!$C$3:$C$608,0)),IF($O43=999,"",INDEX(DayLines!$D$3:$D$608,MATCH(SMALL(DayLines!$C$3:$C$608,21),DayLines!$C$3:$C$608,0))))) | D43: =IF(OR($O43="",$O43=0,$O43=999),"",INDEX(DayLines!$F$3:$F$608,MATCH(SMALL(DayLines!$C$3:$C$608,21),DayLines!$C$3:$C$608,0))) | E43: =IF(OR($O43="",$O43=0,$O43=999),"",INDEX(DayLines!$G$3:$G$608,MATCH(SMALL(DayLines!$C$3:$C$608,21),DayLines!$C$3:$C$608,0))) | O43: =IFERROR(MOD(SMALL(DayLines!$C$3:$C$608,21),1000),"")
B44: =IF($O44="","",IF($O44=0,INDEX(DayLines!$D$3:$D$608,MATCH(SMALL(DayLines!$C$3:$C$608,22),DayLines!$C$3:$C$608,0)),IF($O44=999,"",INDEX(DayLines!$E$3:$E$608,MATCH(SMALL(DayLines!$C$3:$C$608,22),DayLines!$C$3:$C$608,0))))) | C44: =IF($O44="","",IF($O44=0,INDEX(DayLines!$E$3:$E$608,MATCH(SMALL(DayLines!$C$3:$C$608,22),DayLines!$C$3:$C$608,0)),IF($O44=999,"",INDEX(DayLines!$D$3:$D$608,MATCH(SMALL(DayLines!$C$3:$C$608,22),DayLines!$C$3:$C$608,0))))) | D44: =IF(OR($O44="",$O44=0,$O44=999),"",INDEX(DayLines!$F$3:$F$608,MATCH(SMALL(DayLines!$C$3:$C$608,22),DayLines!$C$3:$C$608,0))) | E44: =IF(OR($O44="",$O44=0,$O44=999),"",INDEX(DayLines!$G$3:$G$608,MATCH(SMALL(DayLines!$C$3:$C$608,22),DayLines!$C$3:$C$608,0))) | O44: =IFERROR(MOD(SMALL(DayLines!$C$3:$C$608,22),1000),"")
B45: =IF($O45="","",IF($O45=0,INDEX(DayLines!$D$3:$D$608,MATCH(SMALL(DayLines!$C$3:$C$608,23),DayLines!$C$3:$C$608,0)),IF($O45=999,"",INDEX(DayLines!$E$3:$E$608,MATCH(SMALL(DayLines!$C$3:$C$608,23),DayLines!$C$3:$C$608,0))))) | C45: =IF($O45="","",IF($O45=0,INDEX(DayLines!$E$3:$E$608,MATCH(SMALL(DayLines!$C$3:$C$608,23),DayLines!$C$3:$C$608,0)),IF($O45=999,"",INDEX(DayLines!$D$3:$D$608,MATCH(SMALL(DayLines!$C$3:$C$608,23),DayLines!$C$3:$C$608,0))))) | D45: =IF(OR($O45="",$O45=0,$O45=999),"",INDEX(DayLines!$F$3:$F$608,MATCH(SMALL(DayLines!$C$3:$C$608,23),DayLines!$C$3:$C$608,0))) | E45: =IF(OR($O45="",$O45=0,$O45=999),"",INDEX(DayLines!$G$3:$G$608,MATCH(SMALL(DayLines!$C$3:$C$608,23),DayLines!$C$3:$C$608,0))) | O45: =IFERROR(MOD(SMALL(DayLines!$C$3:$C$608,23),1000),"")
B46: =IF($O46="","",IF($O46=0,INDEX(DayLines!$D$3:$D$608,MATCH(SMALL(DayLines!$C$3:$C$608,24),DayLines!$C$3:$C$608,0)),IF($O46=999,"",INDEX(DayLines!$E$3:$E$608,MATCH(SMALL(DayLines!$C$3:$C$608,24),DayLines!$C$3:$C$608,0))))) | C46: =IF($O46="","",IF($O46=0,INDEX(DayLines!$E$3:$E$608,MATCH(SMALL(DayLines!$C$3:$C$608,24),DayLines!$C$3:$C$608,0)),IF($O46=999,"",INDEX(DayLines!$D$3:$D$608,MATCH(SMALL(DayLines!$C$3:$C$608,24),DayLines!$C$3:$C$608,0))))) | D46: =IF(OR($O46="",$O46=0,$O46=999),"",INDEX(DayLines!$F$3:$F$608,MATCH(SMALL(DayLines!$C$3:$C$608,24),DayLines!$C$3:$C$608,0))) | E46: =IF(OR($O46="",$O46=0,$O46=999),"",INDEX(DayLines!$G$3:$G$608,MATCH(SMALL(DayLines!$C$3:$C$608,24),DayLines!$C$3:$C$608,0))) | O46: =IFERROR(MOD(SMALL(DayLines!$C$3:$C$608,24),1000),"")
B47: =IF($O47="","",IF($O47=0,INDEX(DayLines!$D$3:$D$608,MATCH(SMALL(DayLines!$C$3:$C$608,25),DayLines!$C$3:$C$608,0)),IF($O47=999,"",INDEX(DayLines!$E$3:$E$608,MATCH(SMALL(DayLines!$C$3:$C$608,25),DayLines!$C$3:$C$608,0))))) | C47: =IF($O47="","",IF($O47=0,INDEX(DayLines!$E$3:$E$608,MATCH(SMALL(DayLines!$C$3:$C$608,25),DayLines!$C$3:$C$608,0)),IF($O47=999,"",INDEX(DayLines!$D$3:$D$608,MATCH(SMALL(DayLines!$C$3:$C$608,25),DayLines!$C$3:$C$608,0))))) | D47: =IF(OR($O47="",$O47=0,$O47=999),"",INDEX(DayLines!$F$3:$F$608,MATCH(SMALL(DayLines!$C$3:$C$608,25),DayLines!$C$3:$C$608,0))) | E47: =IF(OR($O47="",$O47=0,$O47=999),"",INDEX(DayLines!$G$3:$G$608,MATCH(SMALL(DayLines!$C$3:$C$608,25),DayLines!$C$3:$C$608,0))) | O47: =IFERROR(MOD(SMALL(DayLines!$C$3:$C$608,25),1000),"")
B48: =IF($O48="","",IF($O48=0,INDEX(DayLines!$D$3:$D$608,MATCH(SMALL(DayLines!$C$3:$C$608,26),DayLines!$C$3:$C$608,0)),IF($O48=999,"",INDEX(DayLines!$E$3:$E$608,MATCH(SMALL(DayLines!$C$3:$C$608,26),DayLines!$C$3:$C$608,0))))) | C48: =IF($O48="","",IF($O48=0,INDEX(DayLines!$E$3:$E$608,MATCH(SMALL(DayLines!$C$3:$C$608,26),DayLines!$C$3:$C$608,0)),IF($O48=999,"",INDEX(DayLines!$D$3:$D$608,MATCH(SMALL(DayLines!$C$3:$C$608,26),DayLines!$C$3:$C$608,0))))) | D48: =IF(OR($O48="",$O48=0,$O48=999),"",INDEX(DayLines!$F$3:$F$608,MATCH(SMALL(DayLines!$C$3:$C$608,26),DayLines!$C$3:$C$608,0))) | E48: =IF(OR($O48="",$O48=0,$O48=999),"",INDEX(DayLines!$G$3:$G$608,MATCH(SMALL(DayLines!$C$3:$C$608,26),DayLines!$C$3:$C$608,0))) | O48: =IFERROR(MOD(SMALL(DayLines!$C$3:$C$608,26),1000),"")
B49: =IF($O49="","",IF($O49=0,INDEX(DayLines!$D$3:$D$608,MATCH(SMALL(DayLines!$C$3:$C$608,27),DayLines!$C$3:$C$608,0)),IF($O49=999,"",INDEX(DayLines!$E$3:$E$608,MATCH(SMALL(DayLines!$C$3:$C$608,27),DayLines!$C$3:$C$608,0))))) | C49: =IF($O49="","",IF($O49=0,INDEX(DayLines!$E$3:$E$608,MATCH(SMALL(DayLines!$C$3:$C$608,27),DayLines!$C$3:$C$608,0)),IF($O49=999,"",INDEX(DayLines!$D$3:$D$608,MATCH(SMALL(DayLines!$C$3:$C$608,27),DayLines!$C$3:$C$608,0))))) | D49: =IF(OR($O49="",$O49=0,$O49=999),"",INDEX(DayLines!$F$3:$F$608,MATCH(SMALL(DayLines!$C$3:$C$608,27),DayLines!$C$3:$C$608,0))) | E49: =IF(OR($O49="",$O49=0,$O49=999),"",INDEX(DayLines!$G$3:$G$608,MATCH(SMALL(DayLines!$C$3:$C$608,27),DayLines!$C$3:$C$608,0))) | O49: =IFERROR(MOD(SMALL(DayLines!$C$3:$C$608,27),1000),"")
B50: =IF($O50="","",IF($O50=0,INDEX(DayLines!$D$3:$D$608,MATCH(SMALL(DayLines!$C$3:$C$608,28),DayLines!$C$3:$C$608,0)),IF($O50=999,"",INDEX(DayLines!$E$3:$E$608,MATCH(SMALL(DayLines!$C$3:$C$608,28),DayLines!$C$3:$C$608,0))))) | C50: =IF($O50="","",IF($O50=0,INDEX(DayLines!$E$3:$E$608,MATCH(SMALL(DayLines!$C$3:$C$608,28),DayLines!$C$3:$C$608,0)),IF($O50=999,"",INDEX(DayLines!$D$3:$D$608,MATCH(SMALL(DayLines!$C$3:$C$608,28),DayLines!$C$3:$C$608,0))))) | D50: =IF(OR($O50="",$O50=0,$O50=999),"",INDEX(DayLines!$F$3:$F$608,MATCH(SMALL(DayLines!$C$3:$C$608,28),DayLines!$C$3:$C$608,0))) | E50: =IF(OR($O50="",$O50=0,$O50=999),"",INDEX(DayLines!$G$3:$G$608,MATCH(SMALL(DayLines!$C$3:$C$608,28),DayLines!$C$3:$C$608,0))) | O50: =IFERROR(MOD(SMALL(DayLines!$C$3:$C$608,28),1000),"")
B51: =IF($O51="","",IF($O51=0,INDEX(DayLines!$D$3:$D$608,MATCH(SMALL(DayLines!$C$3:$C$608,29),DayLines!$C$3:$C$608,0)),IF($O51=999,"",INDEX(DayLines!$E$3:$E$608,MATCH(SMALL(DayLines!$C$3:$C$608,29),DayLines!$C$3:$C$608,0))))) | C51: =IF($O51="","",IF($O51=0,INDEX(DayLines!$E$3:$E$608,MATCH(SMALL(DayLines!$C$3:$C$608,29),DayLines!$C$3:$C$608,0)),IF($O51=999,"",INDEX(DayLines!$D$3:$D$608,MATCH(SMALL(DayLines!$C$3:$C$608,29),DayLines!$C$3:$C$608,0))))) | D51: =IF(OR($O51="",$O51=0,$O51=999),"",INDEX(DayLines!$F$3:$F$608,MATCH(SMALL(DayLines!$C$3:$C$608,29),DayLines!$C$3:$C$608,0))) | E51: =IF(OR($O51="",$O51=0,$O51=999),"",INDEX(DayLines!$G$3:$G$608,MATCH(SMALL(DayLines!$C$3:$C$608,29),DayLines!$C$3:$C$608,0))) | O51: =IFERROR(MOD(SMALL(DayLines!$C$3:$C$608,29),1000),"")
B52: =IF($O52="","",IF($O52=0,INDEX(DayLines!$D$3:$D$608,MATCH(SMALL(DayLines!$C$3:$C$608,30),DayLines!$C$3:$C$608,0)),IF($O52=999,"",INDEX(DayLines!$E$3:$E$608,MATCH(SMALL(DayLines!$C$3:$C$608,30),DayLines!$C$3:$C$608,0))))) | C52: =IF($O52="","",IF($O52=0,INDEX(DayLines!$E$3:$E$608,MATCH(SMALL(DayLines!$C$3:$C$608,30),DayLines!$C$3:$C$608,0)),IF($O52=999,"",INDEX(DayLines!$D$3:$D$608,MATCH(SMALL(DayLines!$C$3:$C$608,30),DayLines!$C$3:$C$608,0))))) | D52: =IF(OR($O52="",$O52=0,$O52=999),"",INDEX(DayLines!$F$3:$F$608,MATCH(SMALL(DayLines!$C$3:$C$608,30),DayLines!$C$3:$C$608,0))) | E52: =IF(OR($O52="",$O52=0,$O52=999),"",INDEX(DayLines!$G$3:$G$608,MATCH(SMALL(DayLines!$C$3:$C$608,30),DayLines!$C$3:$C$608,0))) | O52: =IFERROR(MOD(SMALL(DayLines!$C$3:$C$608,30),1000),"")
B53: =IF($O53="","",IF($O53=0,INDEX(DayLines!$D$3:$D$608,MATCH(SMALL(DayLines!$C$3:$C$608,31),DayLines!$C$3:$C$608,0)),IF($O53=999,"",INDEX(DayLines!$E$3:$E$608,MATCH(SMALL(DayLines!$C$3:$C$608,31),DayLines!$C$3:$C$608,0))))) | C53: =IF($O53="","",IF($O53=0,INDEX(DayLines!$E$3:$E$608,MATCH(SMALL(DayLines!$C$3:$C$608,31),DayLines!$C$3:$C$608,0)),IF($O53=999,"",INDEX(DayLines!$D$3:$D$608,MATCH(SMALL(DayLines!$C$3:$C$608,31),DayLines!$C$3:$C$608,0))))) | D53: =IF(OR($O53="",$O53=0,$O53=999),"",INDEX(DayLines!$F$3:$F$608,MATCH(SMALL(DayLines!$C$3:$C$608,31),DayLines!$C$3:$C$608,0))) | E53: =IF(OR($O53="",$O53=0,$O53=999),"",INDEX(DayLines!$G$3:$G$608,MATCH(SMALL(DayLines!$C$3:$C$608,31),DayLines!$C$3:$C$608,0))) | O53: =IFERROR(MOD(SMALL(DayLines!$C$3:$C$608,31),1000),"")
B54: =IF($O54="","",IF($O54=0,INDEX(DayLines!$D$3:$D$608,MATCH(SMALL(DayLines!$C$3:$C$608,32),DayLines!$C$3:$C$608,0)),IF($O54=999,"",INDEX(DayLines!$E$3:$E$608,MATCH(SMALL(DayLines!$C$3:$C$608,32),DayLines!$C$3:$C$608,0))))) | C54: =IF($O54="","",IF($O54=0,INDEX(DayLines!$E$3:$E$608,MATCH(SMALL(DayLines!$C$3:$C$608,32),DayLines!$C$3:$C$608,0)),IF($O54=999,"",INDEX(DayLines!$D$3:$D$608,MATCH(SMALL(DayLines!$C$3:$C$608,32),DayLines!$C$3:$C$608,0))))) | D54: =IF(OR($O54="",$O54=0,$O54=999),"",INDEX(DayLines!$F$3:$F$608,MATCH(SMALL(DayLines!$C$3:$C$608,32),DayLines!$C$3:$C$608,0))) | E54: =IF(OR($O54="",$O54=0,$O54=999),"",INDEX(DayLines!$G$3:$G$608,MATCH(SMALL(DayLines!$C$3:$C$608,32),DayLines!$C$3:$C$608,0))) | O54: =IFERROR(MOD(SMALL(DayLines!$C$3:$C$608,32),1000),"")
B55: =IF($O55="","",IF($O55=0,INDEX(DayLines!$D$3:$D$608,MATCH(SMALL(DayLines!$C$3:$C$608,33),DayLines!$C$3:$C$608,0)),IF($O55=999,"",INDEX(DayLines!$E$3:$E$608,MATCH(SMALL(DayLines!$C$3:$C$608,33),DayLines!$C$3:$C$608,0))))) | C55: =IF($O55="","",IF($O55=0,INDEX(DayLines!$E$3:$E$608,MATCH(SMALL(DayLines!$C$3:$C$608,33),DayLines!$C$3:$C$608,0)),IF($O55=999,"",INDEX(DayLines!$D$3:$D$608,MATCH(SMALL(DayLines!$C$3:$C$608,33),DayLines!$C$3:$C$608,0))))) | D55: =IF(OR($O55="",$O55=0,$O55=999),"",INDEX(DayLines!$F$3:$F$608,MATCH(SMALL(DayLines!$C$3:$C$608,33),DayLines!$C$3:$C$608,0))) | E55: =IF(OR($O55="",$O55=0,$O55=999),"",INDEX(DayLines!$G$3:$G$608,MATCH(SMALL(DayLines!$C$3:$C$608,33),DayLines!$C$3:$C$608,0))) | O55: =IFERROR(MOD(SMALL(DayLines!$C$3:$C$608,33),1000),"")
B56: =IF($O56="","",IF($O56=0,INDEX(DayLines!$D$3:$D$608,MATCH(SMALL(DayLines!$C$3:$C$608,34),DayLines!$C$3:$C$608,0)),IF($O56=999,"",INDEX(DayLines!$E$3:$E$608,MATCH(SMALL(DayLines!$C$3:$C$608,34),DayLines!$C$3:$C$608,0))))) | C56: =IF($O56="","",IF($O56=0,INDEX(DayLines!$E$3:$E$608,MATCH(SMALL(DayLines!$C$3:$C$608,34),DayLines!$C$3:$C$608,0)),IF($O56=999,"",INDEX(DayLines!$D$3:$D$608,MATCH(SMALL(DayLines!$C$3:$C$608,34),DayLines!$C$3:$C$608,0))))) | D56: =IF(OR($O56="",$O56=0,$O56=999),"",INDEX(DayLines!$F$3:$F$608,MATCH(SMALL(DayLines!$C$3:$C$608,34),DayLines!$C$3:$C$608,0))) | E56: =IF(OR($O56="",$O56=0,$O56=999),"",INDEX(DayLines!$G$3:$G$608,MATCH(SMALL(DayLines!$C$3:$C$608,34),DayLines!$C$3:$C$608,0))) | O56: =IFERROR(MOD(SMALL(DayLines!$C$3:$C$608,34),1000),"")
B57: =IF($O57="","",IF($O57=0,INDEX(DayLines!$D$3:$D$608,MATCH(SMALL(DayLines!$C$3:$C$608,35),DayLines!$C$3:$C$608,0)),IF($O57=999,"",INDEX(DayLines!$E$3:$E$608,MATCH(SMALL(DayLines!$C$3:$C$608,35),DayLines!$C$3:$C$608,0))))) | C57: =IF($O57="","",IF($O57=0,INDEX(DayLines!$E$3:$E$608,MATCH(SMALL(DayLines!$C$3:$C$608,35),DayLines!$C$3:$C$608,0)),IF($O57=999,"",INDEX(DayLines!$D$3:$D$608,MATCH(SMALL(DayLines!$C$3:$C$608,35),DayLines!$C$3:$C$608,0))))) | D57: =IF(OR($O57="",$O57=0,$O57=999),"",INDEX(DayLines!$F$3:$F$608,MATCH(SMALL(DayLines!$C$3:$C$608,35),DayLines!$C$3:$C$608,0))) | E57: =IF(OR($O57="",$O57=0,$O57=999),"",INDEX(DayLines!$G$3:$G$608,MATCH(SMALL(DayLines!$C$3:$C$608,35),DayLines!$C$3:$C$608,0))) | O57: =IFERROR(MOD(SMALL(DayLines!$C$3:$C$608,35),1000),"")
B58: =IF($O58="","",IF($O58=0,INDEX(DayLines!$D$3:$D$608,MATCH(SMALL(DayLines!$C$3:$C$608,36),DayLines!$C$3:$C$608,0)),IF($O58=999,"",INDEX(DayLines!$E$3:$E$608,MATCH(SMALL(DayLines!$C$3:$C$608,36),DayLines!$C$3:$C$608,0))))) | C58: =IF($O58="","",IF($O58=0,INDEX(DayLines!$E$3:$E$608,MATCH(SMALL(DayLines!$C$3:$C$608,36),DayLines!$C$3:$C$608,0)),IF($O58=999,"",INDEX(DayLines!$D$3:$D$608,MATCH(SMALL(DayLines!$C$3:$C$608,36),DayLines!$C$3:$C$608,0))))) | D58: =IF(OR($O58="",$O58=0,$O58=999),"",INDEX(DayLines!$F$3:$F$608,MATCH(SMALL(DayLines!$C$3:$C$608,36),DayLines!$C$3:$C$608,0))) | E58: =IF(OR($O58="",$O58=0,$O58=999),"",INDEX(DayLines!$G$3:$G$608,MATCH(SMALL(DayLines!$C$3:$C$608,36),DayLines!$C$3:$C$608,0))) | O58: =IFERROR(MOD(SMALL(DayLines!$C$3:$C$608,36),1000),"")
B59: =IF($O59="","",IF($O59=0,INDEX(DayLines!$D$3:$D$608,MATCH(SMALL(DayLines!$C$3:$C$608,37),DayLines!$C$3:$C$608,0)),IF($O59=999,"",INDEX(DayLines!$E$3:$E$608,MATCH(SMALL(DayLines!$C$3:$C$608,37),DayLines!$C$3:$C$608,0))))) | C59: =IF($O59="","",IF($O59=0,INDEX(DayLines!$E$3:$E$608,MATCH(SMALL(DayLines!$C$3:$C$608,37),DayLines!$C$3:$C$608,0)),IF($O59=999,"",INDEX(DayLines!$D$3:$D$608,MATCH(SMALL(DayLines!$C$3:$C$608,37),DayLines!$C$3:$C$608,0))))) | D59: =IF(OR($O59="",$O59=0,$O59=999),"",INDEX(DayLines!$F$3:$F$608,MATCH(SMALL(DayLines!$C$3:$C$608,37),DayLines!$C$3:$C$608,0))) | E59: =IF(OR($O59="",$O59=0,$O59=999),"",INDEX(DayLines!$G$3:$G$608,MATCH(SMALL(DayLines!$C$3:$C$608,37),DayLines!$C$3:$C$608,0))) | O59: =IFERROR(MOD(SMALL(DayLines!$C$3:$C$608,37),1000),"")
B60: =IF($O60="","",IF($O60=0,INDEX(DayLines!$D$3:$D$608,MATCH(SMALL(DayLines!$C$3:$C$608,38),DayLines!$C$3:$C$608,0)),IF($O60=999,"",INDEX(DayLines!$E$3:$E$608,MATCH(SMALL(DayLines!$C$3:$C$608,38),DayLines!$C$3:$C$608,0))))) | C60: =IF($O60="","",IF($O60=0,INDEX(DayLines!$E$3:$E$608,MATCH(SMALL(DayLines!$C$3:$C$608,38),DayLines!$C$3:$C$608,0)),IF($O60=999,"",INDEX(DayLines!$D$3:$D$608,MATCH(SMALL(DayLines!$C$3:$C$608,38),DayLines!$C$3:$C$608,0))))) | D60: =IF(OR($O60="",$O60=0,$O60=999),"",INDEX(DayLines!$F$3:$F$608,MATCH(SMALL(DayLines!$C$3:$C$608,38),DayLines!$C$3:$C$608,0))) | E60: =IF(OR($O60="",$O60=0,$O60=999),"",INDEX(DayLines!$G$3:$G$608,MATCH(SMALL(DayLines!$C$3:$C$608,38),DayLines!$C$3:$C$608,0))) | O60: =IFERROR(MOD(SMALL(DayLines!$C$3:$C$608,38),1000),"")
B61: =IF($O61="","",IF($O61=0,INDEX(DayLines!$D$3:$D$608,MATCH(SMALL(DayLines!$C$3:$C$608,39),DayLines!$C$3:$C$608,0)),IF($O61=999,"",INDEX(DayLines!$E$3:$E$608,MATCH(SMALL(DayLines!$C$3:$C$608,39),DayLines!$C$3:$C$608,0))))) | C61: =IF($O61="","",IF($O61=0,INDEX(DayLines!$E$3:$E$608,MATCH(SMALL(DayLines!$C$3:$C$608,39),DayLines!$C$3:$C$608,0)),IF($O61=999,"",INDEX(DayLines!$D$3:$D$608,MATCH(SMALL(DayLines!$C$3:$C$608,39),DayLines!$C$3:$C$608,0))))) | D61: =IF(OR($O61="",$O61=0,$O61=999),"",INDEX(DayLines!$F$3:$F$608,MATCH(SMALL(DayLines!$C$3:$C$608,39),DayLines!$C$3:$C$608,0))) | E61: =IF(OR($O61="",$O61=0,$O61=999),"",INDEX(DayLines!$G$3:$G$608,MATCH(SMALL(DayLines!$C$3:$C$608,39),DayLines!$C$3:$C$608,0))) | O61: =IFERROR(MOD(SMALL(DayLines!$C$3:$C$608,39),1000),"")
B62: =IF($O62="","",IF($O62=0,INDEX(DayLines!$D$3:$D$608,MATCH(SMALL(DayLines!$C$3:$C$608,40),DayLines!$C$3:$C$608,0)),IF($O62=999,"",INDEX(DayLines!$E$3:$E$608,MATCH(SMALL(DayLines!$C$3:$C$608,40),DayLines!$C$3:$C$608,0))))) | C62: =IF($O62="","",IF($O62=0,INDEX(DayLines!$E$3:$E$608,MATCH(SMALL(DayLines!$C$3:$C$608,40),DayLines!$C$3:$C$608,0)),IF($O62=999,"",INDEX(DayLines!$D$3:$D$608,MATCH(SMALL(DayLines!$C$3:$C$608,40),DayLines!$C$3:$C$608,0))))) | D62: =IF(OR($O62="",$O62=0,$O62=999),"",INDEX(DayLines!$F$3:$F$608,MATCH(SMALL(DayLines!$C$3:$C$608,40),DayLines!$C$3:$C$608,0))) | E62: =IF(OR($O62="",$O62=0,$O62=999),"",INDEX(DayLines!$G$3:$G$608,MATCH(SMALL(DayLines!$C$3:$C$608,40),DayLines!$C$3:$C$608,0))) | O62: =IFERROR(MOD(SMALL(DayLines!$C$3:$C$608,40),1000),"")
B63: =IF($O63="","",IF($O63=0,INDEX(DayLines!$D$3:$D$608,MATCH(SMALL(DayLines!$C$3:$C$608,41),DayLines!$C$3:$C$608,0)),IF($O63=999,"",INDEX(DayLines!$E$3:$E$608,MATCH(SMALL(DayLines!$C$3:$C$608,41),DayLines!$C$3:$C$608,0))))) | C63: =IF($O63="","",IF($O63=0,INDEX(DayLines!$E$3:$E$608,MATCH(SMALL(DayLines!$C$3:$C$608,41),DayLines!$C$3:$C$608,0)),IF($O63=999,"",INDEX(DayLines!$D$3:$D$608,MATCH(SMALL(DayLines!$C$3:$C$608,41),DayLines!$C$3:$C$608,0))))) | D63: =IF(OR($O63="",$O63=0,$O63=999),"",INDEX(DayLines!$F$3:$F$608,MATCH(SMALL(DayLines!$C$3:$C$608,41),DayLines!$C$3:$C$608,0))) | E63: =IF(OR($O63="",$O63=0,$O63=999),"",INDEX(DayLines!$G$3:$G$608,MATCH(SMALL(DayLines!$C$3:$C$608,41),DayLines!$C$3:$C$608,0))) | O63: =IFERROR(MOD(SMALL(DayLines!$C$3:$C$608,41),1000),"")
B64: =IF($O64="","",IF($O64=0,INDEX(DayLines!$D$3:$D$608,MATCH(SMALL(DayLines!$C$3:$C$608,42),DayLines!$C$3:$C$608,0)),IF($O64=999,"",INDEX(DayLines!$E$3:$E$608,MATCH(SMALL(DayLines!$C$3:$C$608,42),DayLines!$C$3:$C$608,0))))) | C64: =IF($O64="","",IF($O64=0,INDEX(DayLines!$E$3:$E$608,MATCH(SMALL(DayLines!$C$3:$C$608,42),DayLines!$C$3:$C$608,0)),IF($O64=999,"",INDEX(DayLines!$D$3:$D$608,MATCH(SMALL(DayLines!$C$3:$C$608,42),DayLines!$C$3:$C$608,0))))) | D64: =IF(OR($O64="",$O64=0,$O64=999),"",INDEX(DayLines!$F$3:$F$608,MATCH(SMALL(DayLines!$C$3:$C$608,42),DayLines!$C$3:$C$608,0))) | E64: =IF(OR($O64="",$O64=0,$O64=999),"",INDEX(DayLines!$G$3:$G$608,MATCH(SMALL(DayLines!$C$3:$C$608,42),DayLines!$C$3:$C$608,0))) | O64: =IFERROR(MOD(SMALL(DayLines!$C$3:$C$608,42),1000),"")
B65: =IF($O65="","",IF($O65=0,INDEX(DayLines!$D$3:$D$608,MATCH(SMALL(DayLines!$C$3:$C$608,43),DayLines!$C$3:$C$608,0)),IF($O65=999,"",INDEX(DayLines!$E$3:$E$608,MATCH(SMALL(DayLines!$C$3:$C$608,43),DayLines!$C$3:$C$608,0))))) | C65: =IF($O65="","",IF($O65=0,INDEX(DayLines!$E$3:$E$608,MATCH(SMALL(DayLines!$C$3:$C$608,43),DayLines!$C$3:$C$608,0)),IF($O65=999,"",INDEX(DayLines!$D$3:$D$608,MATCH(SMALL(DayLines!$C$3:$C$608,43),DayLines!$C$3:$C$608,0))))) | D65: =IF(OR($O65="",$O65=0,$O65=999),"",INDEX(DayLines!$F$3:$F$608,MATCH(SMALL(DayLines!$C$3:$C$608,43),DayLines!$C$3:$C$608,0))) | E65: =IF(OR($O65="",$O65=0,$O65=999),"",INDEX(DayLines!$G$3:$G$608,MATCH(SMALL(DayLines!$C$3:$C$608,43),DayLines!$C$3:$C$608,0))) | O65: =IFERROR(MOD(SMALL(DayLines!$C$3:$C$608,43),1000),"")
B66: =IF($O66="","",IF($O66=0,INDEX(DayLines!$D$3:$D$608,MATCH(SMALL(DayLines!$C$3:$C$608,44),DayLines!$C$3:$C$608,0)),IF($O66=999,"",INDEX(DayLines!$E$3:$E$608,MATCH(SMALL(DayLines!$C$3:$C$608,44),DayLines!$C$3:$C$608,0))))) | C66: =IF($O66="","",IF($O66=0,INDEX(DayLines!$E$3:$E$608,MATCH(SMALL(DayLines!$C$3:$C$608,44),DayLines!$C$3:$C$608,0)),IF($O66=999,"",INDEX(DayLines!$D$3:$D$608,MATCH(SMALL(DayLines!$C$3:$C$608,44),DayLines!$C$3:$C$608,0))))) | D66: =IF(OR($O66="",$O66=0,$O66=999),"",INDEX(DayLines!$F$3:$F$608,MATCH(SMALL(DayLines!$C$3:$C$608,44),DayLines!$C$3:$C$608,0))) | E66: =IF(OR($O66="",$O66=0,$O66=999),"",INDEX(DayLines!$G$3:$G$608,MATCH(SMALL(DayLines!$C$3:$C$608,44),DayLines!$C$3:$C$608,0))) | O66: =IFERROR(MOD(SMALL(DayLines!$C$3:$C$608,44),1000),"")
B67: =IF($O67="","",IF($O67=0,INDEX(DayLines!$D$3:$D$608,MATCH(SMALL(DayLines!$C$3:$C$608,45),DayLines!$C$3:$C$608,0)),IF($O67=999,"",INDEX(DayLines!$E$3:$E$608,MATCH(SMALL(DayLines!$C$3:$C$608,45),DayLines!$C$3:$C$608,0))))) | C67: =IF($O67="","",IF($O67=0,INDEX(DayLines!$E$3:$E$608,MATCH(SMALL(DayLines!$C$3:$C$608,45),DayLines!$C$3:$C$608,0)),IF($O67=999,"",INDEX(DayLines!$D$3:$D$608,MATCH(SMALL(DayLines!$C$3:$C$608,45),DayLines!$C$3:$C$608,0))))) | D67: =IF(OR($O67="",$O67=0,$O67=999),"",INDEX(DayLines!$F$3:$F$608,MATCH(SMALL(DayLines!$C$3:$C$608,45),DayLines!$C$3:$C$608,0))) | E67: =IF(OR($O67="",$O67=0,$O67=999),"",INDEX(DayLines!$G$3:$G$608,MATCH(SMALL(DayLines!$C$3:$C$608,45),DayLines!$C$3:$C$608,0))) | O67: =IFERROR(MOD(SMALL(DayLines!$C$3:$C$608,45),1000),"")
B68: =IF($O68="","",IF($O68=0,INDEX(DayLines!$D$3:$D$608,MATCH(SMALL(DayLines!$C$3:$C$608,46),DayLines!$C$3:$C$608,0)),IF($O68=999,"",INDEX(DayLines!$E$3:$E$608,MATCH(SMALL(DayLines!$C$3:$C$608,46),DayLines!$C$3:$C$608,0))))) | C68: =IF($O68="","",IF($O68=0,INDEX(DayLines!$E$3:$E$608,MATCH(SMALL(DayLines!$C$3:$C$608,46),DayLines!$C$3:$C$608,0)),IF($O68=999,"",INDEX(DayLines!$D$3:$D$608,MATCH(SMALL(DayLines!$C$3:$C$608,46),DayLines!$C$3:$C$608,0))))) | D68: =IF(OR($O68="",$O68=0,$O68=999),"",INDEX(DayLines!$F$3:$F$608,MATCH(SMALL(DayLines!$C$3:$C$608,46),DayLines!$C$3:$C$608,0))) | E68: =IF(OR($O68="",$O68=0,$O68=999),"",INDEX(DayLines!$G$3:$G$608,MATCH(SMALL(DayLines!$C$3:$C$608,46),DayLines!$C$3:$C$608,0))) | O68: =IFERROR(MOD(SMALL(DayLines!$C$3:$C$608,46),1000),"")
B69: =IF($O69="","",IF($O69=0,INDEX(DayLines!$D$3:$D$608,MATCH(SMALL(DayLines!$C$3:$C$608,47),DayLines!$C$3:$C$608,0)),IF($O69=999,"",INDEX(DayLines!$E$3:$E$608,MATCH(SMALL(DayLines!$C$3:$C$608,47),DayLines!$C$3:$C$608,0))))) | C69: =IF($O69="","",IF($O69=0,INDEX(DayLines!$E$3:$E$608,MATCH(SMALL(DayLines!$C$3:$C$608,47),DayLines!$C$3:$C$608,0)),IF($O69=999,"",INDEX(DayLines!$D$3:$D$608,MATCH(SMALL(DayLines!$C$3:$C$608,47),DayLines!$C$3:$C$608,0))))) | D69: =IF(OR($O69="",$O69=0,$O69=999),"",INDEX(DayLines!$F$3:$F$608,MATCH(SMALL(DayLines!$C$3:$C$608,47),DayLines!$C$3:$C$608,0))) | E69: =IF(OR($O69="",$O69=0,$O69=999),"",INDEX(DayLines!$G$3:$G$608,MATCH(SMALL(DayLines!$C$3:$C$608,47),DayLines!$C$3:$C$608,0))) | O69: =IFERROR(MOD(SMALL(DayLines!$C$3:$C$608,47),1000),"")
B70: =IF($O70="","",IF($O70=0,INDEX(DayLines!$D$3:$D$608,MATCH(SMALL(DayLines!$C$3:$C$608,48),DayLines!$C$3:$C$608,0)),IF($O70=999,"",INDEX(DayLines!$E$3:$E$608,MATCH(SMALL(DayLines!$C$3:$C$608,48),DayLines!$C$3:$C$608,0))))) | C70: =IF($O70="","",IF($O70=0,INDEX(DayLines!$E$3:$E$608,MATCH(SMALL(DayLines!$C$3:$C$608,48),DayLines!$C$3:$C$608,0)),IF($O70=999,"",INDEX(DayLines!$D$3:$D$608,MATCH(SMALL(DayLines!$C$3:$C$608,48),DayLines!$C$3:$C$608,0))))) | D70: =IF(OR($O70="",$O70=0,$O70=999),"",INDEX(DayLines!$F$3:$F$608,MATCH(SMALL(DayLines!$C$3:$C$608,48),DayLines!$C$3:$C$608,0))) | E70: =IF(OR($O70="",$O70=0,$O70=999),"",INDEX(DayLines!$G$3:$G$608,MATCH(SMALL(DayLines!$C$3:$C$608,48),DayLines!$C$3:$C$608,0))) | O70: =IFERROR(MOD(SMALL(DayLines!$C$3:$C$608,48),1000),"")
B71: =IF($O71="","",IF($O71=0,INDEX(DayLines!$D$3:$D$608,MATCH(SMALL(DayLines!$C$3:$C$608,49),DayLines!$C$3:$C$608,0)),IF($O71=999,"",INDEX(DayLines!$E$3:$E$608,MATCH(SMALL(DayLines!$C$3:$C$608,49),DayLines!$C$3:$C$608,0))))) | C71: =IF($O71="","",IF($O71=0,INDEX(DayLines!$E$3:$E$608,MATCH(SMALL(DayLines!$C$3:$C$608,49),DayLines!$C$3:$C$608,0)),IF($O71=999,"",INDEX(DayLines!$D$3:$D$608,MATCH(SMALL(DayLines!$C$3:$C$608,49),DayLines!$C$3:$C$608,0))))) | D71: =IF(OR($O71="",$O71=0,$O71=999),"",INDEX(DayLines!$F$3:$F$608,MATCH(SMALL(DayLines!$C$3:$C$608,49),DayLines!$C$3:$C$608,0))) | E71: =IF(OR($O71="",$O71=0,$O71=999),"",INDEX(DayLines!$G$3:$G$608,MATCH(SMALL(DayLines!$C$3:$C$608,49),DayLines!$C$3:$C$608,0))) | O71: =IFERROR(MOD(SMALL(DayLines!$C$3:$C$608,49),1000),"")
B72: =IF($O72="","",IF($O72=0,INDEX(DayLines!$D$3:$D$608,MATCH(SMALL(DayLines!$C$3:$C$608,50),DayLines!$C$3:$C$608,0)),IF($O72=999,"",INDEX(DayLines!$E$3:$E$608,MATCH(SMALL(DayLines!$C$3:$C$608,50),DayLines!$C$3:$C$608,0))))) | C72: =IF($O72="","",IF($O72=0,INDEX(DayLines!$E$3:$E$608,MATCH(SMALL(DayLines!$C$3:$C$608,50),DayLines!$C$3:$C$608,0)),IF($O72=999,"",INDEX(DayLines!$D$3:$D$608,MATCH(SMALL(DayLines!$C$3:$C$608,50),DayLines!$C$3:$C$608,0))))) | D72: =IF(OR($O72="",$O72=0,$O72=999),"",INDEX(DayLines!$F$3:$F$608,MATCH(SMALL(DayLines!$C$3:$C$608,50),DayLines!$C$3:$C$608,0))) | E72: =IF(OR($O72="",$O72=0,$O72=999),"",INDEX(DayLines!$G$3:$G$608,MATCH(SMALL(DayLines!$C$3:$C$608,50),DayLines!$C$3:$C$608,0))) | O72: =IFERROR(MOD(SMALL(DayLines!$C$3:$C$608,50),1000),"")
B73: =IF($O73="","",IF($O73=0,INDEX(DayLines!$D$3:$D$608,MATCH(SMALL(DayLines!$C$3:$C$608,51),DayLines!$C$3:$C$608,0)),IF($O73=999,"",INDEX(DayLines!$E$3:$E$608,MATCH(SMALL(DayLines!$C$3:$C$608,51),DayLines!$C$3:$C$608,0))))) | C73: =IF($O73="","",IF($O73=0,INDEX(DayLines!$E$3:$E$608,MATCH(SMALL(DayLines!$C$3:$C$608,51),DayLines!$C$3:$C$608,0)),IF($O73=999,"",INDEX(DayLines!$D$3:$D$608,MATCH(SMALL(DayLines!$C$3:$C$608,51),DayLines!$C$3:$C$608,0))))) | D73: =IF(OR($O73="",$O73=0,$O73=999),"",INDEX(DayLines!$F$3:$F$608,MATCH(SMALL(DayLines!$C$3:$C$608,51),DayLines!$C$3:$C$608,0))) | E73: =IF(OR($O73="",$O73=0,$O73=999),"",INDEX(DayLines!$G$3:$G$608,MATCH(SMALL(DayLines!$C$3:$C$608,51),DayLines!$C$3:$C$608,0))) | O73: =IFERROR(MOD(SMALL(DayLines!$C$3:$C$608,51),1000),"")
B74: =IF($O74="","",IF($O74=0,INDEX(DayLines!$D$3:$D$608,MATCH(SMALL(DayLines!$C$3:$C$608,52),DayLines!$C$3:$C$608,0)),IF($O74=999,"",INDEX(DayLines!$E$3:$E$608,MATCH(SMALL(DayLines!$C$3:$C$608,52),DayLines!$C$3:$C$608,0))))) | C74: =IF($O74="","",IF($O74=0,INDEX(DayLines!$E$3:$E$608,MATCH(SMALL(DayLines!$C$3:$C$608,52),DayLines!$C$3:$C$608,0)),IF($O74=999,"",INDEX(DayLines!$D$3:$D$608,MATCH(SMALL(DayLines!$C$3:$C$608,52),DayLines!$C$3:$C$608,0))))) | D74: =IF(OR($O74="",$O74=0,$O74=999),"",INDEX(DayLines!$F$3:$F$608,MATCH(SMALL(DayLines!$C$3:$C$608,52),DayLines!$C$3:$C$608,0))) | E74: =IF(OR($O74="",$O74=0,$O74=999),"",INDEX(DayLines!$G$3:$G$608,MATCH(SMALL(DayLines!$C$3:$C$608,52),DayLines!$C$3:$C$608,0))) | O74: =IFERROR(MOD(SMALL(DayLines!$C$3:$C$608,52),1000),"")
B75: =IF($O75="","",IF($O75=0,INDEX(DayLines!$D$3:$D$608,MATCH(SMALL(DayLines!$C$3:$C$608,53),DayLines!$C$3:$C$608,0)),IF($O75=999,"",INDEX(DayLines!$E$3:$E$608,MATCH(SMALL(DayLines!$C$3:$C$608,53),DayLines!$C$3:$C$608,0))))) | C75: =IF($O75="","",IF($O75=0,INDEX(DayLines!$E$3:$E$608,MATCH(SMALL(DayLines!$C$3:$C$608,53),DayLines!$C$3:$C$608,0)),IF($O75=999,"",INDEX(DayLines!$D$3:$D$608,MATCH(SMALL(DayLines!$C$3:$C$608,53),DayLines!$C$3:$C$608,0))))) | D75: =IF(OR($O75="",$O75=0,$O75=999),"",INDEX(DayLines!$F$3:$F$608,MATCH(SMALL(DayLines!$C$3:$C$608,53),DayLines!$C$3:$C$608,0))) | E75: =IF(OR($O75="",$O75=0,$O75=999),"",INDEX(DayLines!$G$3:$G$608,MATCH(SMALL(DayLines!$C$3:$C$608,53),DayLines!$C$3:$C$608,0))) | O75: =IFERROR(MOD(SMALL(DayLines!$C$3:$C$608,53),1000),"")
B76: =IF($O76="","",IF($O76=0,INDEX(DayLines!$D$3:$D$608,MATCH(SMALL(DayLines!$C$3:$C$608,54),DayLines!$C$3:$C$608,0)),IF($O76=999,"",INDEX(DayLines!$E$3:$E$608,MATCH(SMALL(DayLines!$C$3:$C$608,54),DayLines!$C$3:$C$608,0))))) | C76: =IF($O76="","",IF($O76=0,INDEX(DayLines!$E$3:$E$608,MATCH(SMALL(DayLines!$C$3:$C$608,54),DayLines!$C$3:$C$608,0)),IF($O76=999,"",INDEX(DayLines!$D$3:$D$608,MATCH(SMALL(DayLines!$C$3:$C$608,54),DayLines!$C$3:$C$608,0))))) | D76: =IF(OR($O76="",$O76=0,$O76=999),"",INDEX(DayLines!$F$3:$F$608,MATCH(SMALL(DayLines!$C$3:$C$608,54),DayLines!$C$3:$C$608,0))) | E76: =IF(OR($O76="",$O76=0,$O76=999),"",INDEX(DayLines!$G$3:$G$608,MATCH(SMALL(DayLines!$C$3:$C$608,54),DayLines!$C$3:$C$608,0))) | O76: =IFERROR(MOD(SMALL(DayLines!$C$3:$C$608,54),1000),"")
B77: =IF($O77="","",IF($O77=0,INDEX(DayLines!$D$3:$D$608,MATCH(SMALL(DayLines!$C$3:$C$608,55),DayLines!$C$3:$C$608,0)),IF($O77=999,"",INDEX(DayLines!$E$3:$E$608,MATCH(SMALL(DayLines!$C$3:$C$608,55),DayLines!$C$3:$C$608,0))))) | C77: =IF($O77="","",IF($O77=0,INDEX(DayLines!$E$3:$E$608,MATCH(SMALL(DayLines!$C$3:$C$608,55),DayLines!$C$3:$C$608,0)),IF($O77=999,"",INDEX(DayLines!$D$3:$D$608,MATCH(SMALL(DayLines!$C$3:$C$608,55),DayLines!$C$3:$C$608,0))))) | D77: =IF(OR($O77="",$O77=0,$O77=999),"",INDEX(DayLines!$F$3:$F$608,MATCH(SMALL(DayLines!$C$3:$C$608,55),DayLines!$C$3:$C$608,0))) | E77: =IF(OR($O77="",$O77=0,$O77=999),"",INDEX(DayLines!$G$3:$G$608,MATCH(SMALL(DayLines!$C$3:$C$608,55),DayLines!$C$3:$C$608,0))) | O77: =IFERROR(MOD(SMALL(DayLines!$C$3:$C$608,55),1000),"")
B78: =IF($O78="","",IF($O78=0,INDEX(DayLines!$D$3:$D$608,MATCH(SMALL(DayLines!$C$3:$C$608,56),DayLines!$C$3:$C$608,0)),IF($O78=999,"",INDEX(DayLines!$E$3:$E$608,MATCH(SMALL(DayLines!$C$3:$C$608,56),DayLines!$C$3:$C$608,0))))) | C78: =IF($O78="","",IF($O78=0,INDEX(DayLines!$E$3:$E$608,MATCH(SMALL(DayLines!$C$3:$C$608,56),DayLines!$C$3:$C$608,0)),IF($O78=999,"",INDEX(DayLines!$D$3:$D$608,MATCH(SMALL(DayLines!$C$3:$C$608,56),DayLines!$C$3:$C$608,0))))) | D78: =IF(OR($O78="",$O78=0,$O78=999),"",INDEX(DayLines!$F$3:$F$608,MATCH(SMALL(DayLines!$C$3:$C$608,56),DayLines!$C$3:$C$608,0))) | E78: =IF(OR($O78="",$O78=0,$O78=999),"",INDEX(DayLines!$G$3:$G$608,MATCH(SMALL(DayLines!$C$3:$C$608,56),DayLines!$C$3:$C$608,0))) | O78: =IFERROR(MOD(SMALL(DayLines!$C$3:$C$608,56),1000),"")
B79: =IF($O79="","",IF($O79=0,INDEX(DayLines!$D$3:$D$608,MATCH(SMALL(DayLines!$C$3:$C$608,57),DayLines!$C$3:$C$608,0)),IF($O79=999,"",INDEX(DayLines!$E$3:$E$608,MATCH(SMALL(DayLines!$C$3:$C$608,57),DayLines!$C$3:$C$608,0))))) | C79: =IF($O79="","",IF($O79=0,INDEX(DayLines!$E$3:$E$608,MATCH(SMALL(DayLines!$C$3:$C$608,57),DayLines!$C$3:$C$608,0)),IF($O79=999,"",INDEX(DayLines!$D$3:$D$608,MATCH(SMALL(DayLines!$C$3:$C$608,57),DayLines!$C$3:$C$608,0))))) | D79: =IF(OR($O79="",$O79=0,$O79=999),"",INDEX(DayLines!$F$3:$F$608,MATCH(SMALL(DayLines!$C$3:$C$608,57),DayLines!$C$3:$C$608,0))) | E79: =IF(OR($O79="",$O79=0,$O79=999),"",INDEX(DayLines!$G$3:$G$608,MATCH(SMALL(DayLines!$C$3:$C$608,57),DayLines!$C$3:$C$608,0))) | O79: =IFERROR(MOD(SMALL(DayLines!$C$3:$C$608,57),1000),"")
B80: =IF($O80="","",IF($O80=0,INDEX(DayLines!$D$3:$D$608,MATCH(SMALL(DayLines!$C$3:$C$608,58),DayLines!$C$3:$C$608,0)),IF($O80=999,"",INDEX(DayLines!$E$3:$E$608,MATCH(SMALL(DayLines!$C$3:$C$608,58),DayLines!$C$3:$C$608,0))))) | C80: =IF($O80="","",IF($O80=0,INDEX(DayLines!$E$3:$E$608,MATCH(SMALL(DayLines!$C$3:$C$608,58),DayLines!$C$3:$C$608,0)),IF($O80=999,"",INDEX(DayLines!$D$3:$D$608,MATCH(SMALL(DayLines!$C$3:$C$608,58),DayLines!$C$3:$C$608,0))))) | D80: =IF(OR($O80="",$O80=0,$O80=999),"",INDEX(DayLines!$F$3:$F$608,MATCH(SMALL(DayLines!$C$3:$C$608,58),DayLines!$C$3:$C$608,0))) | E80: =IF(OR($O80="",$O80=0,$O80=999),"",INDEX(DayLines!$G$3:$G$608,MATCH(SMALL(DayLines!$C$3:$C$608,58),DayLines!$C$3:$C$608,0))) | O80: =IFERROR(MOD(SMALL(DayLines!$C$3:$C$608,58),1000),"")
B81: =IF($O81="","",IF($O81=0,INDEX(DayLines!$D$3:$D$608,MATCH(SMALL(DayLines!$C$3:$C$608,59),DayLines!$C$3:$C$608,0)),IF($O81=999,"",INDEX(DayLines!$E$3:$E$608,MATCH(SMALL(DayLines!$C$3:$C$608,59),DayLines!$C$3:$C$608,0))))) | C81: =IF($O81="","",IF($O81=0,INDEX(DayLines!$E$3:$E$608,MATCH(SMALL(DayLines!$C$3:$C$608,59),DayLines!$C$3:$C$608,0)),IF($O81=999,"",INDEX(DayLines!$D$3:$D$608,MATCH(SMALL(DayLines!$C$3:$C$608,59),DayLines!$C$3:$C$608,0))))) | D81: =IF(OR($O81="",$O81=0,$O81=999),"",INDEX(DayLines!$F$3:$F$608,MATCH(SMALL(DayLines!$C$3:$C$608,59),DayLines!$C$3:$C$608,0))) | E81: =IF(OR($O81="",$O81=0,$O81=999),"",INDEX(DayLines!$G$3:$G$608,MATCH(SMALL(DayLines!$C$3:$C$608,59),DayLines!$C$3:$C$608,0))) | O81: =IFERROR(MOD(SMALL(DayLines!$C$3:$C$608,59),1000),"")
B82: =IF($O82="","",IF($O82=0,INDEX(DayLines!$D$3:$D$608,MATCH(SMALL(DayLines!$C$3:$C$608,60),DayLines!$C$3:$C$608,0)),IF($O82=999,"",INDEX(DayLines!$E$3:$E$608,MATCH(SMALL(DayLines!$C$3:$C$608,60),DayLines!$C$3:$C$608,0))))) | C82: =IF($O82="","",IF($O82=0,INDEX(DayLines!$E$3:$E$608,MATCH(SMALL(DayLines!$C$3:$C$608,60),DayLines!$C$3:$C$608,0)),IF($O82=999,"",INDEX(DayLines!$D$3:$D$608,MATCH(SMALL(DayLines!$C$3:$C$608,60),DayLines!$C$3:$C$608,0))))) | D82: =IF(OR($O82="",$O82=0,$O82=999),"",INDEX(DayLines!$F$3:$F$608,MATCH(SMALL(DayLines!$C$3:$C$608,60),DayLines!$C$3:$C$608,0))) | E82: =IF(OR($O82="",$O82=0,$O82=999),"",INDEX(DayLines!$G$3:$G$608,MATCH(SMALL(DayLines!$C$3:$C$608,60),DayLines!$C$3:$C$608,0))) | O82: =IFERROR(MOD(SMALL(DayLines!$C$3:$C$608,60),1000),"")
B83: =IF($O83="","",IF($O83=0,INDEX(DayLines!$D$3:$D$608,MATCH(SMALL(DayLines!$C$3:$C$608,61),DayLines!$C$3:$C$608,0)),IF($O83=999,"",INDEX(DayLines!$E$3:$E$608,MATCH(SMALL(DayLines!$C$3:$C$608,61),DayLines!$C$3:$C$608,0))))) | C83: =IF($O83="","",IF($O83=0,INDEX(DayLines!$E$3:$E$608,MATCH(SMALL(DayLines!$C$3:$C$608,61),DayLines!$C$3:$C$608,0)),IF($O83=999,"",INDEX(DayLines!$D$3:$D$608,MATCH(SMALL(DayLines!$C$3:$C$608,61),DayLines!$C$3:$C$608,0))))) | D83: =IF(OR($O83="",$O83=0,$O83=999),"",INDEX(DayLines!$F$3:$F$608,MATCH(SMALL(DayLines!$C$3:$C$608,61),DayLines!$C$3:$C$608,0))) | E83: =IF(OR($O83="",$O83=0,$O83=999),"",INDEX(DayLines!$G$3:$G$608,MATCH(SMALL(DayLines!$C$3:$C$608,61),DayLines!$C$3:$C$608,0))) | O83: =IFERROR(MOD(SMALL(DayLines!$C$3:$C$608,61),1000),"")
B84: =IF($O84="","",IF($O84=0,INDEX(DayLines!$D$3:$D$608,MATCH(SMALL(DayLines!$C$3:$C$608,62),DayLines!$C$3:$C$608,0)),IF($O84=999,"",INDEX(DayLines!$E$3:$E$608,MATCH(SMALL(DayLines!$C$3:$C$608,62),DayLines!$C$3:$C$608,0))))) | C84: =IF($O84="","",IF($O84=0,INDEX(DayLines!$E$3:$E$608,MATCH(SMALL(DayLines!$C$3:$C$608,62),DayLines!$C$3:$C$608,0)),IF($O84=999,"",INDEX(DayLines!$D$3:$D$608,MATCH(SMALL(DayLines!$C$3:$C$608,62),DayLines!$C$3:$C$608,0))))) | D84: =IF(OR($O84="",$O84=0,$O84=999),"",INDEX(DayLines!$F$3:$F$608,MATCH(SMALL(DayLines!$C$3:$C$608,62),DayLines!$C$3:$C$608,0))) | E84: =IF(OR($O84="",$O84=0,$O84=999),"",INDEX(DayLines!$G$3:$G$608,MATCH(SMALL(DayLines!$C$3:$C$608,62),DayLines!$C$3:$C$608,0))) | O84: =IFERROR(MOD(SMALL(DayLines!$C$3:$C$608,62),1000),"")
B85: =IF($O85="","",IF($O85=0,INDEX(DayLines!$D$3:$D$608,MATCH(SMALL(DayLines!$C$3:$C$608,63),DayLines!$C$3:$C$608,0)),IF($O85=999,"",INDEX(DayLines!$E$3:$E$608,MATCH(SMALL(DayLines!$C$3:$C$608,63),DayLines!$C$3:$C$608,0))))) | C85: =IF($O85="","",IF($O85=0,INDEX(DayLines!$E$3:$E$608,MATCH(SMALL(DayLines!$C$3:$C$608,63),DayLines!$C$3:$C$608,0)),IF($O85=999,"",INDEX(DayLines!$D$3:$D$608,MATCH(SMALL(DayLines!$C$3:$C$608,63),DayLines!$C$3:$C$608,0))))) | D85: =IF(OR($O85="",$O85=0,$O85=999),"",INDEX(DayLines!$F$3:$F$608,MATCH(SMALL(DayLines!$C$3:$C$608,63),DayLines!$C$3:$C$608,0))) | E85: =IF(OR($O85="",$O85=0,$O85=999),"",INDEX(DayLines!$G$3:$G$608,MATCH(SMALL(DayLines!$C$3:$C$608,63),DayLines!$C$3:$C$608,0))) | O85: =IFERROR(MOD(SMALL(DayLines!$C$3:$C$608,63),1000),"")
B86: =IF($O86="","",IF($O86=0,INDEX(DayLines!$D$3:$D$608,MATCH(SMALL(DayLines!$C$3:$C$608,64),DayLines!$C$3:$C$608,0)),IF($O86=999,"",INDEX(DayLines!$E$3:$E$608,MATCH(SMALL(DayLines!$C$3:$C$608,64),DayLines!$C$3:$C$608,0))))) | C86: =IF($O86="","",IF($O86=0,INDEX(DayLines!$E$3:$E$608,MATCH(SMALL(DayLines!$C$3:$C$608,64),DayLines!$C$3:$C$608,0)),IF($O86=999,"",INDEX(DayLines!$D$3:$D$608,MATCH(SMALL(DayLines!$C$3:$C$608,64),DayLines!$C$3:$C$608,0))))) | D86: =IF(OR($O86="",$O86=0,$O86=999),"",INDEX(DayLines!$F$3:$F$608,MATCH(SMALL(DayLines!$C$3:$C$608,64),DayLines!$C$3:$C$608,0))) | E86: =IF(OR($O86="",$O86=0,$O86=999),"",INDEX(DayLines!$G$3:$G$608,MATCH(SMALL(DayLines!$C$3:$C$608,64),DayLines!$C$3:$C$608,0))) | O86: =IFERROR(MOD(SMALL(DayLines!$C$3:$C$608,64),1000),"")
B87: =IF($O87="","",IF($O87=0,INDEX(DayLines!$D$3:$D$608,MATCH(SMALL(DayLines!$C$3:$C$608,65),DayLines!$C$3:$C$608,0)),IF($O87=999,"",INDEX(DayLines!$E$3:$E$608,MATCH(SMALL(DayLines!$C$3:$C$608,65),DayLines!$C$3:$C$608,0))))) | C87: =IF($O87="","",IF($O87=0,INDEX(DayLines!$E$3:$E$608,MATCH(SMALL(DayLines!$C$3:$C$608,65),DayLines!$C$3:$C$608,0)),IF($O87=999,"",INDEX(DayLines!$D$3:$D$608,MATCH(SMALL(DayLines!$C$3:$C$608,65),DayLines!$C$3:$C$608,0))))) | D87: =IF(OR($O87="",$O87=0,$O87=999),"",INDEX(DayLines!$F$3:$F$608,MATCH(SMALL(DayLines!$C$3:$C$608,65),DayLines!$C$3:$C$608,0))) | E87: =IF(OR($O87="",$O87=0,$O87=999),"",INDEX(DayLines!$G$3:$G$608,MATCH(SMALL(DayLines!$C$3:$C$608,65),DayLines!$C$3:$C$608,0))) | O87: =IFERROR(MOD(SMALL(DayLines!$C$3:$C$608,65),1000),"")
B88: =IF($O88="","",IF($O88=0,INDEX(DayLines!$D$3:$D$608,MATCH(SMALL(DayLines!$C$3:$C$608,66),DayLines!$C$3:$C$608,0)),IF($O88=999,"",INDEX(DayLines!$E$3:$E$608,MATCH(SMALL(DayLines!$C$3:$C$608,66),DayLines!$C$3:$C$608,0))))) | C88: =IF($O88="","",IF($O88=0,INDEX(DayLines!$E$3:$E$608,MATCH(SMALL(DayLines!$C$3:$C$608,66),DayLines!$C$3:$C$608,0)),IF($O88=999,"",INDEX(DayLines!$D$3:$D$608,MATCH(SMALL(DayLines!$C$3:$C$608,66),DayLines!$C$3:$C$608,0))))) | D88: =IF(OR($O88="",$O88=0,$O88=999),"",INDEX(DayLines!$F$3:$F$608,MATCH(SMALL(DayLines!$C$3:$C$608,66),DayLines!$C$3:$C$608,0))) | E88: =IF(OR($O88="",$O88=0,$O88=999),"",INDEX(DayLines!$G$3:$G$608,MATCH(SMALL(DayLines!$C$3:$C$608,66),DayLines!$C$3:$C$608,0))) | O88: =IFERROR(MOD(SMALL(DayLines!$C$3:$C$608,66),1000),"")
B89: =IF($O89="","",IF($O89=0,INDEX(DayLines!$D$3:$D$608,MATCH(SMALL(DayLines!$C$3:$C$608,67),DayLines!$C$3:$C$608,0)),IF($O89=999,"",INDEX(DayLines!$E$3:$E$608,MATCH(SMALL(DayLines!$C$3:$C$608,67),DayLines!$C$3:$C$608,0))))) | C89: =IF($O89="","",IF($O89=0,INDEX(DayLines!$E$3:$E$608,MATCH(SMALL(DayLines!$C$3:$C$608,67),DayLines!$C$3:$C$608,0)),IF($O89=999,"",INDEX(DayLines!$D$3:$D$608,MATCH(SMALL(DayLines!$C$3:$C$608,67),DayLines!$C$3:$C$608,0))))) | D89: =IF(OR($O89="",$O89=0,$O89=999),"",INDEX(DayLines!$F$3:$F$608,MATCH(SMALL(DayLines!$C$3:$C$608,67),DayLines!$C$3:$C$608,0))) | E89: =IF(OR($O89="",$O89=0,$O89=999),"",INDEX(DayLines!$G$3:$G$608,MATCH(SMALL(DayLines!$C$3:$C$608,67),DayLines!$C$3:$C$608,0))) | O89: =IFERROR(MOD(SMALL(DayLines!$C$3:$C$608,67),1000),"")
B90: =IF($O90="","",IF($O90=0,INDEX(DayLines!$D$3:$D$608,MATCH(SMALL(DayLines!$C$3:$C$608,68),DayLines!$C$3:$C$608,0)),IF($O90=999,"",INDEX(DayLines!$E$3:$E$608,MATCH(SMALL(DayLines!$C$3:$C$608,68),DayLines!$C$3:$C$608,0))))) | C90: =IF($O90="","",IF($O90=0,INDEX(DayLines!$E$3:$E$608,MATCH(SMALL(DayLines!$C$3:$C$608,68),DayLines!$C$3:$C$608,0)),IF($O90=999,"",INDEX(DayLines!$D$3:$D$608,MATCH(SMALL(DayLines!$C$3:$C$608,68),DayLines!$C$3:$C$608,0))))) | D90: =IF(OR($O90="",$O90=0,$O90=999),"",INDEX(DayLines!$F$3:$F$608,MATCH(SMALL(DayLines!$C$3:$C$608,68),DayLines!$C$3:$C$608,0))) | E90: =IF(OR($O90="",$O90=0,$O90=999),"",INDEX(DayLines!$G$3:$G$608,MATCH(SMALL(DayLines!$C$3:$C$608,68),DayLines!$C$3:$C$608,0))) | O90: =IFERROR(MOD(SMALL(DayLines!$C$3:$C$608,68),1000),"")
B91: =IF($O91="","",IF($O91=0,INDEX(DayLines!$D$3:$D$608,MATCH(SMALL(DayLines!$C$3:$C$608,69),DayLines!$C$3:$C$608,0)),IF($O91=999,"",INDEX(DayLines!$E$3:$E$608,MATCH(SMALL(DayLines!$C$3:$C$608,69),DayLines!$C$3:$C$608,0))))) | C91: =IF($O91="","",IF($O91=0,INDEX(DayLines!$E$3:$E$608,MATCH(SMALL(DayLines!$C$3:$C$608,69),DayLines!$C$3:$C$608,0)),IF($O91=999,"",INDEX(DayLines!$D$3:$D$608,MATCH(SMALL(DayLines!$C$3:$C$608,69),DayLines!$C$3:$C$608,0))))) | D91: =IF(OR($O91="",$O91=0,$O91=999),"",INDEX(DayLines!$F$3:$F$608,MATCH(SMALL(DayLines!$C$3:$C$608,69),DayLines!$C$3:$C$608,0))) | E91: =IF(OR($O91="",$O91=0,$O91=999),"",INDEX(DayLines!$G$3:$G$608,MATCH(SMALL(DayLines!$C$3:$C$608,69),DayLines!$C$3:$C$608,0))) | O91: =IFERROR(MOD(SMALL(DayLines!$C$3:$C$608,69),1000),"")
B92: =IF($O92="","",IF($O92=0,INDEX(DayLines!$D$3:$D$608,MATCH(SMALL(DayLines!$C$3:$C$608,70),DayLines!$C$3:$C$608,0)),IF($O92=999,"",INDEX(DayLines!$E$3:$E$608,MATCH(SMALL(DayLines!$C$3:$C$608,70),DayLines!$C$3:$C$608,0))))) | C92: =IF($O92="","",IF($O92=0,INDEX(DayLines!$E$3:$E$608,MATCH(SMALL(DayLines!$C$3:$C$608,70),DayLines!$C$3:$C$608,0)),IF($O92=999,"",INDEX(DayLines!$D$3:$D$608,MATCH(SMALL(DayLines!$C$3:$C$608,70),DayLines!$C$3:$C$608,0))))) | D92: =IF(OR($O92="",$O92=0,$O92=999),"",INDEX(DayLines!$F$3:$F$608,MATCH(SMALL(DayLines!$C$3:$C$608,70),DayLines!$C$3:$C$608,0))) | E92: =IF(OR($O92="",$O92=0,$O92=999),"",INDEX(DayLines!$G$3:$G$608,MATCH(SMALL(DayLines!$C$3:$C$608,70),DayLines!$C$3:$C$608,0))) | O92: =IFERROR(MOD(SMALL(DayLines!$C$3:$C$608,70),1000),"")
B93: =IF($O93="","",IF($O93=0,INDEX(DayLines!$D$3:$D$608,MATCH(SMALL(DayLines!$C$3:$C$608,71),DayLines!$C$3:$C$608,0)),IF($O93=999,"",INDEX(DayLines!$E$3:$E$608,MATCH(SMALL(DayLines!$C$3:$C$608,71),DayLines!$C$3:$C$608,0))))) | C93: =IF($O93="","",IF($O93=0,INDEX(DayLines!$E$3:$E$608,MATCH(SMALL(DayLines!$C$3:$C$608,71),DayLines!$C$3:$C$608,0)),IF($O93=999,"",INDEX(DayLines!$D$3:$D$608,MATCH(SMALL(DayLines!$C$3:$C$608,71),DayLines!$C$3:$C$608,0))))) | D93: =IF(OR($O93="",$O93=0,$O93=999),"",INDEX(DayLines!$F$3:$F$608,MATCH(SMALL(DayLines!$C$3:$C$608,71),DayLines!$C$3:$C$608,0))) | E93: =IF(OR($O93="",$O93=0,$O93=999),"",INDEX(DayLines!$G$3:$G$608,MATCH(SMALL(DayLines!$C$3:$C$608,71),DayLines!$C$3:$C$608,0))) | O93: =IFERROR(MOD(SMALL(DayLines!$C$3:$C$608,71),1000),"")
B94: =IF($O94="","",IF($O94=0,INDEX(DayLines!$D$3:$D$608,MATCH(SMALL(DayLines!$C$3:$C$608,72),DayLines!$C$3:$C$608,0)),IF($O94=999,"",INDEX(DayLines!$E$3:$E$608,MATCH(SMALL(DayLines!$C$3:$C$608,72),DayLines!$C$3:$C$608,0))))) | C94: =IF($O94="","",IF($O94=0,INDEX(DayLines!$E$3:$E$608,MATCH(SMALL(DayLines!$C$3:$C$608,72),DayLines!$C$3:$C$608,0)),IF($O94=999,"",INDEX(DayLines!$D$3:$D$608,MATCH(SMALL(DayLines!$C$3:$C$608,72),DayLines!$C$3:$C$608,0))))) | D94: =IF(OR($O94="",$O94=0,$O94=999),"",INDEX(DayLines!$F$3:$F$608,MATCH(SMALL(DayLines!$C$3:$C$608,72),DayLines!$C$3:$C$608,0))) | E94: =IF(OR($O94="",$O94=0,$O94=999),"",INDEX(DayLines!$G$3:$G$608,MATCH(SMALL(DayLines!$C$3:$C$608,72),DayLines!$C$3:$C$608,0))) | O94: =IFERROR(MOD(SMALL(DayLines!$C$3:$C$608,72),1000),"")
B95: =IF($O95="","",IF($O95=0,INDEX(DayLines!$D$3:$D$608,MATCH(SMALL(DayLines!$C$3:$C$608,73),DayLines!$C$3:$C$608,0)),IF($O95=999,"",INDEX(DayLines!$E$3:$E$608,MATCH(SMALL(DayLines!$C$3:$C$608,73),DayLines!$C$3:$C$608,0))))) | C95: =IF($O95="","",IF($O95=0,INDEX(DayLines!$E$3:$E$608,MATCH(SMALL(DayLines!$C$3:$C$608,73),DayLines!$C$3:$C$608,0)),IF($O95=999,"",INDEX(DayLines!$D$3:$D$608,MATCH(SMALL(DayLines!$C$3:$C$608,73),DayLines!$C$3:$C$608,0))))) | D95: =IF(OR($O95="",$O95=0,$O95=999),"",INDEX(DayLines!$F$3:$F$608,MATCH(SMALL(DayLines!$C$3:$C$608,73),DayLines!$C$3:$C$608,0))) | E95: =IF(OR($O95="",$O95=0,$O95=999),"",INDEX(DayLines!$G$3:$G$608,MATCH(SMALL(DayLines!$C$3:$C$608,73),DayLines!$C$3:$C$608,0))) | O95: =IFERROR(MOD(SMALL(DayLines!$C$3:$C$608,73),1000),"")
B96: =IF($O96="","",IF($O96=0,INDEX(DayLines!$D$3:$D$608,MATCH(SMALL(DayLines!$C$3:$C$608,74),DayLines!$C$3:$C$608,0)),IF($O96=999,"",INDEX(DayLines!$E$3:$E$608,MATCH(SMALL(DayLines!$C$3:$C$608,74),DayLines!$C$3:$C$608,0))))) | C96: =IF($O96="","",IF($O96=0,INDEX(DayLines!$E$3:$E$608,MATCH(SMALL(DayLines!$C$3:$C$608,74),DayLines!$C$3:$C$608,0)),IF($O96=999,"",INDEX(DayLines!$D$3:$D$608,MATCH(SMALL(DayLines!$C$3:$C$608,74),DayLines!$C$3:$C$608,0))))) | D96: =IF(OR($O96="",$O96=0,$O96=999),"",INDEX(DayLines!$F$3:$F$608,MATCH(SMALL(DayLines!$C$3:$C$608,74),DayLines!$C$3:$C$608,0))) | E96: =IF(OR($O96="",$O96=0,$O96=999),"",INDEX(DayLines!$G$3:$G$608,MATCH(SMALL(DayLines!$C$3:$C$608,74),DayLines!$C$3:$C$608,0))) | O96: =IFERROR(MOD(SMALL(DayLines!$C$3:$C$608,74),1000),"")
B97: =IF($O97="","",IF($O97=0,INDEX(DayLines!$D$3:$D$608,MATCH(SMALL(DayLines!$C$3:$C$608,75),DayLines!$C$3:$C$608,0)),IF($O97=999,"",INDEX(DayLines!$E$3:$E$608,MATCH(SMALL(DayLines!$C$3:$C$608,75),DayLines!$C$3:$C$608,0))))) | C97: =IF($O97="","",IF($O97=0,INDEX(DayLines!$E$3:$E$608,MATCH(SMALL(DayLines!$C$3:$C$608,75),DayLines!$C$3:$C$608,0)),IF($O97=999,"",INDEX(DayLines!$D$3:$D$608,MATCH(SMALL(DayLines!$C$3:$C$608,75),DayLines!$C$3:$C$608,0))))) | D97: =IF(OR($O97="",$O97=0,$O97=999),"",INDEX(DayLines!$F$3:$F$608,MATCH(SMALL(DayLines!$C$3:$C$608,75),DayLines!$C$3:$C$608,0))) | E97: =IF(OR($O97="",$O97=0,$O97=999),"",INDEX(DayLines!$G$3:$G$608,MATCH(SMALL(DayLines!$C$3:$C$608,75),DayLines!$C$3:$C$608,0))) | O97: =IFERROR(MOD(SMALL(DayLines!$C$3:$C$608,75),1000),"")
B98: =IF($O98="","",IF($O98=0,INDEX(DayLines!$D$3:$D$608,MATCH(SMALL(DayLines!$C$3:$C$608,76),DayLines!$C$3:$C$608,0)),IF($O98=999,"",INDEX(DayLines!$E$3:$E$608,MATCH(SMALL(DayLines!$C$3:$C$608,76),DayLines!$C$3:$C$608,0))))) | C98: =IF($O98="","",IF($O98=0,INDEX(DayLines!$E$3:$E$608,MATCH(SMALL(DayLines!$C$3:$C$608,76),DayLines!$C$3:$C$608,0)),IF($O98=999,"",INDEX(DayLines!$D$3:$D$608,MATCH(SMALL(DayLines!$C$3:$C$608,76),DayLines!$C$3:$C$608,0))))) | D98: =IF(OR($O98="",$O98=0,$O98=999),"",INDEX(DayLines!$F$3:$F$608,MATCH(SMALL(DayLines!$C$3:$C$608,76),DayLines!$C$3:$C$608,0))) | E98: =IF(OR($O98="",$O98=0,$O98=999),"",INDEX(DayLines!$G$3:$G$608,MATCH(SMALL(DayLines!$C$3:$C$608,76),DayLines!$C$3:$C$608,0))) | O98: =IFERROR(MOD(SMALL(DayLines!$C$3:$C$608,76),1000),"")
B99: =IF($O99="","",IF($O99=0,INDEX(DayLines!$D$3:$D$608,MATCH(SMALL(DayLines!$C$3:$C$608,77),DayLines!$C$3:$C$608,0)),IF($O99=999,"",INDEX(DayLines!$E$3:$E$608,MATCH(SMALL(DayLines!$C$3:$C$608,77),DayLines!$C$3:$C$608,0))))) | C99: =IF($O99="","",IF($O99=0,INDEX(DayLines!$E$3:$E$608,MATCH(SMALL(DayLines!$C$3:$C$608,77),DayLines!$C$3:$C$608,0)),IF($O99=999,"",INDEX(DayLines!$D$3:$D$608,MATCH(SMALL(DayLines!$C$3:$C$608,77),DayLines!$C$3:$C$608,0))))) | D99: =IF(OR($O99="",$O99=0,$O99=999),"",INDEX(DayLines!$F$3:$F$608,MATCH(SMALL(DayLines!$C$3:$C$608,77),DayLines!$C$3:$C$608,0))) | E99: =IF(OR($O99="",$O99=0,$O99=999),"",INDEX(DayLines!$G$3:$G$608,MATCH(SMALL(DayLines!$C$3:$C$608,77),DayLines!$C$3:$C$608,0))) | O99: =IFERROR(MOD(SMALL(DayLines!$C$3:$C$608,77),1000),"")
B100: =IF($O100="","",IF($O100=0,INDEX(DayLines!$D$3:$D$608,MATCH(SMALL(DayLines!$C$3:$C$608,78),DayLines!$C$3:$C$608,0)),IF($O100=999,"",INDEX(DayLines!$E$3:$E$608,MATCH(SMALL(DayLines!$C$3:$C$608,78),DayLines!$C$3:$C$608,0))))) | C100: =IF($O100="","",IF($O100=0,INDEX(DayLines!$E$3:$E$608,MATCH(SMALL(DayLines!$C$3:$C$608,78),DayLines!$C$3:$C$608,0)),IF($O100=999,"",INDEX(DayLines!$D$3:$D$608,MATCH(SMALL(DayLines!$C$3:$C$608,78),DayLines!$C$3:$C$608,0))))) | D100: =IF(OR($O100="",$O100=0,$O100=999),"",INDEX(DayLines!$F$3:$F$608,MATCH(SMALL(DayLines!$C$3:$C$608,78),DayLines!$C$3:$C$608,0))) | E100: =IF(OR($O100="",$O100=0,$O100=999),"",INDEX(DayLines!$G$3:$G$608,MATCH(SMALL(DayLines!$C$3:$C$608,78),DayLines!$C$3:$C$608,0))) | O100: =IFERROR(MOD(SMALL(DayLines!$C$3:$C$608,78),1000),"")
B101: =IF($O101="","",IF($O101=0,INDEX(DayLines!$D$3:$D$608,MATCH(SMALL(DayLines!$C$3:$C$608,79),DayLines!$C$3:$C$608,0)),IF($O101=999,"",INDEX(DayLines!$E$3:$E$608,MATCH(SMALL(DayLines!$C$3:$C$608,79),DayLines!$C$3:$C$608,0))))) | C101: =IF($O101="","",IF($O101=0,INDEX(DayLines!$E$3:$E$608,MATCH(SMALL(DayLines!$C$3:$C$608,79),DayLines!$C$3:$C$608,0)),IF($O101=999,"",INDEX(DayLines!$D$3:$D$608,MATCH(SMALL(DayLines!$C$3:$C$608,79),DayLines!$C$3:$C$608,0))))) | D101: =IF(OR($O101="",$O101=0,$O101=999),"",INDEX(DayLines!$F$3:$F$608,MATCH(SMALL(DayLines!$C$3:$C$608,79),DayLines!$C$3:$C$608,0))) | E101: =IF(OR($O101="",$O101=0,$O101=999),"",INDEX(DayLines!$G$3:$G$608,MATCH(SMALL(DayLines!$C$3:$C$608,79),DayLines!$C$3:$C$608,0))) | O101: =IFERROR(MOD(SMALL(DayLines!$C$3:$C$608,79),1000),"")
B102: =IF($O102="","",IF($O102=0,INDEX(DayLines!$D$3:$D$608,MATCH(SMALL(DayLines!$C$3:$C$608,80),DayLines!$C$3:$C$608,0)),IF($O102=999,"",INDEX(DayLines!$E$3:$E$608,MATCH(SMALL(DayLines!$C$3:$C$608,80),DayLines!$C$3:$C$608,0))))) | C102: =IF($O102="","",IF($O102=0,INDEX(DayLines!$E$3:$E$608,MATCH(SMALL(DayLines!$C$3:$C$608,80),DayLines!$C$3:$C$608,0)),IF($O102=999,"",INDEX(DayLines!$D$3:$D$608,MATCH(SMALL(DayLines!$C$3:$C$608,80),DayLines!$C$3:$C$608,0))))) | D102: =IF(OR($O102="",$O102=0,$O102=999),"",INDEX(DayLines!$F$3:$F$608,MATCH(SMALL(DayLines!$C$3:$C$608,80),DayLines!$C$3:$C$608,0))) | E102: =IF(OR($O102="",$O102=0,$O102=999),"",INDEX(DayLines!$G$3:$G$608,MATCH(SMALL(DayLines!$C$3:$C$608,80),DayLines!$C$3:$C$608,0))) | O102: =IFERROR(MOD(SMALL(DayLines!$C$3:$C$608,80),1000),"")
...

Sheet Daily Kit Lists
A1: Robotics & AI Club: Daily Kit Lists
A2: Day by day, then each session in the same format as the kit tabs. Pack one box per session. Fills itself from the Session Tracker (Status = Next week).
A3: ="Week starting: "&IF('This Week''s Hardware'!$C$3="","(set the date on This Week's Hardware)",TEXT('This Week''s Hardware'!$C$3,"dddd dd-mmm-yyyy")) -> Week starting: (set the date on This Week's Hardware)
A5: Code | B5: Category | C5: Component | D5: Qty | E5: Basis | F5: Type | G5: Notes | H5: Total | I5: Packed ✓
A6: =IF(OR($J6=0,AND(ISNUMBER($J6),$J6>0,$J6<99)),INDEX(Lines!$A$3:$A$1590,MATCH(SMALL(Lines!$G$3:$G$1590,1),Lines!$G$3:$G$1590,0)),"") | B6: =IF($J6=-1,INDEX(Lines!$J$3:$J$1590,MATCH(SMALL(Lines!$G$3:$G$1590,1),Lines!$G$3:$G$1590,0)),IF($J6=0,INDEX(Lines!$L$3:$L$1590,MATCH(SMALL(Lines!$G$3:$G$1590,1),Lines!$G$3:$G$1590,0)),IF(AND(ISNUMBER($J6),$J6>0,$J6<99),INDEX(Lines!$N$3:$N$1590,MATCH(SMALL(Lines!$G$3:$G$1590,1),Lines!$G$3:$G$1590,0)),""))) | C6: =IF($J6=0,INDEX(Lines!$K$3:$K$1590,MATCH(SMALL(Lines!$G$3:$G$1590,1),Lines!$G$3:$G$1590,0)),IF(AND(ISNUMBER($J6),$J6>0,$J6<99),INDEX(Lines!$C$3:$C$1590,MATCH(SMALL(Lines!$G$3:$G$1590,1),Lines!$G$3:$G$1590,0)),"")) | D6: =IF(AND(ISNUMBER($J6),$J6>0,$J6<99),INDEX(Lines!$D$3:$D$1590,MATCH(SMALL(Lines!$G$3:$G$1590,1),Lines!$G$3:$G$1590,0)),"") | E6: =IF(AND(ISNUMBER($J6),$J6>0,$J6<99),INDEX(Lines!$E$3:$E$1590,MATCH(SMALL(Lines!$G$3:$G$1590,1),Lines!$G$3:$G$1590,0)),"") | F6: =IF(AND(ISNUMBER($J6),$J6>0,$J6<99),INDEX(Lines!$O$3:$O$1590,MATCH(SMALL(Lines!$G$3:$G$1590,1),Lines!$G$3:$G$1590,0)),"") | G6: =IF($J6=0,INDEX(Lines!$Q$3:$Q$1590,MATCH(SMALL(Lines!$G$3:$G$1590,1),Lines!$G$3:$G$1590,0)),IF(AND(ISNUMBER($J6),$J6>0,$J6<99),INDEX(Lines!$P$3:$P$1590,MATCH(SMALL(Lines!$G$3:$G$1590,1),Lines!$G$3:$G$1590,0)),"")) | H6: =IF($J6=0,INDEX(Lines!$H$3:$H$1590,MATCH(SMALL(Lines!$G$3:$G$1590,1),Lines!$G$3:$G$1590,0))&" groups",IF(AND(ISNUMBER($J6),$J6>0,$J6<99),INDEX(Lines!$I$3:$I$1590,MATCH(SMALL(Lines!$G$3:$G$1590,1),Lines!$G$3:$G$1590,0)),"")) | J6: =IFERROR(IF(MOD(SMALL(Lines!$G$3:$G$1590,1),100000)=0,-1,MOD(SMALL(Lines!$G$3:$G$1590,1),100)),"") | K6: =IF($J6=0,INDEX(Lines!$L$3:$L$1590,MATCH(SMALL(Lines!$G$3:$G$1590,1),Lines!$G$3:$G$1590,0)),"")
A7: =IF(OR($J7=0,AND(ISNUMBER($J7),$J7>0,$J7<99)),INDEX(Lines!$A$3:$A$1590,MATCH(SMALL(Lines!$G$3:$G$1590,2),Lines!$G$3:$G$1590,0)),"") | B7: =IF($J7=-1,INDEX(Lines!$J$3:$J$1590,MATCH(SMALL(Lines!$G$3:$G$1590,2),Lines!$G$3:$G$1590,0)),IF($J7=0,INDEX(Lines!$L$3:$L$1590,MATCH(SMALL(Lines!$G$3:$G$1590,2),Lines!$G$3:$G$1590,0)),IF(AND(ISNUMBER($J7),$J7>0,$J7<99),INDEX(Lines!$N$3:$N$1590,MATCH(SMALL(Lines!$G$3:$G$1590,2),Lines!$G$3:$G$1590,0)),""))) | C7: =IF($J7=0,INDEX(Lines!$K$3:$K$1590,MATCH(SMALL(Lines!$G$3:$G$1590,2),Lines!$G$3:$G$1590,0)),IF(AND(ISNUMBER($J7),$J7>0,$J7<99),INDEX(Lines!$C$3:$C$1590,MATCH(SMALL(Lines!$G$3:$G$1590,2),Lines!$G$3:$G$1590,0)),"")) | D7: =IF(AND(ISNUMBER($J7),$J7>0,$J7<99),INDEX(Lines!$D$3:$D$1590,MATCH(SMALL(Lines!$G$3:$G$1590,2),Lines!$G$3:$G$1590,0)),"") | E7: =IF(AND(ISNUMBER($J7),$J7>0,$J7<99),INDEX(Lines!$E$3:$E$1590,MATCH(SMALL(Lines!$G$3:$G$1590,2),Lines!$G$3:$G$1590,0)),"") | F7: =IF(AND(ISNUMBER($J7),$J7>0,$J7<99),INDEX(Lines!$O$3:$O$1590,MATCH(SMALL(Lines!$G$3:$G$1590,2),Lines!$G$3:$G$1590,0)),"") | G7: =IF($J7=0,INDEX(Lines!$Q$3:$Q$1590,MATCH(SMALL(Lines!$G$3:$G$1590,2),Lines!$G$3:$G$1590,0)),IF(AND(ISNUMBER($J7),$J7>0,$J7<99),INDEX(Lines!$P$3:$P$1590,MATCH(SMALL(Lines!$G$3:$G$1590,2),Lines!$G$3:$G$1590,0)),"")) | H7: =IF($J7=0,INDEX(Lines!$H$3:$H$1590,MATCH(SMALL(Lines!$G$3:$G$1590,2),Lines!$G$3:$G$1590,0))&" groups",IF(AND(ISNUMBER($J7),$J7>0,$J7<99),INDEX(Lines!$I$3:$I$1590,MATCH(SMALL(Lines!$G$3:$G$1590,2),Lines!$G$3:$G$1590,0)),"")) | J7: =IFERROR(IF(MOD(SMALL(Lines!$G$3:$G$1590,2),100000)=0,-1,MOD(SMALL(Lines!$G$3:$G$1590,2),100)),"") | K7: =IF($J7=0,INDEX(Lines!$L$3:$L$1590,MATCH(SMALL(Lines!$G$3:$G$1590,2),Lines!$G$3:$G$1590,0)),"")
A8: =IF(OR($J8=0,AND(ISNUMBER($J8),$J8>0,$J8<99)),INDEX(Lines!$A$3:$A$1590,MATCH(SMALL(Lines!$G$3:$G$1590,3),Lines!$G$3:$G$1590,0)),"") | B8: =IF($J8=-1,INDEX(Lines!$J$3:$J$1590,MATCH(SMALL(Lines!$G$3:$G$1590,3),Lines!$G$3:$G$1590,0)),IF($J8=0,INDEX(Lines!$L$3:$L$1590,MATCH(SMALL(Lines!$G$3:$G$1590,3),Lines!$G$3:$G$1590,0)),IF(AND(ISNUMBER($J8),$J8>0,$J8<99),INDEX(Lines!$N$3:$N$1590,MATCH(SMALL(Lines!$G$3:$G$1590,3),Lines!$G$3:$G$1590,0)),""))) | C8: =IF($J8=0,INDEX(Lines!$K$3:$K$1590,MATCH(SMALL(Lines!$G$3:$G$1590,3),Lines!$G$3:$G$1590,0)),IF(AND(ISNUMBER($J8),$J8>0,$J8<99),INDEX(Lines!$C$3:$C$1590,MATCH(SMALL(Lines!$G$3:$G$1590,3),Lines!$G$3:$G$1590,0)),"")) | D8: =IF(AND(ISNUMBER($J8),$J8>0,$J8<99),INDEX(Lines!$D$3:$D$1590,MATCH(SMALL(Lines!$G$3:$G$1590,3),Lines!$G$3:$G$1590,0)),"") | E8: =IF(AND(ISNUMBER($J8),$J8>0,$J8<99),INDEX(Lines!$E$3:$E$1590,MATCH(SMALL(Lines!$G$3:$G$1590,3),Lines!$G$3:$G$1590,0)),"") | F8: =IF(AND(ISNUMBER($J8),$J8>0,$J8<99),INDEX(Lines!$O$3:$O$1590,MATCH(SMALL(Lines!$G$3:$G$1590,3),Lines!$G$3:$G$1590,0)),"") | G8: =IF($J8=0,INDEX(Lines!$Q$3:$Q$1590,MATCH(SMALL(Lines!$G$3:$G$1590,3),Lines!$G$3:$G$1590,0)),IF(AND(ISNUMBER($J8),$J8>0,$J8<99),INDEX(Lines!$P$3:$P$1590,MATCH(SMALL(Lines!$G$3:$G$1590,3),Lines!$G$3:$G$1590,0)),"")) | H8: =IF($J8=0,INDEX(Lines!$H$3:$H$1590,MATCH(SMALL(Lines!$G$3:$G$1590,3),Lines!$G$3:$G$1590,0))&" groups",IF(AND(ISNUMBER($J8),$J8>0,$J8<99),INDEX(Lines!$I$3:$I$1590,MATCH(SMALL(Lines!$G$3:$G$1590,3),Lines!$G$3:$G$1590,0)),"")) | J8: =IFERROR(IF(MOD(SMALL(Lines!$G$3:$G$1590,3),100000)=0,-1,MOD(SMALL(Lines!$G$3:$G$1590,3),100)),"") | K8: =IF($J8=0,INDEX(Lines!$L$3:$L$1590,MATCH(SMALL(Lines!$G$3:$G$1590,3),Lines!$G$3:$G$1590,0)),"")
A9: =IF(OR($J9=0,AND(ISNUMBER($J9),$J9>0,$J9<99)),INDEX(Lines!$A$3:$A$1590,MATCH(SMALL(Lines!$G$3:$G$1590,4),Lines!$G$3:$G$1590,0)),"") | B9: =IF($J9=-1,INDEX(Lines!$J$3:$J$1590,MATCH(SMALL(Lines!$G$3:$G$1590,4),Lines!$G$3:$G$1590,0)),IF($J9=0,INDEX(Lines!$L$3:$L$1590,MATCH(SMALL(Lines!$G$3:$G$1590,4),Lines!$G$3:$G$1590,0)),IF(AND(ISNUMBER($J9),$J9>0,$J9<99),INDEX(Lines!$N$3:$N$1590,MATCH(SMALL(Lines!$G$3:$G$1590,4),Lines!$G$3:$G$1590,0)),""))) | C9: =IF($J9=0,INDEX(Lines!$K$3:$K$1590,MATCH(SMALL(Lines!$G$3:$G$1590,4),Lines!$G$3:$G$1590,0)),IF(AND(ISNUMBER($J9),$J9>0,$J9<99),INDEX(Lines!$C$3:$C$1590,MATCH(SMALL(Lines!$G$3:$G$1590,4),Lines!$G$3:$G$1590,0)),"")) | D9: =IF(AND(ISNUMBER($J9),$J9>0,$J9<99),INDEX(Lines!$D$3:$D$1590,MATCH(SMALL(Lines!$G$3:$G$1590,4),Lines!$G$3:$G$1590,0)),"") | E9: =IF(AND(ISNUMBER($J9),$J9>0,$J9<99),INDEX(Lines!$E$3:$E$1590,MATCH(SMALL(Lines!$G$3:$G$1590,4),Lines!$G$3:$G$1590,0)),"") | F9: =IF(AND(ISNUMBER($J9),$J9>0,$J9<99),INDEX(Lines!$O$3:$O$1590,MATCH(SMALL(Lines!$G$3:$G$1590,4),Lines!$G$3:$G$1590,0)),"") | G9: =IF($J9=0,INDEX(Lines!$Q$3:$Q$1590,MATCH(SMALL(Lines!$G$3:$G$1590,4),Lines!$G$3:$G$1590,0)),IF(AND(ISNUMBER($J9),$J9>0,$J9<99),INDEX(Lines!$P$3:$P$1590,MATCH(SMALL(Lines!$G$3:$G$1590,4),Lines!$G$3:$G$1590,0)),"")) | H9: =IF($J9=0,INDEX(Lines!$H$3:$H$1590,MATCH(SMALL(Lines!$G$3:$G$1590,4),Lines!$G$3:$G$1590,0))&" groups",IF(AND(ISNUMBER($J9),$J9>0,$J9<99),INDEX(Lines!$I$3:$I$1590,MATCH(SMALL(Lines!$G$3:$G$1590,4),Lines!$G$3:$G$1590,0)),"")) | J9: =IFERROR(IF(MOD(SMALL(Lines!$G$3:$G$1590,4),100000)=0,-1,MOD(SMALL(Lines!$G$3:$G$1590,4),100)),"") | K9: =IF($J9=0,INDEX(Lines!$L$3:$L$1590,MATCH(SMALL(Lines!$G$3:$G$1590,4),Lines!$G$3:$G$1590,0)),"")
A10: =IF(OR($J10=0,AND(ISNUMBER($J10),$J10>0,$J10<99)),INDEX(Lines!$A$3:$A$1590,MATCH(SMALL(Lines!$G$3:$G$1590,5),Lines!$G$3:$G$1590,0)),"") | B10: =IF($J10=-1,INDEX(Lines!$J$3:$J$1590,MATCH(SMALL(Lines!$G$3:$G$1590,5),Lines!$G$3:$G$1590,0)),IF($J10=0,INDEX(Lines!$L$3:$L$1590,MATCH(SMALL(Lines!$G$3:$G$1590,5),Lines!$G$3:$G$1590,0)),IF(AND(ISNUMBER($J10),$J10>0,$J10<99),INDEX(Lines!$N$3:$N$1590,MATCH(SMALL(Lines!$G$3:$G$1590,5),Lines!$G$3:$G$1590,0)),""))) | C10: =IF($J10=0,INDEX(Lines!$K$3:$K$1590,MATCH(SMALL(Lines!$G$3:$G$1590,5),Lines!$G$3:$G$1590,0)),IF(AND(ISNUMBER($J10),$J10>0,$J10<99),INDEX(Lines!$C$3:$C$1590,MATCH(SMALL(Lines!$G$3:$G$1590,5),Lines!$G$3:$G$1590,0)),"")) | D10: =IF(AND(ISNUMBER($J10),$J10>0,$J10<99),INDEX(Lines!$D$3:$D$1590,MATCH(SMALL(Lines!$G$3:$G$1590,5),Lines!$G$3:$G$1590,0)),"") | E10: =IF(AND(ISNUMBER($J10),$J10>0,$J10<99),INDEX(Lines!$E$3:$E$1590,MATCH(SMALL(Lines!$G$3:$G$1590,5),Lines!$G$3:$G$1590,0)),"") | F10: =IF(AND(ISNUMBER($J10),$J10>0,$J10<99),INDEX(Lines!$O$3:$O$1590,MATCH(SMALL(Lines!$G$3:$G$1590,5),Lines!$G$3:$G$1590,0)),"") | G10: =IF($J10=0,INDEX(Lines!$Q$3:$Q$1590,MATCH(SMALL(Lines!$G$3:$G$1590,5),Lines!$G$3:$G$1590,0)),IF(AND(ISNUMBER($J10),$J10>0,$J10<99),INDEX(Lines!$P$3:$P$1590,MATCH(SMALL(Lines!$G$3:$G$1590,5),Lines!$G$3:$G$1590,0)),"")) | H10: =IF($J10=0,INDEX(Lines!$H$3:$H$1590,MATCH(SMALL(Lines!$G$3:$G$1590,5),Lines!$G$3:$G$1590,0))&" groups",IF(AND(ISNUMBER($J10),$J10>0,$J10<99),INDEX(Lines!$I$3:$I$1590,MATCH(SMALL(Lines!$G$3:$G$1590,5),Lines!$G$3:$G$1590,0)),"")) | J10: =IFERROR(IF(MOD(SMALL(Lines!$G$3:$G$1590,5),100000)=0,-1,MOD(SMALL(Lines!$G$3:$G$1590,5),100)),"") | K10: =IF($J10=0,INDEX(Lines!$L$3:$L$1590,MATCH(SMALL(Lines!$G$3:$G$1590,5),Lines!$G$3:$G$1590,0)),"")
A11: =IF(OR($J11=0,AND(ISNUMBER($J11),$J11>0,$J11<99)),INDEX(Lines!$A$3:$A$1590,MATCH(SMALL(Lines!$G$3:$G$1590,6),Lines!$G$3:$G$1590,0)),"") | B11: =IF($J11=-1,INDEX(Lines!$J$3:$J$1590,MATCH(SMALL(Lines!$G$3:$G$1590,6),Lines!$G$3:$G$1590,0)),IF($J11=0,INDEX(Lines!$L$3:$L$1590,MATCH(SMALL(Lines!$G$3:$G$1590,6),Lines!$G$3:$G$1590,0)),IF(AND(ISNUMBER($J11),$J11>0,$J11<99),INDEX(Lines!$N$3:$N$1590,MATCH(SMALL(Lines!$G$3:$G$1590,6),Lines!$G$3:$G$1590,0)),""))) | C11: =IF($J11=0,INDEX(Lines!$K$3:$K$1590,MATCH(SMALL(Lines!$G$3:$G$1590,6),Lines!$G$3:$G$1590,0)),IF(AND(ISNUMBER($J11),$J11>0,$J11<99),INDEX(Lines!$C$3:$C$1590,MATCH(SMALL(Lines!$G$3:$G$1590,6),Lines!$G$3:$G$1590,0)),"")) | D11: =IF(AND(ISNUMBER($J11),$J11>0,$J11<99),INDEX(Lines!$D$3:$D$1590,MATCH(SMALL(Lines!$G$3:$G$1590,6),Lines!$G$3:$G$1590,0)),"") | E11: =IF(AND(ISNUMBER($J11),$J11>0,$J11<99),INDEX(Lines!$E$3:$E$1590,MATCH(SMALL(Lines!$G$3:$G$1590,6),Lines!$G$3:$G$1590,0)),"") | F11: =IF(AND(ISNUMBER($J11),$J11>0,$J11<99),INDEX(Lines!$O$3:$O$1590,MATCH(SMALL(Lines!$G$3:$G$1590,6),Lines!$G$3:$G$1590,0)),"") | G11: =IF($J11=0,INDEX(Lines!$Q$3:$Q$1590,MATCH(SMALL(Lines!$G$3:$G$1590,6),Lines!$G$3:$G$1590,0)),IF(AND(ISNUMBER($J11),$J11>0,$J11<99),INDEX(Lines!$P$3:$P$1590,MATCH(SMALL(Lines!$G$3:$G$1590,6),Lines!$G$3:$G$1590,0)),"")) | H11: =IF($J11=0,INDEX(Lines!$H$3:$H$1590,MATCH(SMALL(Lines!$G$3:$G$1590,6),Lines!$G$3:$G$1590,0))&" groups",IF(AND(ISNUMBER($J11),$J11>0,$J11<99),INDEX(Lines!$I$3:$I$1590,MATCH(SMALL(Lines!$G$3:$G$1590,6),Lines!$G$3:$G$1590,0)),"")) | J11: =IFERROR(IF(MOD(SMALL(Lines!$G$3:$G$1590,6),100000)=0,-1,MOD(SMALL(Lines!$G$3:$G$1590,6),100)),"") | K11: =IF($J11=0,INDEX(Lines!$L$3:$L$1590,MATCH(SMALL(Lines!$G$3:$G$1590,6),Lines!$G$3:$G$1590,0)),"")
A12: =IF(OR($J12=0,AND(ISNUMBER($J12),$J12>0,$J12<99)),INDEX(Lines!$A$3:$A$1590,MATCH(SMALL(Lines!$G$3:$G$1590,7),Lines!$G$3:$G$1590,0)),"") | B12: =IF($J12=-1,INDEX(Lines!$J$3:$J$1590,MATCH(SMALL(Lines!$G$3:$G$1590,7),Lines!$G$3:$G$1590,0)),IF($J12=0,INDEX(Lines!$L$3:$L$1590,MATCH(SMALL(Lines!$G$3:$G$1590,7),Lines!$G$3:$G$1590,0)),IF(AND(ISNUMBER($J12),$J12>0,$J12<99),INDEX(Lines!$N$3:$N$1590,MATCH(SMALL(Lines!$G$3:$G$1590,7),Lines!$G$3:$G$1590,0)),""))) | C12: =IF($J12=0,INDEX(Lines!$K$3:$K$1590,MATCH(SMALL(Lines!$G$3:$G$1590,7),Lines!$G$3:$G$1590,0)),IF(AND(ISNUMBER($J12),$J12>0,$J12<99),INDEX(Lines!$C$3:$C$1590,MATCH(SMALL(Lines!$G$3:$G$1590,7),Lines!$G$3:$G$1590,0)),"")) | D12: =IF(AND(ISNUMBER($J12),$J12>0,$J12<99),INDEX(Lines!$D$3:$D$1590,MATCH(SMALL(Lines!$G$3:$G$1590,7),Lines!$G$3:$G$1590,0)),"") | E12: =IF(AND(ISNUMBER($J12),$J12>0,$J12<99),INDEX(Lines!$E$3:$E$1590,MATCH(SMALL(Lines!$G$3:$G$1590,7),Lines!$G$3:$G$1590,0)),"") | F12: =IF(AND(ISNUMBER($J12),$J12>0,$J12<99),INDEX(Lines!$O$3:$O$1590,MATCH(SMALL(Lines!$G$3:$G$1590,7),Lines!$G$3:$G$1590,0)),"") | G12: =IF($J12=0,INDEX(Lines!$Q$3:$Q$1590,MATCH(SMALL(Lines!$G$3:$G$1590,7),Lines!$G$3:$G$1590,0)),IF(AND(ISNUMBER($J12),$J12>0,$J12<99),INDEX(Lines!$P$3:$P$1590,MATCH(SMALL(Lines!$G$3:$G$1590,7),Lines!$G$3:$G$1590,0)),"")) | H12: =IF($J12=0,INDEX(Lines!$H$3:$H$1590,MATCH(SMALL(Lines!$G$3:$G$1590,7),Lines!$G$3:$G$1590,0))&" groups",IF(AND(ISNUMBER($J12),$J12>0,$J12<99),INDEX(Lines!$I$3:$I$1590,MATCH(SMALL(Lines!$G$3:$G$1590,7),Lines!$G$3:$G$1590,0)),"")) | J12: =IFERROR(IF(MOD(SMALL(Lines!$G$3:$G$1590,7),100000)=0,-1,MOD(SMALL(Lines!$G$3:$G$1590,7),100)),"") | K12: =IF($J12=0,INDEX(Lines!$L$3:$L$1590,MATCH(SMALL(Lines!$G$3:$G$1590,7),Lines!$G$3:$G$1590,0)),"")
A13: =IF(OR($J13=0,AND(ISNUMBER($J13),$J13>0,$J13<99)),INDEX(Lines!$A$3:$A$1590,MATCH(SMALL(Lines!$G$3:$G$1590,8),Lines!$G$3:$G$1590,0)),"") | B13: =IF($J13=-1,INDEX(Lines!$J$3:$J$1590,MATCH(SMALL(Lines!$G$3:$G$1590,8),Lines!$G$3:$G$1590,0)),IF($J13=0,INDEX(Lines!$L$3:$L$1590,MATCH(SMALL(Lines!$G$3:$G$1590,8),Lines!$G$3:$G$1590,0)),IF(AND(ISNUMBER($J13),$J13>0,$J13<99),INDEX(Lines!$N$3:$N$1590,MATCH(SMALL(Lines!$G$3:$G$1590,8),Lines!$G$3:$G$1590,0)),""))) | C13: =IF($J13=0,INDEX(Lines!$K$3:$K$1590,MATCH(SMALL(Lines!$G$3:$G$1590,8),Lines!$G$3:$G$1590,0)),IF(AND(ISNUMBER($J13),$J13>0,$J13<99),INDEX(Lines!$C$3:$C$1590,MATCH(SMALL(Lines!$G$3:$G$1590,8),Lines!$G$3:$G$1590,0)),"")) | D13: =IF(AND(ISNUMBER($J13),$J13>0,$J13<99),INDEX(Lines!$D$3:$D$1590,MATCH(SMALL(Lines!$G$3:$G$1590,8),Lines!$G$3:$G$1590,0)),"") | E13: =IF(AND(ISNUMBER($J13),$J13>0,$J13<99),INDEX(Lines!$E$3:$E$1590,MATCH(SMALL(Lines!$G$3:$G$1590,8),Lines!$G$3:$G$1590,0)),"") | F13: =IF(AND(ISNUMBER($J13),$J13>0,$J13<99),INDEX(Lines!$O$3:$O$1590,MATCH(SMALL(Lines!$G$3:$G$1590,8),Lines!$G$3:$G$1590,0)),"") | G13: =IF($J13=0,INDEX(Lines!$Q$3:$Q$1590,MATCH(SMALL(Lines!$G$3:$G$1590,8),Lines!$G$3:$G$1590,0)),IF(AND(ISNUMBER($J13),$J13>0,$J13<99),INDEX(Lines!$P$3:$P$1590,MATCH(SMALL(Lines!$G$3:$G$1590,8),Lines!$G$3:$G$1590,0)),"")) | H13: =IF($J13=0,INDEX(Lines!$H$3:$H$1590,MATCH(SMALL(Lines!$G$3:$G$1590,8),Lines!$G$3:$G$1590,0))&" groups",IF(AND(ISNUMBER($J13),$J13>0,$J13<99),INDEX(Lines!$I$3:$I$1590,MATCH(SMALL(Lines!$G$3:$G$1590,8),Lines!$G$3:$G$1590,0)),"")) | J13: =IFERROR(IF(MOD(SMALL(Lines!$G$3:$G$1590,8),100000)=0,-1,MOD(SMALL(Lines!$G$3:$G$1590,8),100)),"") | K13: =IF($J13=0,INDEX(Lines!$L$3:$L$1590,MATCH(SMALL(Lines!$G$3:$G$1590,8),Lines!$G$3:$G$1590,0)),"")
A14: =IF(OR($J14=0,AND(ISNUMBER($J14),$J14>0,$J14<99)),INDEX(Lines!$A$3:$A$1590,MATCH(SMALL(Lines!$G$3:$G$1590,9),Lines!$G$3:$G$1590,0)),"") | B14: =IF($J14=-1,INDEX(Lines!$J$3:$J$1590,MATCH(SMALL(Lines!$G$3:$G$1590,9),Lines!$G$3:$G$1590,0)),IF($J14=0,INDEX(Lines!$L$3:$L$1590,MATCH(SMALL(Lines!$G$3:$G$1590,9),Lines!$G$3:$G$1590,0)),IF(AND(ISNUMBER($J14),$J14>0,$J14<99),INDEX(Lines!$N$3:$N$1590,MATCH(SMALL(Lines!$G$3:$G$1590,9),Lines!$G$3:$G$1590,0)),""))) | C14: =IF($J14=0,INDEX(Lines!$K$3:$K$1590,MATCH(SMALL(Lines!$G$3:$G$1590,9),Lines!$G$3:$G$1590,0)),IF(AND(ISNUMBER($J14),$J14>0,$J14<99),INDEX(Lines!$C$3:$C$1590,MATCH(SMALL(Lines!$G$3:$G$1590,9),Lines!$G$3:$G$1590,0)),"")) | D14: =IF(AND(ISNUMBER($J14),$J14>0,$J14<99),INDEX(Lines!$D$3:$D$1590,MATCH(SMALL(Lines!$G$3:$G$1590,9),Lines!$G$3:$G$1590,0)),"") | E14: =IF(AND(ISNUMBER($J14),$J14>0,$J14<99),INDEX(Lines!$E$3:$E$1590,MATCH(SMALL(Lines!$G$3:$G$1590,9),Lines!$G$3:$G$1590,0)),"") | F14: =IF(AND(ISNUMBER($J14),$J14>0,$J14<99),INDEX(Lines!$O$3:$O$1590,MATCH(SMALL(Lines!$G$3:$G$1590,9),Lines!$G$3:$G$1590,0)),"") | G14: =IF($J14=0,INDEX(Lines!$Q$3:$Q$1590,MATCH(SMALL(Lines!$G$3:$G$1590,9),Lines!$G$3:$G$1590,0)),IF(AND(ISNUMBER($J14),$J14>0,$J14<99),INDEX(Lines!$P$3:$P$1590,MATCH(SMALL(Lines!$G$3:$G$1590,9),Lines!$G$3:$G$1590,0)),"")) | H14: =IF($J14=0,INDEX(Lines!$H$3:$H$1590,MATCH(SMALL(Lines!$G$3:$G$1590,9),Lines!$G$3:$G$1590,0))&" groups",IF(AND(ISNUMBER($J14),$J14>0,$J14<99),INDEX(Lines!$I$3:$I$1590,MATCH(SMALL(Lines!$G$3:$G$1590,9),Lines!$G$3:$G$1590,0)),"")) | J14: =IFERROR(IF(MOD(SMALL(Lines!$G$3:$G$1590,9),100000)=0,-1,MOD(SMALL(Lines!$G$3:$G$1590,9),100)),"") | K14: =IF($J14=0,INDEX(Lines!$L$3:$L$1590,MATCH(SMALL(Lines!$G$3:$G$1590,9),Lines!$G$3:$G$1590,0)),"")
A15: =IF(OR($J15=0,AND(ISNUMBER($J15),$J15>0,$J15<99)),INDEX(Lines!$A$3:$A$1590,MATCH(SMALL(Lines!$G$3:$G$1590,10),Lines!$G$3:$G$1590,0)),"") | B15: =IF($J15=-1,INDEX(Lines!$J$3:$J$1590,MATCH(SMALL(Lines!$G$3:$G$1590,10),Lines!$G$3:$G$1590,0)),IF($J15=0,INDEX(Lines!$L$3:$L$1590,MATCH(SMALL(Lines!$G$3:$G$1590,10),Lines!$G$3:$G$1590,0)),IF(AND(ISNUMBER($J15),$J15>0,$J15<99),INDEX(Lines!$N$3:$N$1590,MATCH(SMALL(Lines!$G$3:$G$1590,10),Lines!$G$3:$G$1590,0)),""))) | C15: =IF($J15=0,INDEX(Lines!$K$3:$K$1590,MATCH(SMALL(Lines!$G$3:$G$1590,10),Lines!$G$3:$G$1590,0)),IF(AND(ISNUMBER($J15),$J15>0,$J15<99),INDEX(Lines!$C$3:$C$1590,MATCH(SMALL(Lines!$G$3:$G$1590,10),Lines!$G$3:$G$1590,0)),"")) | D15: =IF(AND(ISNUMBER($J15),$J15>0,$J15<99),INDEX(Lines!$D$3:$D$1590,MATCH(SMALL(Lines!$G$3:$G$1590,10),Lines!$G$3:$G$1590,0)),"") | E15: =IF(AND(ISNUMBER($J15),$J15>0,$J15<99),INDEX(Lines!$E$3:$E$1590,MATCH(SMALL(Lines!$G$3:$G$1590,10),Lines!$G$3:$G$1590,0)),"") | F15: =IF(AND(ISNUMBER($J15),$J15>0,$J15<99),INDEX(Lines!$O$3:$O$1590,MATCH(SMALL(Lines!$G$3:$G$1590,10),Lines!$G$3:$G$1590,0)),"") | G15: =IF($J15=0,INDEX(Lines!$Q$3:$Q$1590,MATCH(SMALL(Lines!$G$3:$G$1590,10),Lines!$G$3:$G$1590,0)),IF(AND(ISNUMBER($J15),$J15>0,$J15<99),INDEX(Lines!$P$3:$P$1590,MATCH(SMALL(Lines!$G$3:$G$1590,10),Lines!$G$3:$G$1590,0)),"")) | H15: =IF($J15=0,INDEX(Lines!$H$3:$H$1590,MATCH(SMALL(Lines!$G$3:$G$1590,10),Lines!$G$3:$G$1590,0))&" groups",IF(AND(ISNUMBER($J15),$J15>0,$J15<99),INDEX(Lines!$I$3:$I$1590,MATCH(SMALL(Lines!$G$3:$G$1590,10),Lines!$G$3:$G$1590,0)),"")) | J15: =IFERROR(IF(MOD(SMALL(Lines!$G$3:$G$1590,10),100000)=0,-1,MOD(SMALL(Lines!$G$3:$G$1590,10),100)),"") | K15: =IF($J15=0,INDEX(Lines!$L$3:$L$1590,MATCH(SMALL(Lines!$G$3:$G$1590,10),Lines!$G$3:$G$1590,0)),"")
A16: =IF(OR($J16=0,AND(ISNUMBER($J16),$J16>0,$J16<99)),INDEX(Lines!$A$3:$A$1590,MATCH(SMALL(Lines!$G$3:$G$1590,11),Lines!$G$3:$G$1590,0)),"") | B16: =IF($J16=-1,INDEX(Lines!$J$3:$J$1590,MATCH(SMALL(Lines!$G$3:$G$1590,11),Lines!$G$3:$G$1590,0)),IF($J16=0,INDEX(Lines!$L$3:$L$1590,MATCH(SMALL(Lines!$G$3:$G$1590,11),Lines!$G$3:$G$1590,0)),IF(AND(ISNUMBER($J16),$J16>0,$J16<99),INDEX(Lines!$N$3:$N$1590,MATCH(SMALL(Lines!$G$3:$G$1590,11),Lines!$G$3:$G$1590,0)),""))) | C16: =IF($J16=0,INDEX(Lines!$K$3:$K$1590,MATCH(SMALL(Lines!$G$3:$G$1590,11),Lines!$G$3:$G$1590,0)),IF(AND(ISNUMBER($J16),$J16>0,$J16<99),INDEX(Lines!$C$3:$C$1590,MATCH(SMALL(Lines!$G$3:$G$1590,11),Lines!$G$3:$G$1590,0)),"")) | D16: =IF(AND(ISNUMBER($J16),$J16>0,$J16<99),INDEX(Lines!$D$3:$D$1590,MATCH(SMALL(Lines!$G$3:$G$1590,11),Lines!$G$3:$G$1590,0)),"") | E16: =IF(AND(ISNUMBER($J16),$J16>0,$J16<99),INDEX(Lines!$E$3:$E$1590,MATCH(SMALL(Lines!$G$3:$G$1590,11),Lines!$G$3:$G$1590,0)),"") | F16: =IF(AND(ISNUMBER($J16),$J16>0,$J16<99),INDEX(Lines!$O$3:$O$1590,MATCH(SMALL(Lines!$G$3:$G$1590,11),Lines!$G$3:$G$1590,0)),"") | G16: =IF($J16=0,INDEX(Lines!$Q$3:$Q$1590,MATCH(SMALL(Lines!$G$3:$G$1590,11),Lines!$G$3:$G$1590,0)),IF(AND(ISNUMBER($J16),$J16>0,$J16<99),INDEX(Lines!$P$3:$P$1590,MATCH(SMALL(Lines!$G$3:$G$1590,11),Lines!$G$3:$G$1590,0)),"")) | H16: =IF($J16=0,INDEX(Lines!$H$3:$H$1590,MATCH(SMALL(Lines!$G$3:$G$1590,11),Lines!$G$3:$G$1590,0))&" groups",IF(AND(ISNUMBER($J16),$J16>0,$J16<99),INDEX(Lines!$I$3:$I$1590,MATCH(SMALL(Lines!$G$3:$G$1590,11),Lines!$G$3:$G$1590,0)),"")) | J16: =IFERROR(IF(MOD(SMALL(Lines!$G$3:$G$1590,11),100000)=0,-1,MOD(SMALL(Lines!$G$3:$G$1590,11),100)),"") | K16: =IF($J16=0,INDEX(Lines!$L$3:$L$1590,MATCH(SMALL(Lines!$G$3:$G$1590,11),Lines!$G$3:$G$1590,0)),"")
A17: =IF(OR($J17=0,AND(ISNUMBER($J17),$J17>0,$J17<99)),INDEX(Lines!$A$3:$A$1590,MATCH(SMALL(Lines!$G$3:$G$1590,12),Lines!$G$3:$G$1590,0)),"") | B17: =IF($J17=-1,INDEX(Lines!$J$3:$J$1590,MATCH(SMALL(Lines!$G$3:$G$1590,12),Lines!$G$3:$G$1590,0)),IF($J17=0,INDEX(Lines!$L$3:$L$1590,MATCH(SMALL(Lines!$G$3:$G$1590,12),Lines!$G$3:$G$1590,0)),IF(AND(ISNUMBER($J17),$J17>0,$J17<99),INDEX(Lines!$N$3:$N$1590,MATCH(SMALL(Lines!$G$3:$G$1590,12),Lines!$G$3:$G$1590,0)),""))) | C17: =IF($J17=0,INDEX(Lines!$K$3:$K$1590,MATCH(SMALL(Lines!$G$3:$G$1590,12),Lines!$G$3:$G$1590,0)),IF(AND(ISNUMBER($J17),$J17>0,$J17<99),INDEX(Lines!$C$3:$C$1590,MATCH(SMALL(Lines!$G$3:$G$1590,12),Lines!$G$3:$G$1590,0)),"")) | D17: =IF(AND(ISNUMBER($J17),$J17>0,$J17<99),INDEX(Lines!$D$3:$D$1590,MATCH(SMALL(Lines!$G$3:$G$1590,12),Lines!$G$3:$G$1590,0)),"") | E17: =IF(AND(ISNUMBER($J17),$J17>0,$J17<99),INDEX(Lines!$E$3:$E$1590,MATCH(SMALL(Lines!$G$3:$G$1590,12),Lines!$G$3:$G$1590,0)),"") | F17: =IF(AND(ISNUMBER($J17),$J17>0,$J17<99),INDEX(Lines!$O$3:$O$1590,MATCH(SMALL(Lines!$G$3:$G$1590,12),Lines!$G$3:$G$1590,0)),"") | G17: =IF($J17=0,INDEX(Lines!$Q$3:$Q$1590,MATCH(SMALL(Lines!$G$3:$G$1590,12),Lines!$G$3:$G$1590,0)),IF(AND(ISNUMBER($J17),$J17>0,$J17<99),INDEX(Lines!$P$3:$P$1590,MATCH(SMALL(Lines!$G$3:$G$1590,12),Lines!$G$3:$G$1590,0)),"")) | H17: =IF($J17=0,INDEX(Lines!$H$3:$H$1590,MATCH(SMALL(Lines!$G$3:$G$1590,12),Lines!$G$3:$G$1590,0))&" groups",IF(AND(ISNUMBER($J17),$J17>0,$J17<99),INDEX(Lines!$I$3:$I$1590,MATCH(SMALL(Lines!$G$3:$G$1590,12),Lines!$G$3:$G$1590,0)),"")) | J17: =IFERROR(IF(MOD(SMALL(Lines!$G$3:$G$1590,12),100000)=0,-1,MOD(SMALL(Lines!$G$3:$G$1590,12),100)),"") | K17: =IF($J17=0,INDEX(Lines!$L$3:$L$1590,MATCH(SMALL(Lines!$G$3:$G$1590,12),Lines!$G$3:$G$1590,0)),"")
A18: =IF(OR($J18=0,AND(ISNUMBER($J18),$J18>0,$J18<99)),INDEX(Lines!$A$3:$A$1590,MATCH(SMALL(Lines!$G$3:$G$1590,13),Lines!$G$3:$G$1590,0)),"") | B18: =IF($J18=-1,INDEX(Lines!$J$3:$J$1590,MATCH(SMALL(Lines!$G$3:$G$1590,13),Lines!$G$3:$G$1590,0)),IF($J18=0,INDEX(Lines!$L$3:$L$1590,MATCH(SMALL(Lines!$G$3:$G$1590,13),Lines!$G$3:$G$1590,0)),IF(AND(ISNUMBER($J18),$J18>0,$J18<99),INDEX(Lines!$N$3:$N$1590,MATCH(SMALL(Lines!$G$3:$G$1590,13),Lines!$G$3:$G$1590,0)),""))) | C18: =IF($J18=0,INDEX(Lines!$K$3:$K$1590,MATCH(SMALL(Lines!$G$3:$G$1590,13),Lines!$G$3:$G$1590,0)),IF(AND(ISNUMBER($J18),$J18>0,$J18<99),INDEX(Lines!$C$3:$C$1590,MATCH(SMALL(Lines!$G$3:$G$1590,13),Lines!$G$3:$G$1590,0)),"")) | D18: =IF(AND(ISNUMBER($J18),$J18>0,$J18<99),INDEX(Lines!$D$3:$D$1590,MATCH(SMALL(Lines!$G$3:$G$1590,13),Lines!$G$3:$G$1590,0)),"") | E18: =IF(AND(ISNUMBER($J18),$J18>0,$J18<99),INDEX(Lines!$E$3:$E$1590,MATCH(SMALL(Lines!$G$3:$G$1590,13),Lines!$G$3:$G$1590,0)),"") | F18: =IF(AND(ISNUMBER($J18),$J18>0,$J18<99),INDEX(Lines!$O$3:$O$1590,MATCH(SMALL(Lines!$G$3:$G$1590,13),Lines!$G$3:$G$1590,0)),"") | G18: =IF($J18=0,INDEX(Lines!$Q$3:$Q$1590,MATCH(SMALL(Lines!$G$3:$G$1590,13),Lines!$G$3:$G$1590,0)),IF(AND(ISNUMBER($J18),$J18>0,$J18<99),INDEX(Lines!$P$3:$P$1590,MATCH(SMALL(Lines!$G$3:$G$1590,13),Lines!$G$3:$G$1590,0)),"")) | H18: =IF($J18=0,INDEX(Lines!$H$3:$H$1590,MATCH(SMALL(Lines!$G$3:$G$1590,13),Lines!$G$3:$G$1590,0))&" groups",IF(AND(ISNUMBER($J18),$J18>0,$J18<99),INDEX(Lines!$I$3:$I$1590,MATCH(SMALL(Lines!$G$3:$G$1590,13),Lines!$G$3:$G$1590,0)),"")) | J18: =IFERROR(IF(MOD(SMALL(Lines!$G$3:$G$1590,13),100000)=0,-1,MOD(SMALL(Lines!$G$3:$G$1590,13),100)),"") | K18: =IF($J18=0,INDEX(Lines!$L$3:$L$1590,MATCH(SMALL(Lines!$G$3:$G$1590,13),Lines!$G$3:$G$1590,0)),"")
A19: =IF(OR($J19=0,AND(ISNUMBER($J19),$J19>0,$J19<99)),INDEX(Lines!$A$3:$A$1590,MATCH(SMALL(Lines!$G$3:$G$1590,14),Lines!$G$3:$G$1590,0)),"") | B19: =IF($J19=-1,INDEX(Lines!$J$3:$J$1590,MATCH(SMALL(Lines!$G$3:$G$1590,14),Lines!$G$3:$G$1590,0)),IF($J19=0,INDEX(Lines!$L$3:$L$1590,MATCH(SMALL(Lines!$G$3:$G$1590,14),Lines!$G$3:$G$1590,0)),IF(AND(ISNUMBER($J19),$J19>0,$J19<99),INDEX(Lines!$N$3:$N$1590,MATCH(SMALL(Lines!$G$3:$G$1590,14),Lines!$G$3:$G$1590,0)),""))) | C19: =IF($J19=0,INDEX(Lines!$K$3:$K$1590,MATCH(SMALL(Lines!$G$3:$G$1590,14),Lines!$G$3:$G$1590,0)),IF(AND(ISNUMBER($J19),$J19>0,$J19<99),INDEX(Lines!$C$3:$C$1590,MATCH(SMALL(Lines!$G$3:$G$1590,14),Lines!$G$3:$G$1590,0)),"")) | D19: =IF(AND(ISNUMBER($J19),$J19>0,$J19<99),INDEX(Lines!$D$3:$D$1590,MATCH(SMALL(Lines!$G$3:$G$1590,14),Lines!$G$3:$G$1590,0)),"") | E19: =IF(AND(ISNUMBER($J19),$J19>0,$J19<99),INDEX(Lines!$E$3:$E$1590,MATCH(SMALL(Lines!$G$3:$G$1590,14),Lines!$G$3:$G$1590,0)),"") | F19: =IF(AND(ISNUMBER($J19),$J19>0,$J19<99),INDEX(Lines!$O$3:$O$1590,MATCH(SMALL(Lines!$G$3:$G$1590,14),Lines!$G$3:$G$1590,0)),"") | G19: =IF($J19=0,INDEX(Lines!$Q$3:$Q$1590,MATCH(SMALL(Lines!$G$3:$G$1590,14),Lines!$G$3:$G$1590,0)),IF(AND(ISNUMBER($J19),$J19>0,$J19<99),INDEX(Lines!$P$3:$P$1590,MATCH(SMALL(Lines!$G$3:$G$1590,14),Lines!$G$3:$G$1590,0)),"")) | H19: =IF($J19=0,INDEX(Lines!$H$3:$H$1590,MATCH(SMALL(Lines!$G$3:$G$1590,14),Lines!$G$3:$G$1590,0))&" groups",IF(AND(ISNUMBER($J19),$J19>0,$J19<99),INDEX(Lines!$I$3:$I$1590,MATCH(SMALL(Lines!$G$3:$G$1590,14),Lines!$G$3:$G$1590,0)),"")) | J19: =IFERROR(IF(MOD(SMALL(Lines!$G$3:$G$1590,14),100000)=0,-1,MOD(SMALL(Lines!$G$3:$G$1590,14),100)),"") | K19: =IF($J19=0,INDEX(Lines!$L$3:$L$1590,MATCH(SMALL(Lines!$G$3:$G$1590,14),Lines!$G$3:$G$1590,0)),"")
A20: =IF(OR($J20=0,AND(ISNUMBER($J20),$J20>0,$J20<99)),INDEX(Lines!$A$3:$A$1590,MATCH(SMALL(Lines!$G$3:$G$1590,15),Lines!$G$3:$G$1590,0)),"") | B20: =IF($J20=-1,INDEX(Lines!$J$3:$J$1590,MATCH(SMALL(Lines!$G$3:$G$1590,15),Lines!$G$3:$G$1590,0)),IF($J20=0,INDEX(Lines!$L$3:$L$1590,MATCH(SMALL(Lines!$G$3:$G$1590,15),Lines!$G$3:$G$1590,0)),IF(AND(ISNUMBER($J20),$J20>0,$J20<99),INDEX(Lines!$N$3:$N$1590,MATCH(SMALL(Lines!$G$3:$G$1590,15),Lines!$G$3:$G$1590,0)),""))) | C20: =IF($J20=0,INDEX(Lines!$K$3:$K$1590,MATCH(SMALL(Lines!$G$3:$G$1590,15),Lines!$G$3:$G$1590,0)),IF(AND(ISNUMBER($J20),$J20>0,$J20<99),INDEX(Lines!$C$3:$C$1590,MATCH(SMALL(Lines!$G$3:$G$1590,15),Lines!$G$3:$G$1590,0)),"")) | D20: =IF(AND(ISNUMBER($J20),$J20>0,$J20<99),INDEX(Lines!$D$3:$D$1590,MATCH(SMALL(Lines!$G$3:$G$1590,15),Lines!$G$3:$G$1590,0)),"") | E20: =IF(AND(ISNUMBER($J20),$J20>0,$J20<99),INDEX(Lines!$E$3:$E$1590,MATCH(SMALL(Lines!$G$3:$G$1590,15),Lines!$G$3:$G$1590,0)),"") | F20: =IF(AND(ISNUMBER($J20),$J20>0,$J20<99),INDEX(Lines!$O$3:$O$1590,MATCH(SMALL(Lines!$G$3:$G$1590,15),Lines!$G$3:$G$1590,0)),"") | G20: =IF($J20=0,INDEX(Lines!$Q$3:$Q$1590,MATCH(SMALL(Lines!$G$3:$G$1590,15),Lines!$G$3:$G$1590,0)),IF(AND(ISNUMBER($J20),$J20>0,$J20<99),INDEX(Lines!$P$3:$P$1590,MATCH(SMALL(Lines!$G$3:$G$1590,15),Lines!$G$3:$G$1590,0)),"")) | H20: =IF($J20=0,INDEX(Lines!$H$3:$H$1590,MATCH(SMALL(Lines!$G$3:$G$1590,15),Lines!$G$3:$G$1590,0))&" groups",IF(AND(ISNUMBER($J20),$J20>0,$J20<99),INDEX(Lines!$I$3:$I$1590,MATCH(SMALL(Lines!$G$3:$G$1590,15),Lines!$G$3:$G$1590,0)),"")) | J20: =IFERROR(IF(MOD(SMALL(Lines!$G$3:$G$1590,15),100000)=0,-1,MOD(SMALL(Lines!$G$3:$G$1590,15),100)),"") | K20: =IF($J20=0,INDEX(Lines!$L$3:$L$1590,MATCH(SMALL(Lines!$G$3:$G$1590,15),Lines!$G$3:$G$1590,0)),"")
A21: =IF(OR($J21=0,AND(ISNUMBER($J21),$J21>0,$J21<99)),INDEX(Lines!$A$3:$A$1590,MATCH(SMALL(Lines!$G$3:$G$1590,16),Lines!$G$3:$G$1590,0)),"") | B21: =IF($J21=-1,INDEX(Lines!$J$3:$J$1590,MATCH(SMALL(Lines!$G$3:$G$1590,16),Lines!$G$3:$G$1590,0)),IF($J21=0,INDEX(Lines!$L$3:$L$1590,MATCH(SMALL(Lines!$G$3:$G$1590,16),Lines!$G$3:$G$1590,0)),IF(AND(ISNUMBER($J21),$J21>0,$J21<99),INDEX(Lines!$N$3:$N$1590,MATCH(SMALL(Lines!$G$3:$G$1590,16),Lines!$G$3:$G$1590,0)),""))) | C21: =IF($J21=0,INDEX(Lines!$K$3:$K$1590,MATCH(SMALL(Lines!$G$3:$G$1590,16),Lines!$G$3:$G$1590,0)),IF(AND(ISNUMBER($J21),$J21>0,$J21<99),INDEX(Lines!$C$3:$C$1590,MATCH(SMALL(Lines!$G$3:$G$1590,16),Lines!$G$3:$G$1590,0)),"")) | D21: =IF(AND(ISNUMBER($J21),$J21>0,$J21<99),INDEX(Lines!$D$3:$D$1590,MATCH(SMALL(Lines!$G$3:$G$1590,16),Lines!$G$3:$G$1590,0)),"") | E21: =IF(AND(ISNUMBER($J21),$J21>0,$J21<99),INDEX(Lines!$E$3:$E$1590,MATCH(SMALL(Lines!$G$3:$G$1590,16),Lines!$G$3:$G$1590,0)),"") | F21: =IF(AND(ISNUMBER($J21),$J21>0,$J21<99),INDEX(Lines!$O$3:$O$1590,MATCH(SMALL(Lines!$G$3:$G$1590,16),Lines!$G$3:$G$1590,0)),"") | G21: =IF($J21=0,INDEX(Lines!$Q$3:$Q$1590,MATCH(SMALL(Lines!$G$3:$G$1590,16),Lines!$G$3:$G$1590,0)),IF(AND(ISNUMBER($J21),$J21>0,$J21<99),INDEX(Lines!$P$3:$P$1590,MATCH(SMALL(Lines!$G$3:$G$1590,16),Lines!$G$3:$G$1590,0)),"")) | H21: =IF($J21=0,INDEX(Lines!$H$3:$H$1590,MATCH(SMALL(Lines!$G$3:$G$1590,16),Lines!$G$3:$G$1590,0))&" groups",IF(AND(ISNUMBER($J21),$J21>0,$J21<99),INDEX(Lines!$I$3:$I$1590,MATCH(SMALL(Lines!$G$3:$G$1590,16),Lines!$G$3:$G$1590,0)),"")) | J21: =IFERROR(IF(MOD(SMALL(Lines!$G$3:$G$1590,16),100000)=0,-1,MOD(SMALL(Lines!$G$3:$G$1590,16),100)),"") | K21: =IF($J21=0,INDEX(Lines!$L$3:$L$1590,MATCH(SMALL(Lines!$G$3:$G$1590,16),Lines!$G$3:$G$1590,0)),"")
A22: =IF(OR($J22=0,AND(ISNUMBER($J22),$J22>0,$J22<99)),INDEX(Lines!$A$3:$A$1590,MATCH(SMALL(Lines!$G$3:$G$1590,17),Lines!$G$3:$G$1590,0)),"") | B22: =IF($J22=-1,INDEX(Lines!$J$3:$J$1590,MATCH(SMALL(Lines!$G$3:$G$1590,17),Lines!$G$3:$G$1590,0)),IF($J22=0,INDEX(Lines!$L$3:$L$1590,MATCH(SMALL(Lines!$G$3:$G$1590,17),Lines!$G$3:$G$1590,0)),IF(AND(ISNUMBER($J22),$J22>0,$J22<99),INDEX(Lines!$N$3:$N$1590,MATCH(SMALL(Lines!$G$3:$G$1590,17),Lines!$G$3:$G$1590,0)),""))) | C22: =IF($J22=0,INDEX(Lines!$K$3:$K$1590,MATCH(SMALL(Lines!$G$3:$G$1590,17),Lines!$G$3:$G$1590,0)),IF(AND(ISNUMBER($J22),$J22>0,$J22<99),INDEX(Lines!$C$3:$C$1590,MATCH(SMALL(Lines!$G$3:$G$1590,17),Lines!$G$3:$G$1590,0)),"")) | D22: =IF(AND(ISNUMBER($J22),$J22>0,$J22<99),INDEX(Lines!$D$3:$D$1590,MATCH(SMALL(Lines!$G$3:$G$1590,17),Lines!$G$3:$G$1590,0)),"") | E22: =IF(AND(ISNUMBER($J22),$J22>0,$J22<99),INDEX(Lines!$E$3:$E$1590,MATCH(SMALL(Lines!$G$3:$G$1590,17),Lines!$G$3:$G$1590,0)),"") | F22: =IF(AND(ISNUMBER($J22),$J22>0,$J22<99),INDEX(Lines!$O$3:$O$1590,MATCH(SMALL(Lines!$G$3:$G$1590,17),Lines!$G$3:$G$1590,0)),"") | G22: =IF($J22=0,INDEX(Lines!$Q$3:$Q$1590,MATCH(SMALL(Lines!$G$3:$G$1590,17),Lines!$G$3:$G$1590,0)),IF(AND(ISNUMBER($J22),$J22>0,$J22<99),INDEX(Lines!$P$3:$P$1590,MATCH(SMALL(Lines!$G$3:$G$1590,17),Lines!$G$3:$G$1590,0)),"")) | H22: =IF($J22=0,INDEX(Lines!$H$3:$H$1590,MATCH(SMALL(Lines!$G$3:$G$1590,17),Lines!$G$3:$G$1590,0))&" groups",IF(AND(ISNUMBER($J22),$J22>0,$J22<99),INDEX(Lines!$I$3:$I$1590,MATCH(SMALL(Lines!$G$3:$G$1590,17),Lines!$G$3:$G$1590,0)),"")) | J22: =IFERROR(IF(MOD(SMALL(Lines!$G$3:$G$1590,17),100000)=0,-1,MOD(SMALL(Lines!$G$3:$G$1590,17),100)),"") | K22: =IF($J22=0,INDEX(Lines!$L$3:$L$1590,MATCH(SMALL(Lines!$G$3:$G$1590,17),Lines!$G$3:$G$1590,0)),"")
A23: =IF(OR($J23=0,AND(ISNUMBER($J23),$J23>0,$J23<99)),INDEX(Lines!$A$3:$A$1590,MATCH(SMALL(Lines!$G$3:$G$1590,18),Lines!$G$3:$G$1590,0)),"") | B23: =IF($J23=-1,INDEX(Lines!$J$3:$J$1590,MATCH(SMALL(Lines!$G$3:$G$1590,18),Lines!$G$3:$G$1590,0)),IF($J23=0,INDEX(Lines!$L$3:$L$1590,MATCH(SMALL(Lines!$G$3:$G$1590,18),Lines!$G$3:$G$1590,0)),IF(AND(ISNUMBER($J23),$J23>0,$J23<99),INDEX(Lines!$N$3:$N$1590,MATCH(SMALL(Lines!$G$3:$G$1590,18),Lines!$G$3:$G$1590,0)),""))) | C23: =IF($J23=0,INDEX(Lines!$K$3:$K$1590,MATCH(SMALL(Lines!$G$3:$G$1590,18),Lines!$G$3:$G$1590,0)),IF(AND(ISNUMBER($J23),$J23>0,$J23<99),INDEX(Lines!$C$3:$C$1590,MATCH(SMALL(Lines!$G$3:$G$1590,18),Lines!$G$3:$G$1590,0)),"")) | D23: =IF(AND(ISNUMBER($J23),$J23>0,$J23<99),INDEX(Lines!$D$3:$D$1590,MATCH(SMALL(Lines!$G$3:$G$1590,18),Lines!$G$3:$G$1590,0)),"") | E23: =IF(AND(ISNUMBER($J23),$J23>0,$J23<99),INDEX(Lines!$E$3:$E$1590,MATCH(SMALL(Lines!$G$3:$G$1590,18),Lines!$G$3:$G$1590,0)),"") | F23: =IF(AND(ISNUMBER($J23),$J23>0,$J23<99),INDEX(Lines!$O$3:$O$1590,MATCH(SMALL(Lines!$G$3:$G$1590,18),Lines!$G$3:$G$1590,0)),"") | G23: =IF($J23=0,INDEX(Lines!$Q$3:$Q$1590,MATCH(SMALL(Lines!$G$3:$G$1590,18),Lines!$G$3:$G$1590,0)),IF(AND(ISNUMBER($J23),$J23>0,$J23<99),INDEX(Lines!$P$3:$P$1590,MATCH(SMALL(Lines!$G$3:$G$1590,18),Lines!$G$3:$G$1590,0)),"")) | H23: =IF($J23=0,INDEX(Lines!$H$3:$H$1590,MATCH(SMALL(Lines!$G$3:$G$1590,18),Lines!$G$3:$G$1590,0))&" groups",IF(AND(ISNUMBER($J23),$J23>0,$J23<99),INDEX(Lines!$I$3:$I$1590,MATCH(SMALL(Lines!$G$3:$G$1590,18),Lines!$G$3:$G$1590,0)),"")) | J23: =IFERROR(IF(MOD(SMALL(Lines!$G$3:$G$1590,18),100000)=0,-1,MOD(SMALL(Lines!$G$3:$G$1590,18),100)),"") | K23: =IF($J23=0,INDEX(Lines!$L$3:$L$1590,MATCH(SMALL(Lines!$G$3:$G$1590,18),Lines!$G$3:$G$1590,0)),"")
A24: =IF(OR($J24=0,AND(ISNUMBER($J24),$J24>0,$J24<99)),INDEX(Lines!$A$3:$A$1590,MATCH(SMALL(Lines!$G$3:$G$1590,19),Lines!$G$3:$G$1590,0)),"") | B24: =IF($J24=-1,INDEX(Lines!$J$3:$J$1590,MATCH(SMALL(Lines!$G$3:$G$1590,19),Lines!$G$3:$G$1590,0)),IF($J24=0,INDEX(Lines!$L$3:$L$1590,MATCH(SMALL(Lines!$G$3:$G$1590,19),Lines!$G$3:$G$1590,0)),IF(AND(ISNUMBER($J24),$J24>0,$J24<99),INDEX(Lines!$N$3:$N$1590,MATCH(SMALL(Lines!$G$3:$G$1590,19),Lines!$G$3:$G$1590,0)),""))) | C24: =IF($J24=0,INDEX(Lines!$K$3:$K$1590,MATCH(SMALL(Lines!$G$3:$G$1590,19),Lines!$G$3:$G$1590,0)),IF(AND(ISNUMBER($J24),$J24>0,$J24<99),INDEX(Lines!$C$3:$C$1590,MATCH(SMALL(Lines!$G$3:$G$1590,19),Lines!$G$3:$G$1590,0)),"")) | D24: =IF(AND(ISNUMBER($J24),$J24>0,$J24<99),INDEX(Lines!$D$3:$D$1590,MATCH(SMALL(Lines!$G$3:$G$1590,19),Lines!$G$3:$G$1590,0)),"") | E24: =IF(AND(ISNUMBER($J24),$J24>0,$J24<99),INDEX(Lines!$E$3:$E$1590,MATCH(SMALL(Lines!$G$3:$G$1590,19),Lines!$G$3:$G$1590,0)),"") | F24: =IF(AND(ISNUMBER($J24),$J24>0,$J24<99),INDEX(Lines!$O$3:$O$1590,MATCH(SMALL(Lines!$G$3:$G$1590,19),Lines!$G$3:$G$1590,0)),"") | G24: =IF($J24=0,INDEX(Lines!$Q$3:$Q$1590,MATCH(SMALL(Lines!$G$3:$G$1590,19),Lines!$G$3:$G$1590,0)),IF(AND(ISNUMBER($J24),$J24>0,$J24<99),INDEX(Lines!$P$3:$P$1590,MATCH(SMALL(Lines!$G$3:$G$1590,19),Lines!$G$3:$G$1590,0)),"")) | H24: =IF($J24=0,INDEX(Lines!$H$3:$H$1590,MATCH(SMALL(Lines!$G$3:$G$1590,19),Lines!$G$3:$G$1590,0))&" groups",IF(AND(ISNUMBER($J24),$J24>0,$J24<99),INDEX(Lines!$I$3:$I$1590,MATCH(SMALL(Lines!$G$3:$G$1590,19),Lines!$G$3:$G$1590,0)),"")) | J24: =IFERROR(IF(MOD(SMALL(Lines!$G$3:$G$1590,19),100000)=0,-1,MOD(SMALL(Lines!$G$3:$G$1590,19),100)),"") | K24: =IF($J24=0,INDEX(Lines!$L$3:$L$1590,MATCH(SMALL(Lines!$G$3:$G$1590,19),Lines!$G$3:$G$1590,0)),"")
A25: =IF(OR($J25=0,AND(ISNUMBER($J25),$J25>0,$J25<99)),INDEX(Lines!$A$3:$A$1590,MATCH(SMALL(Lines!$G$3:$G$1590,20),Lines!$G$3:$G$1590,0)),"") | B25: =IF($J25=-1,INDEX(Lines!$J$3:$J$1590,MATCH(SMALL(Lines!$G$3:$G$1590,20),Lines!$G$3:$G$1590,0)),IF($J25=0,INDEX(Lines!$L$3:$L$1590,MATCH(SMALL(Lines!$G$3:$G$1590,20),Lines!$G$3:$G$1590,0)),IF(AND(ISNUMBER($J25),$J25>0,$J25<99),INDEX(Lines!$N$3:$N$1590,MATCH(SMALL(Lines!$G$3:$G$1590,20),Lines!$G$3:$G$1590,0)),""))) | C25: =IF($J25=0,INDEX(Lines!$K$3:$K$1590,MATCH(SMALL(Lines!$G$3:$G$1590,20),Lines!$G$3:$G$1590,0)),IF(AND(ISNUMBER($J25),$J25>0,$J25<99),INDEX(Lines!$C$3:$C$1590,MATCH(SMALL(Lines!$G$3:$G$1590,20),Lines!$G$3:$G$1590,0)),"")) | D25: =IF(AND(ISNUMBER($J25),$J25>0,$J25<99),INDEX(Lines!$D$3:$D$1590,MATCH(SMALL(Lines!$G$3:$G$1590,20),Lines!$G$3:$G$1590,0)),"") | E25: =IF(AND(ISNUMBER($J25),$J25>0,$J25<99),INDEX(Lines!$E$3:$E$1590,MATCH(SMALL(Lines!$G$3:$G$1590,20),Lines!$G$3:$G$1590,0)),"") | F25: =IF(AND(ISNUMBER($J25),$J25>0,$J25<99),INDEX(Lines!$O$3:$O$1590,MATCH(SMALL(Lines!$G$3:$G$1590,20),Lines!$G$3:$G$1590,0)),"") | G25: =IF($J25=0,INDEX(Lines!$Q$3:$Q$1590,MATCH(SMALL(Lines!$G$3:$G$1590,20),Lines!$G$3:$G$1590,0)),IF(AND(ISNUMBER($J25),$J25>0,$J25<99),INDEX(Lines!$P$3:$P$1590,MATCH(SMALL(Lines!$G$3:$G$1590,20),Lines!$G$3:$G$1590,0)),"")) | H25: =IF($J25=0,INDEX(Lines!$H$3:$H$1590,MATCH(SMALL(Lines!$G$3:$G$1590,20),Lines!$G$3:$G$1590,0))&" groups",IF(AND(ISNUMBER($J25),$J25>0,$J25<99),INDEX(Lines!$I$3:$I$1590,MATCH(SMALL(Lines!$G$3:$G$1590,20),Lines!$G$3:$G$1590,0)),"")) | J25: =IFERROR(IF(MOD(SMALL(Lines!$G$3:$G$1590,20),100000)=0,-1,MOD(SMALL(Lines!$G$3:$G$1590,20),100)),"") | K25: =IF($J25=0,INDEX(Lines!$L$3:$L$1590,MATCH(SMALL(Lines!$G$3:$G$1590,20),Lines!$G$3:$G$1590,0)),"")
A26: =IF(OR($J26=0,AND(ISNUMBER($J26),$J26>0,$J26<99)),INDEX(Lines!$A$3:$A$1590,MATCH(SMALL(Lines!$G$3:$G$1590,21),Lines!$G$3:$G$1590,0)),"") | B26: =IF($J26=-1,INDEX(Lines!$J$3:$J$1590,MATCH(SMALL(Lines!$G$3:$G$1590,21),Lines!$G$3:$G$1590,0)),IF($J26=0,INDEX(Lines!$L$3:$L$1590,MATCH(SMALL(Lines!$G$3:$G$1590,21),Lines!$G$3:$G$1590,0)),IF(AND(ISNUMBER($J26),$J26>0,$J26<99),INDEX(Lines!$N$3:$N$1590,MATCH(SMALL(Lines!$G$3:$G$1590,21),Lines!$G$3:$G$1590,0)),""))) | C26: =IF($J26=0,INDEX(Lines!$K$3:$K$1590,MATCH(SMALL(Lines!$G$3:$G$1590,21),Lines!$G$3:$G$1590,0)),IF(AND(ISNUMBER($J26),$J26>0,$J26<99),INDEX(Lines!$C$3:$C$1590,MATCH(SMALL(Lines!$G$3:$G$1590,21),Lines!$G$3:$G$1590,0)),"")) | D26: =IF(AND(ISNUMBER($J26),$J26>0,$J26<99),INDEX(Lines!$D$3:$D$1590,MATCH(SMALL(Lines!$G$3:$G$1590,21),Lines!$G$3:$G$1590,0)),"") | E26: =IF(AND(ISNUMBER($J26),$J26>0,$J26<99),INDEX(Lines!$E$3:$E$1590,MATCH(SMALL(Lines!$G$3:$G$1590,21),Lines!$G$3:$G$1590,0)),"") | F26: =IF(AND(ISNUMBER($J26),$J26>0,$J26<99),INDEX(Lines!$O$3:$O$1590,MATCH(SMALL(Lines!$G$3:$G$1590,21),Lines!$G$3:$G$1590,0)),"") | G26: =IF($J26=0,INDEX(Lines!$Q$3:$Q$1590,MATCH(SMALL(Lines!$G$3:$G$1590,21),Lines!$G$3:$G$1590,0)),IF(AND(ISNUMBER($J26),$J26>0,$J26<99),INDEX(Lines!$P$3:$P$1590,MATCH(SMALL(Lines!$G$3:$G$1590,21),Lines!$G$3:$G$1590,0)),"")) | H26: =IF($J26=0,INDEX(Lines!$H$3:$H$1590,MATCH(SMALL(Lines!$G$3:$G$1590,21),Lines!$G$3:$G$1590,0))&" groups",IF(AND(ISNUMBER($J26),$J26>0,$J26<99),INDEX(Lines!$I$3:$I$1590,MATCH(SMALL(Lines!$G$3:$G$1590,21),Lines!$G$3:$G$1590,0)),"")) | J26: =IFERROR(IF(MOD(SMALL(Lines!$G$3:$G$1590,21),100000)=0,-1,MOD(SMALL(Lines!$G$3:$G$1590,21),100)),"") | K26: =IF($J26=0,INDEX(Lines!$L$3:$L$1590,MATCH(SMALL(Lines!$G$3:$G$1590,21),Lines!$G$3:$G$1590,0)),"")
A27: =IF(OR($J27=0,AND(ISNUMBER($J27),$J27>0,$J27<99)),INDEX(Lines!$A$3:$A$1590,MATCH(SMALL(Lines!$G$3:$G$1590,22),Lines!$G$3:$G$1590,0)),"") | B27: =IF($J27=-1,INDEX(Lines!$J$3:$J$1590,MATCH(SMALL(Lines!$G$3:$G$1590,22),Lines!$G$3:$G$1590,0)),IF($J27=0,INDEX(Lines!$L$3:$L$1590,MATCH(SMALL(Lines!$G$3:$G$1590,22),Lines!$G$3:$G$1590,0)),IF(AND(ISNUMBER($J27),$J27>0,$J27<99),INDEX(Lines!$N$3:$N$1590,MATCH(SMALL(Lines!$G$3:$G$1590,22),Lines!$G$3:$G$1590,0)),""))) | C27: =IF($J27=0,INDEX(Lines!$K$3:$K$1590,MATCH(SMALL(Lines!$G$3:$G$1590,22),Lines!$G$3:$G$1590,0)),IF(AND(ISNUMBER($J27),$J27>0,$J27<99),INDEX(Lines!$C$3:$C$1590,MATCH(SMALL(Lines!$G$3:$G$1590,22),Lines!$G$3:$G$1590,0)),"")) | D27: =IF(AND(ISNUMBER($J27),$J27>0,$J27<99),INDEX(Lines!$D$3:$D$1590,MATCH(SMALL(Lines!$G$3:$G$1590,22),Lines!$G$3:$G$1590,0)),"") | E27: =IF(AND(ISNUMBER($J27),$J27>0,$J27<99),INDEX(Lines!$E$3:$E$1590,MATCH(SMALL(Lines!$G$3:$G$1590,22),Lines!$G$3:$G$1590,0)),"") | F27: =IF(AND(ISNUMBER($J27),$J27>0,$J27<99),INDEX(Lines!$O$3:$O$1590,MATCH(SMALL(Lines!$G$3:$G$1590,22),Lines!$G$3:$G$1590,0)),"") | G27: =IF($J27=0,INDEX(Lines!$Q$3:$Q$1590,MATCH(SMALL(Lines!$G$3:$G$1590,22),Lines!$G$3:$G$1590,0)),IF(AND(ISNUMBER($J27),$J27>0,$J27<99),INDEX(Lines!$P$3:$P$1590,MATCH(SMALL(Lines!$G$3:$G$1590,22),Lines!$G$3:$G$1590,0)),"")) | H27: =IF($J27=0,INDEX(Lines!$H$3:$H$1590,MATCH(SMALL(Lines!$G$3:$G$1590,22),Lines!$G$3:$G$1590,0))&" groups",IF(AND(ISNUMBER($J27),$J27>0,$J27<99),INDEX(Lines!$I$3:$I$1590,MATCH(SMALL(Lines!$G$3:$G$1590,22),Lines!$G$3:$G$1590,0)),"")) | J27: =IFERROR(IF(MOD(SMALL(Lines!$G$3:$G$1590,22),100000)=0,-1,MOD(SMALL(Lines!$G$3:$G$1590,22),100)),"") | K27: =IF($J27=0,INDEX(Lines!$L$3:$L$1590,MATCH(SMALL(Lines!$G$3:$G$1590,22),Lines!$G$3:$G$1590,0)),"")
A28: =IF(OR($J28=0,AND(ISNUMBER($J28),$J28>0,$J28<99)),INDEX(Lines!$A$3:$A$1590,MATCH(SMALL(Lines!$G$3:$G$1590,23),Lines!$G$3:$G$1590,0)),"") | B28: =IF($J28=-1,INDEX(Lines!$J$3:$J$1590,MATCH(SMALL(Lines!$G$3:$G$1590,23),Lines!$G$3:$G$1590,0)),IF($J28=0,INDEX(Lines!$L$3:$L$1590,MATCH(SMALL(Lines!$G$3:$G$1590,23),Lines!$G$3:$G$1590,0)),IF(AND(ISNUMBER($J28),$J28>0,$J28<99),INDEX(Lines!$N$3:$N$1590,MATCH(SMALL(Lines!$G$3:$G$1590,23),Lines!$G$3:$G$1590,0)),""))) | C28: =IF($J28=0,INDEX(Lines!$K$3:$K$1590,MATCH(SMALL(Lines!$G$3:$G$1590,23),Lines!$G$3:$G$1590,0)),IF(AND(ISNUMBER($J28),$J28>0,$J28<99),INDEX(Lines!$C$3:$C$1590,MATCH(SMALL(Lines!$G$3:$G$1590,23),Lines!$G$3:$G$1590,0)),"")) | D28: =IF(AND(ISNUMBER($J28),$J28>0,$J28<99),INDEX(Lines!$D$3:$D$1590,MATCH(SMALL(Lines!$G$3:$G$1590,23),Lines!$G$3:$G$1590,0)),"") | E28: =IF(AND(ISNUMBER($J28),$J28>0,$J28<99),INDEX(Lines!$E$3:$E$1590,MATCH(SMALL(Lines!$G$3:$G$1590,23),Lines!$G$3:$G$1590,0)),"") | F28: =IF(AND(ISNUMBER($J28),$J28>0,$J28<99),INDEX(Lines!$O$3:$O$1590,MATCH(SMALL(Lines!$G$3:$G$1590,23),Lines!$G$3:$G$1590,0)),"") | G28: =IF($J28=0,INDEX(Lines!$Q$3:$Q$1590,MATCH(SMALL(Lines!$G$3:$G$1590,23),Lines!$G$3:$G$1590,0)),IF(AND(ISNUMBER($J28),$J28>0,$J28<99),INDEX(Lines!$P$3:$P$1590,MATCH(SMALL(Lines!$G$3:$G$1590,23),Lines!$G$3:$G$1590,0)),"")) | H28: =IF($J28=0,INDEX(Lines!$H$3:$H$1590,MATCH(SMALL(Lines!$G$3:$G$1590,23),Lines!$G$3:$G$1590,0))&" groups",IF(AND(ISNUMBER($J28),$J28>0,$J28<99),INDEX(Lines!$I$3:$I$1590,MATCH(SMALL(Lines!$G$3:$G$1590,23),Lines!$G$3:$G$1590,0)),"")) | J28: =IFERROR(IF(MOD(SMALL(Lines!$G$3:$G$1590,23),100000)=0,-1,MOD(SMALL(Lines!$G$3:$G$1590,23),100)),"") | K28: =IF($J28=0,INDEX(Lines!$L$3:$L$1590,MATCH(SMALL(Lines!$G$3:$G$1590,23),Lines!$G$3:$G$1590,0)),"")
A29: =IF(OR($J29=0,AND(ISNUMBER($J29),$J29>0,$J29<99)),INDEX(Lines!$A$3:$A$1590,MATCH(SMALL(Lines!$G$3:$G$1590,24),Lines!$G$3:$G$1590,0)),"") | B29: =IF($J29=-1,INDEX(Lines!$J$3:$J$1590,MATCH(SMALL(Lines!$G$3:$G$1590,24),Lines!$G$3:$G$1590,0)),IF($J29=0,INDEX(Lines!$L$3:$L$1590,MATCH(SMALL(Lines!$G$3:$G$1590,24),Lines!$G$3:$G$1590,0)),IF(AND(ISNUMBER($J29),$J29>0,$J29<99),INDEX(Lines!$N$3:$N$1590,MATCH(SMALL(Lines!$G$3:$G$1590,24),Lines!$G$3:$G$1590,0)),""))) | C29: =IF($J29=0,INDEX(Lines!$K$3:$K$1590,MATCH(SMALL(Lines!$G$3:$G$1590,24),Lines!$G$3:$G$1590,0)),IF(AND(ISNUMBER($J29),$J29>0,$J29<99),INDEX(Lines!$C$3:$C$1590,MATCH(SMALL(Lines!$G$3:$G$1590,24),Lines!$G$3:$G$1590,0)),"")) | D29: =IF(AND(ISNUMBER($J29),$J29>0,$J29<99),INDEX(Lines!$D$3:$D$1590,MATCH(SMALL(Lines!$G$3:$G$1590,24),Lines!$G$3:$G$1590,0)),"") | E29: =IF(AND(ISNUMBER($J29),$J29>0,$J29<99),INDEX(Lines!$E$3:$E$1590,MATCH(SMALL(Lines!$G$3:$G$1590,24),Lines!$G$3:$G$1590,0)),"") | F29: =IF(AND(ISNUMBER($J29),$J29>0,$J29<99),INDEX(Lines!$O$3:$O$1590,MATCH(SMALL(Lines!$G$3:$G$1590,24),Lines!$G$3:$G$1590,0)),"") | G29: =IF($J29=0,INDEX(Lines!$Q$3:$Q$1590,MATCH(SMALL(Lines!$G$3:$G$1590,24),Lines!$G$3:$G$1590,0)),IF(AND(ISNUMBER($J29),$J29>0,$J29<99),INDEX(Lines!$P$3:$P$1590,MATCH(SMALL(Lines!$G$3:$G$1590,24),Lines!$G$3:$G$1590,0)),"")) | H29: =IF($J29=0,INDEX(Lines!$H$3:$H$1590,MATCH(SMALL(Lines!$G$3:$G$1590,24),Lines!$G$3:$G$1590,0))&" groups",IF(AND(ISNUMBER($J29),$J29>0,$J29<99),INDEX(Lines!$I$3:$I$1590,MATCH(SMALL(Lines!$G$3:$G$1590,24),Lines!$G$3:$G$1590,0)),"")) | J29: =IFERROR(IF(MOD(SMALL(Lines!$G$3:$G$1590,24),100000)=0,-1,MOD(SMALL(Lines!$G$3:$G$1590,24),100)),"") | K29: =IF($J29=0,INDEX(Lines!$L$3:$L$1590,MATCH(SMALL(Lines!$G$3:$G$1590,24),Lines!$G$3:$G$1590,0)),"")
A30: =IF(OR($J30=0,AND(ISNUMBER($J30),$J30>0,$J30<99)),INDEX(Lines!$A$3:$A$1590,MATCH(SMALL(Lines!$G$3:$G$1590,25),Lines!$G$3:$G$1590,0)),"") | B30: =IF($J30=-1,INDEX(Lines!$J$3:$J$1590,MATCH(SMALL(Lines!$G$3:$G$1590,25),Lines!$G$3:$G$1590,0)),IF($J30=0,INDEX(Lines!$L$3:$L$1590,MATCH(SMALL(Lines!$G$3:$G$1590,25),Lines!$G$3:$G$1590,0)),IF(AND(ISNUMBER($J30),$J30>0,$J30<99),INDEX(Lines!$N$3:$N$1590,MATCH(SMALL(Lines!$G$3:$G$1590,25),Lines!$G$3:$G$1590,0)),""))) | C30: =IF($J30=0,INDEX(Lines!$K$3:$K$1590,MATCH(SMALL(Lines!$G$3:$G$1590,25),Lines!$G$3:$G$1590,0)),IF(AND(ISNUMBER($J30),$J30>0,$J30<99),INDEX(Lines!$C$3:$C$1590,MATCH(SMALL(Lines!$G$3:$G$1590,25),Lines!$G$3:$G$1590,0)),"")) | D30: =IF(AND(ISNUMBER($J30),$J30>0,$J30<99),INDEX(Lines!$D$3:$D$1590,MATCH(SMALL(Lines!$G$3:$G$1590,25),Lines!$G$3:$G$1590,0)),"") | E30: =IF(AND(ISNUMBER($J30),$J30>0,$J30<99),INDEX(Lines!$E$3:$E$1590,MATCH(SMALL(Lines!$G$3:$G$1590,25),Lines!$G$3:$G$1590,0)),"") | F30: =IF(AND(ISNUMBER($J30),$J30>0,$J30<99),INDEX(Lines!$O$3:$O$1590,MATCH(SMALL(Lines!$G$3:$G$1590,25),Lines!$G$3:$G$1590,0)),"") | G30: =IF($J30=0,INDEX(Lines!$Q$3:$Q$1590,MATCH(SMALL(Lines!$G$3:$G$1590,25),Lines!$G$3:$G$1590,0)),IF(AND(ISNUMBER($J30),$J30>0,$J30<99),INDEX(Lines!$P$3:$P$1590,MATCH(SMALL(Lines!$G$3:$G$1590,25),Lines!$G$3:$G$1590,0)),"")) | H30: =IF($J30=0,INDEX(Lines!$H$3:$H$1590,MATCH(SMALL(Lines!$G$3:$G$1590,25),Lines!$G$3:$G$1590,0))&" groups",IF(AND(ISNUMBER($J30),$J30>0,$J30<99),INDEX(Lines!$I$3:$I$1590,MATCH(SMALL(Lines!$G$3:$G$1590,25),Lines!$G$3:$G$1590,0)),"")) | J30: =IFERROR(IF(MOD(SMALL(Lines!$G$3:$G$1590,25),100000)=0,-1,MOD(SMALL(Lines!$G$3:$G$1590,25),100)),"") | K30: =IF($J30=0,INDEX(Lines!$L$3:$L$1590,MATCH(SMALL(Lines!$G$3:$G$1590,25),Lines!$G$3:$G$1590,0)),"")
A31: =IF(OR($J31=0,AND(ISNUMBER($J31),$J31>0,$J31<99)),INDEX(Lines!$A$3:$A$1590,MATCH(SMALL(Lines!$G$3:$G$1590,26),Lines!$G$3:$G$1590,0)),"") | B31: =IF($J31=-1,INDEX(Lines!$J$3:$J$1590,MATCH(SMALL(Lines!$G$3:$G$1590,26),Lines!$G$3:$G$1590,0)),IF($J31=0,INDEX(Lines!$L$3:$L$1590,MATCH(SMALL(Lines!$G$3:$G$1590,26),Lines!$G$3:$G$1590,0)),IF(AND(ISNUMBER($J31),$J31>0,$J31<99),INDEX(Lines!$N$3:$N$1590,MATCH(SMALL(Lines!$G$3:$G$1590,26),Lines!$G$3:$G$1590,0)),""))) | C31: =IF($J31=0,INDEX(Lines!$K$3:$K$1590,MATCH(SMALL(Lines!$G$3:$G$1590,26),Lines!$G$3:$G$1590,0)),IF(AND(ISNUMBER($J31),$J31>0,$J31<99),INDEX(Lines!$C$3:$C$1590,MATCH(SMALL(Lines!$G$3:$G$1590,26),Lines!$G$3:$G$1590,0)),"")) | D31: =IF(AND(ISNUMBER($J31),$J31>0,$J31<99),INDEX(Lines!$D$3:$D$1590,MATCH(SMALL(Lines!$G$3:$G$1590,26),Lines!$G$3:$G$1590,0)),"") | E31: =IF(AND(ISNUMBER($J31),$J31>0,$J31<99),INDEX(Lines!$E$3:$E$1590,MATCH(SMALL(Lines!$G$3:$G$1590,26),Lines!$G$3:$G$1590,0)),"") | F31: =IF(AND(ISNUMBER($J31),$J31>0,$J31<99),INDEX(Lines!$O$3:$O$1590,MATCH(SMALL(Lines!$G$3:$G$1590,26),Lines!$G$3:$G$1590,0)),"") | G31: =IF($J31=0,INDEX(Lines!$Q$3:$Q$1590,MATCH(SMALL(Lines!$G$3:$G$1590,26),Lines!$G$3:$G$1590,0)),IF(AND(ISNUMBER($J31),$J31>0,$J31<99),INDEX(Lines!$P$3:$P$1590,MATCH(SMALL(Lines!$G$3:$G$1590,26),Lines!$G$3:$G$1590,0)),"")) | H31: =IF($J31=0,INDEX(Lines!$H$3:$H$1590,MATCH(SMALL(Lines!$G$3:$G$1590,26),Lines!$G$3:$G$1590,0))&" groups",IF(AND(ISNUMBER($J31),$J31>0,$J31<99),INDEX(Lines!$I$3:$I$1590,MATCH(SMALL(Lines!$G$3:$G$1590,26),Lines!$G$3:$G$1590,0)),"")) | J31: =IFERROR(IF(MOD(SMALL(Lines!$G$3:$G$1590,26),100000)=0,-1,MOD(SMALL(Lines!$G$3:$G$1590,26),100)),"") | K31: =IF($J31=0,INDEX(Lines!$L$3:$L$1590,MATCH(SMALL(Lines!$G$3:$G$1590,26),Lines!$G$3:$G$1590,0)),"")
A32: =IF(OR($J32=0,AND(ISNUMBER($J32),$J32>0,$J32<99)),INDEX(Lines!$A$3:$A$1590,MATCH(SMALL(Lines!$G$3:$G$1590,27),Lines!$G$3:$G$1590,0)),"") | B32: =IF($J32=-1,INDEX(Lines!$J$3:$J$1590,MATCH(SMALL(Lines!$G$3:$G$1590,27),Lines!$G$3:$G$1590,0)),IF($J32=0,INDEX(Lines!$L$3:$L$1590,MATCH(SMALL(Lines!$G$3:$G$1590,27),Lines!$G$3:$G$1590,0)),IF(AND(ISNUMBER($J32),$J32>0,$J32<99),INDEX(Lines!$N$3:$N$1590,MATCH(SMALL(Lines!$G$3:$G$1590,27),Lines!$G$3:$G$1590,0)),""))) | C32: =IF($J32=0,INDEX(Lines!$K$3:$K$1590,MATCH(SMALL(Lines!$G$3:$G$1590,27),Lines!$G$3:$G$1590,0)),IF(AND(ISNUMBER($J32),$J32>0,$J32<99),INDEX(Lines!$C$3:$C$1590,MATCH(SMALL(Lines!$G$3:$G$1590,27),Lines!$G$3:$G$1590,0)),"")) | D32: =IF(AND(ISNUMBER($J32),$J32>0,$J32<99),INDEX(Lines!$D$3:$D$1590,MATCH(SMALL(Lines!$G$3:$G$1590,27),Lines!$G$3:$G$1590,0)),"") | E32: =IF(AND(ISNUMBER($J32),$J32>0,$J32<99),INDEX(Lines!$E$3:$E$1590,MATCH(SMALL(Lines!$G$3:$G$1590,27),Lines!$G$3:$G$1590,0)),"") | F32: =IF(AND(ISNUMBER($J32),$J32>0,$J32<99),INDEX(Lines!$O$3:$O$1590,MATCH(SMALL(Lines!$G$3:$G$1590,27),Lines!$G$3:$G$1590,0)),"") | G32: =IF($J32=0,INDEX(Lines!$Q$3:$Q$1590,MATCH(SMALL(Lines!$G$3:$G$1590,27),Lines!$G$3:$G$1590,0)),IF(AND(ISNUMBER($J32),$J32>0,$J32<99),INDEX(Lines!$P$3:$P$1590,MATCH(SMALL(Lines!$G$3:$G$1590,27),Lines!$G$3:$G$1590,0)),"")) | H32: =IF($J32=0,INDEX(Lines!$H$3:$H$1590,MATCH(SMALL(Lines!$G$3:$G$1590,27),Lines!$G$3:$G$1590,0))&" groups",IF(AND(ISNUMBER($J32),$J32>0,$J32<99),INDEX(Lines!$I$3:$I$1590,MATCH(SMALL(Lines!$G$3:$G$1590,27),Lines!$G$3:$G$1590,0)),"")) | J32: =IFERROR(IF(MOD(SMALL(Lines!$G$3:$G$1590,27),100000)=0,-1,MOD(SMALL(Lines!$G$3:$G$1590,27),100)),"") | K32: =IF($J32=0,INDEX(Lines!$L$3:$L$1590,MATCH(SMALL(Lines!$G$3:$G$1590,27),Lines!$G$3:$G$1590,0)),"")
A33: =IF(OR($J33=0,AND(ISNUMBER($J33),$J33>0,$J33<99)),INDEX(Lines!$A$3:$A$1590,MATCH(SMALL(Lines!$G$3:$G$1590,28),Lines!$G$3:$G$1590,0)),"") | B33: =IF($J33=-1,INDEX(Lines!$J$3:$J$1590,MATCH(SMALL(Lines!$G$3:$G$1590,28),Lines!$G$3:$G$1590,0)),IF($J33=0,INDEX(Lines!$L$3:$L$1590,MATCH(SMALL(Lines!$G$3:$G$1590,28),Lines!$G$3:$G$1590,0)),IF(AND(ISNUMBER($J33),$J33>0,$J33<99),INDEX(Lines!$N$3:$N$1590,MATCH(SMALL(Lines!$G$3:$G$1590,28),Lines!$G$3:$G$1590,0)),""))) | C33: =IF($J33=0,INDEX(Lines!$K$3:$K$1590,MATCH(SMALL(Lines!$G$3:$G$1590,28),Lines!$G$3:$G$1590,0)),IF(AND(ISNUMBER($J33),$J33>0,$J33<99),INDEX(Lines!$C$3:$C$1590,MATCH(SMALL(Lines!$G$3:$G$1590,28),Lines!$G$3:$G$1590,0)),"")) | D33: =IF(AND(ISNUMBER($J33),$J33>0,$J33<99),INDEX(Lines!$D$3:$D$1590,MATCH(SMALL(Lines!$G$3:$G$1590,28),Lines!$G$3:$G$1590,0)),"") | E33: =IF(AND(ISNUMBER($J33),$J33>0,$J33<99),INDEX(Lines!$E$3:$E$1590,MATCH(SMALL(Lines!$G$3:$G$1590,28),Lines!$G$3:$G$1590,0)),"") | F33: =IF(AND(ISNUMBER($J33),$J33>0,$J33<99),INDEX(Lines!$O$3:$O$1590,MATCH(SMALL(Lines!$G$3:$G$1590,28),Lines!$G$3:$G$1590,0)),"") | G33: =IF($J33=0,INDEX(Lines!$Q$3:$Q$1590,MATCH(SMALL(Lines!$G$3:$G$1590,28),Lines!$G$3:$G$1590,0)),IF(AND(ISNUMBER($J33),$J33>0,$J33<99),INDEX(Lines!$P$3:$P$1590,MATCH(SMALL(Lines!$G$3:$G$1590,28),Lines!$G$3:$G$1590,0)),"")) | H33: =IF($J33=0,INDEX(Lines!$H$3:$H$1590,MATCH(SMALL(Lines!$G$3:$G$1590,28),Lines!$G$3:$G$1590,0))&" groups",IF(AND(ISNUMBER($J33),$J33>0,$J33<99),INDEX(Lines!$I$3:$I$1590,MATCH(SMALL(Lines!$G$3:$G$1590,28),Lines!$G$3:$G$1590,0)),"")) | J33: =IFERROR(IF(MOD(SMALL(Lines!$G$3:$G$1590,28),100000)=0,-1,MOD(SMALL(Lines!$G$3:$G$1590,28),100)),"") | K33: =IF($J33=0,INDEX(Lines!$L$3:$L$1590,MATCH(SMALL(Lines!$G$3:$G$1590,28),Lines!$G$3:$G$1590,0)),"")
A34: =IF(OR($J34=0,AND(ISNUMBER($J34),$J34>0,$J34<99)),INDEX(Lines!$A$3:$A$1590,MATCH(SMALL(Lines!$G$3:$G$1590,29),Lines!$G$3:$G$1590,0)),"") | B34: =IF($J34=-1,INDEX(Lines!$J$3:$J$1590,MATCH(SMALL(Lines!$G$3:$G$1590,29),Lines!$G$3:$G$1590,0)),IF($J34=0,INDEX(Lines!$L$3:$L$1590,MATCH(SMALL(Lines!$G$3:$G$1590,29),Lines!$G$3:$G$1590,0)),IF(AND(ISNUMBER($J34),$J34>0,$J34<99),INDEX(Lines!$N$3:$N$1590,MATCH(SMALL(Lines!$G$3:$G$1590,29),Lines!$G$3:$G$1590,0)),""))) | C34: =IF($J34=0,INDEX(Lines!$K$3:$K$1590,MATCH(SMALL(Lines!$G$3:$G$1590,29),Lines!$G$3:$G$1590,0)),IF(AND(ISNUMBER($J34),$J34>0,$J34<99),INDEX(Lines!$C$3:$C$1590,MATCH(SMALL(Lines!$G$3:$G$1590,29),Lines!$G$3:$G$1590,0)),"")) | D34: =IF(AND(ISNUMBER($J34),$J34>0,$J34<99),INDEX(Lines!$D$3:$D$1590,MATCH(SMALL(Lines!$G$3:$G$1590,29),Lines!$G$3:$G$1590,0)),"") | E34: =IF(AND(ISNUMBER($J34),$J34>0,$J34<99),INDEX(Lines!$E$3:$E$1590,MATCH(SMALL(Lines!$G$3:$G$1590,29),Lines!$G$3:$G$1590,0)),"") | F34: =IF(AND(ISNUMBER($J34),$J34>0,$J34<99),INDEX(Lines!$O$3:$O$1590,MATCH(SMALL(Lines!$G$3:$G$1590,29),Lines!$G$3:$G$1590,0)),"") | G34: =IF($J34=0,INDEX(Lines!$Q$3:$Q$1590,MATCH(SMALL(Lines!$G$3:$G$1590,29),Lines!$G$3:$G$1590,0)),IF(AND(ISNUMBER($J34),$J34>0,$J34<99),INDEX(Lines!$P$3:$P$1590,MATCH(SMALL(Lines!$G$3:$G$1590,29),Lines!$G$3:$G$1590,0)),"")) | H34: =IF($J34=0,INDEX(Lines!$H$3:$H$1590,MATCH(SMALL(Lines!$G$3:$G$1590,29),Lines!$G$3:$G$1590,0))&" groups",IF(AND(ISNUMBER($J34),$J34>0,$J34<99),INDEX(Lines!$I$3:$I$1590,MATCH(SMALL(Lines!$G$3:$G$1590,29),Lines!$G$3:$G$1590,0)),"")) | J34: =IFERROR(IF(MOD(SMALL(Lines!$G$3:$G$1590,29),100000)=0,-1,MOD(SMALL(Lines!$G$3:$G$1590,29),100)),"") | K34: =IF($J34=0,INDEX(Lines!$L$3:$L$1590,MATCH(SMALL(Lines!$G$3:$G$1590,29),Lines!$G$3:$G$1590,0)),"")
A35: =IF(OR($J35=0,AND(ISNUMBER($J35),$J35>0,$J35<99)),INDEX(Lines!$A$3:$A$1590,MATCH(SMALL(Lines!$G$3:$G$1590,30),Lines!$G$3:$G$1590,0)),"") | B35: =IF($J35=-1,INDEX(Lines!$J$3:$J$1590,MATCH(SMALL(Lines!$G$3:$G$1590,30),Lines!$G$3:$G$1590,0)),IF($J35=0,INDEX(Lines!$L$3:$L$1590,MATCH(SMALL(Lines!$G$3:$G$1590,30),Lines!$G$3:$G$1590,0)),IF(AND(ISNUMBER($J35),$J35>0,$J35<99),INDEX(Lines!$N$3:$N$1590,MATCH(SMALL(Lines!$G$3:$G$1590,30),Lines!$G$3:$G$1590,0)),""))) | C35: =IF($J35=0,INDEX(Lines!$K$3:$K$1590,MATCH(SMALL(Lines!$G$3:$G$1590,30),Lines!$G$3:$G$1590,0)),IF(AND(ISNUMBER($J35),$J35>0,$J35<99),INDEX(Lines!$C$3:$C$1590,MATCH(SMALL(Lines!$G$3:$G$1590,30),Lines!$G$3:$G$1590,0)),"")) | D35: =IF(AND(ISNUMBER($J35),$J35>0,$J35<99),INDEX(Lines!$D$3:$D$1590,MATCH(SMALL(Lines!$G$3:$G$1590,30),Lines!$G$3:$G$1590,0)),"") | E35: =IF(AND(ISNUMBER($J35),$J35>0,$J35<99),INDEX(Lines!$E$3:$E$1590,MATCH(SMALL(Lines!$G$3:$G$1590,30),Lines!$G$3:$G$1590,0)),"") | F35: =IF(AND(ISNUMBER($J35),$J35>0,$J35<99),INDEX(Lines!$O$3:$O$1590,MATCH(SMALL(Lines!$G$3:$G$1590,30),Lines!$G$3:$G$1590,0)),"") | G35: =IF($J35=0,INDEX(Lines!$Q$3:$Q$1590,MATCH(SMALL(Lines!$G$3:$G$1590,30),Lines!$G$3:$G$1590,0)),IF(AND(ISNUMBER($J35),$J35>0,$J35<99),INDEX(Lines!$P$3:$P$1590,MATCH(SMALL(Lines!$G$3:$G$1590,30),Lines!$G$3:$G$1590,0)),"")) | H35: =IF($J35=0,INDEX(Lines!$H$3:$H$1590,MATCH(SMALL(Lines!$G$3:$G$1590,30),Lines!$G$3:$G$1590,0))&" groups",IF(AND(ISNUMBER($J35),$J35>0,$J35<99),INDEX(Lines!$I$3:$I$1590,MATCH(SMALL(Lines!$G$3:$G$1590,30),Lines!$G$3:$G$1590,0)),"")) | J35: =IFERROR(IF(MOD(SMALL(Lines!$G$3:$G$1590,30),100000)=0,-1,MOD(SMALL(Lines!$G$3:$G$1590,30),100)),"") | K35: =IF($J35=0,INDEX(Lines!$L$3:$L$1590,MATCH(SMALL(Lines!$G$3:$G$1590,30),Lines!$G$3:$G$1590,0)),"")
A36: =IF(OR($J36=0,AND(ISNUMBER($J36),$J36>0,$J36<99)),INDEX(Lines!$A$3:$A$1590,MATCH(SMALL(Lines!$G$3:$G$1590,31),Lines!$G$3:$G$1590,0)),"") | B36: =IF($J36=-1,INDEX(Lines!$J$3:$J$1590,MATCH(SMALL(Lines!$G$3:$G$1590,31),Lines!$G$3:$G$1590,0)),IF($J36=0,INDEX(Lines!$L$3:$L$1590,MATCH(SMALL(Lines!$G$3:$G$1590,31),Lines!$G$3:$G$1590,0)),IF(AND(ISNUMBER($J36),$J36>0,$J36<99),INDEX(Lines!$N$3:$N$1590,MATCH(SMALL(Lines!$G$3:$G$1590,31),Lines!$G$3:$G$1590,0)),""))) | C36: =IF($J36=0,INDEX(Lines!$K$3:$K$1590,MATCH(SMALL(Lines!$G$3:$G$1590,31),Lines!$G$3:$G$1590,0)),IF(AND(ISNUMBER($J36),$J36>0,$J36<99),INDEX(Lines!$C$3:$C$1590,MATCH(SMALL(Lines!$G$3:$G$1590,31),Lines!$G$3:$G$1590,0)),"")) | D36: =IF(AND(ISNUMBER($J36),$J36>0,$J36<99),INDEX(Lines!$D$3:$D$1590,MATCH(SMALL(Lines!$G$3:$G$1590,31),Lines!$G$3:$G$1590,0)),"") | E36: =IF(AND(ISNUMBER($J36),$J36>0,$J36<99),INDEX(Lines!$E$3:$E$1590,MATCH(SMALL(Lines!$G$3:$G$1590,31),Lines!$G$3:$G$1590,0)),"") | F36: =IF(AND(ISNUMBER($J36),$J36>0,$J36<99),INDEX(Lines!$O$3:$O$1590,MATCH(SMALL(Lines!$G$3:$G$1590,31),Lines!$G$3:$G$1590,0)),"") | G36: =IF($J36=0,INDEX(Lines!$Q$3:$Q$1590,MATCH(SMALL(Lines!$G$3:$G$1590,31),Lines!$G$3:$G$1590,0)),IF(AND(ISNUMBER($J36),$J36>0,$J36<99),INDEX(Lines!$P$3:$P$1590,MATCH(SMALL(Lines!$G$3:$G$1590,31),Lines!$G$3:$G$1590,0)),"")) | H36: =IF($J36=0,INDEX(Lines!$H$3:$H$1590,MATCH(SMALL(Lines!$G$3:$G$1590,31),Lines!$G$3:$G$1590,0))&" groups",IF(AND(ISNUMBER($J36),$J36>0,$J36<99),INDEX(Lines!$I$3:$I$1590,MATCH(SMALL(Lines!$G$3:$G$1590,31),Lines!$G$3:$G$1590,0)),"")) | J36: =IFERROR(IF(MOD(SMALL(Lines!$G$3:$G$1590,31),100000)=0,-1,MOD(SMALL(Lines!$G$3:$G$1590,31),100)),"") | K36: =IF($J36=0,INDEX(Lines!$L$3:$L$1590,MATCH(SMALL(Lines!$G$3:$G$1590,31),Lines!$G$3:$G$1590,0)),"")
A37: =IF(OR($J37=0,AND(ISNUMBER($J37),$J37>0,$J37<99)),INDEX(Lines!$A$3:$A$1590,MATCH(SMALL(Lines!$G$3:$G$1590,32),Lines!$G$3:$G$1590,0)),"") | B37: =IF($J37=-1,INDEX(Lines!$J$3:$J$1590,MATCH(SMALL(Lines!$G$3:$G$1590,32),Lines!$G$3:$G$1590,0)),IF($J37=0,INDEX(Lines!$L$3:$L$1590,MATCH(SMALL(Lines!$G$3:$G$1590,32),Lines!$G$3:$G$1590,0)),IF(AND(ISNUMBER($J37),$J37>0,$J37<99),INDEX(Lines!$N$3:$N$1590,MATCH(SMALL(Lines!$G$3:$G$1590,32),Lines!$G$3:$G$1590,0)),""))) | C37: =IF($J37=0,INDEX(Lines!$K$3:$K$1590,MATCH(SMALL(Lines!$G$3:$G$1590,32),Lines!$G$3:$G$1590,0)),IF(AND(ISNUMBER($J37),$J37>0,$J37<99),INDEX(Lines!$C$3:$C$1590,MATCH(SMALL(Lines!$G$3:$G$1590,32),Lines!$G$3:$G$1590,0)),"")) | D37: =IF(AND(ISNUMBER($J37),$J37>0,$J37<99),INDEX(Lines!$D$3:$D$1590,MATCH(SMALL(Lines!$G$3:$G$1590,32),Lines!$G$3:$G$1590,0)),"") | E37: =IF(AND(ISNUMBER($J37),$J37>0,$J37<99),INDEX(Lines!$E$3:$E$1590,MATCH(SMALL(Lines!$G$3:$G$1590,32),Lines!$G$3:$G$1590,0)),"") | F37: =IF(AND(ISNUMBER($J37),$J37>0,$J37<99),INDEX(Lines!$O$3:$O$1590,MATCH(SMALL(Lines!$G$3:$G$1590,32),Lines!$G$3:$G$1590,0)),"") | G37: =IF($J37=0,INDEX(Lines!$Q$3:$Q$1590,MATCH(SMALL(Lines!$G$3:$G$1590,32),Lines!$G$3:$G$1590,0)),IF(AND(ISNUMBER($J37),$J37>0,$J37<99),INDEX(Lines!$P$3:$P$1590,MATCH(SMALL(Lines!$G$3:$G$1590,32),Lines!$G$3:$G$1590,0)),"")) | H37: =IF($J37=0,INDEX(Lines!$H$3:$H$1590,MATCH(SMALL(Lines!$G$3:$G$1590,32),Lines!$G$3:$G$1590,0))&" groups",IF(AND(ISNUMBER($J37),$J37>0,$J37<99),INDEX(Lines!$I$3:$I$1590,MATCH(SMALL(Lines!$G$3:$G$1590,32),Lines!$G$3:$G$1590,0)),"")) | J37: =IFERROR(IF(MOD(SMALL(Lines!$G$3:$G$1590,32),100000)=0,-1,MOD(SMALL(Lines!$G$3:$G$1590,32),100)),"") | K37: =IF($J37=0,INDEX(Lines!$L$3:$L$1590,MATCH(SMALL(Lines!$G$3:$G$1590,32),Lines!$G$3:$G$1590,0)),"")
A38: =IF(OR($J38=0,AND(ISNUMBER($J38),$J38>0,$J38<99)),INDEX(Lines!$A$3:$A$1590,MATCH(SMALL(Lines!$G$3:$G$1590,33),Lines!$G$3:$G$1590,0)),"") | B38: =IF($J38=-1,INDEX(Lines!$J$3:$J$1590,MATCH(SMALL(Lines!$G$3:$G$1590,33),Lines!$G$3:$G$1590,0)),IF($J38=0,INDEX(Lines!$L$3:$L$1590,MATCH(SMALL(Lines!$G$3:$G$1590,33),Lines!$G$3:$G$1590,0)),IF(AND(ISNUMBER($J38),$J38>0,$J38<99),INDEX(Lines!$N$3:$N$1590,MATCH(SMALL(Lines!$G$3:$G$1590,33),Lines!$G$3:$G$1590,0)),""))) | C38: =IF($J38=0,INDEX(Lines!$K$3:$K$1590,MATCH(SMALL(Lines!$G$3:$G$1590,33),Lines!$G$3:$G$1590,0)),IF(AND(ISNUMBER($J38),$J38>0,$J38<99),INDEX(Lines!$C$3:$C$1590,MATCH(SMALL(Lines!$G$3:$G$1590,33),Lines!$G$3:$G$1590,0)),"")) | D38: =IF(AND(ISNUMBER($J38),$J38>0,$J38<99),INDEX(Lines!$D$3:$D$1590,MATCH(SMALL(Lines!$G$3:$G$1590,33),Lines!$G$3:$G$1590,0)),"") | E38: =IF(AND(ISNUMBER($J38),$J38>0,$J38<99),INDEX(Lines!$E$3:$E$1590,MATCH(SMALL(Lines!$G$3:$G$1590,33),Lines!$G$3:$G$1590,0)),"") | F38: =IF(AND(ISNUMBER($J38),$J38>0,$J38<99),INDEX(Lines!$O$3:$O$1590,MATCH(SMALL(Lines!$G$3:$G$1590,33),Lines!$G$3:$G$1590,0)),"") | G38: =IF($J38=0,INDEX(Lines!$Q$3:$Q$1590,MATCH(SMALL(Lines!$G$3:$G$1590,33),Lines!$G$3:$G$1590,0)),IF(AND(ISNUMBER($J38),$J38>0,$J38<99),INDEX(Lines!$P$3:$P$1590,MATCH(SMALL(Lines!$G$3:$G$1590,33),Lines!$G$3:$G$1590,0)),"")) | H38: =IF($J38=0,INDEX(Lines!$H$3:$H$1590,MATCH(SMALL(Lines!$G$3:$G$1590,33),Lines!$G$3:$G$1590,0))&" groups",IF(AND(ISNUMBER($J38),$J38>0,$J38<99),INDEX(Lines!$I$3:$I$1590,MATCH(SMALL(Lines!$G$3:$G$1590,33),Lines!$G$3:$G$1590,0)),"")) | J38: =IFERROR(IF(MOD(SMALL(Lines!$G$3:$G$1590,33),100000)=0,-1,MOD(SMALL(Lines!$G$3:$G$1590,33),100)),"") | K38: =IF($J38=0,INDEX(Lines!$L$3:$L$1590,MATCH(SMALL(Lines!$G$3:$G$1590,33),Lines!$G$3:$G$1590,0)),"")
A39: =IF(OR($J39=0,AND(ISNUMBER($J39),$J39>0,$J39<99)),INDEX(Lines!$A$3:$A$1590,MATCH(SMALL(Lines!$G$3:$G$1590,34),Lines!$G$3:$G$1590,0)),"") | B39: =IF($J39=-1,INDEX(Lines!$J$3:$J$1590,MATCH(SMALL(Lines!$G$3:$G$1590,34),Lines!$G$3:$G$1590,0)),IF($J39=0,INDEX(Lines!$L$3:$L$1590,MATCH(SMALL(Lines!$G$3:$G$1590,34),Lines!$G$3:$G$1590,0)),IF(AND(ISNUMBER($J39),$J39>0,$J39<99),INDEX(Lines!$N$3:$N$1590,MATCH(SMALL(Lines!$G$3:$G$1590,34),Lines!$G$3:$G$1590,0)),""))) | C39: =IF($J39=0,INDEX(Lines!$K$3:$K$1590,MATCH(SMALL(Lines!$G$3:$G$1590,34),Lines!$G$3:$G$1590,0)),IF(AND(ISNUMBER($J39),$J39>0,$J39<99),INDEX(Lines!$C$3:$C$1590,MATCH(SMALL(Lines!$G$3:$G$1590,34),Lines!$G$3:$G$1590,0)),"")) | D39: =IF(AND(ISNUMBER($J39),$J39>0,$J39<99),INDEX(Lines!$D$3:$D$1590,MATCH(SMALL(Lines!$G$3:$G$1590,34),Lines!$G$3:$G$1590,0)),"") | E39: =IF(AND(ISNUMBER($J39),$J39>0,$J39<99),INDEX(Lines!$E$3:$E$1590,MATCH(SMALL(Lines!$G$3:$G$1590,34),Lines!$G$3:$G$1590,0)),"") | F39: =IF(AND(ISNUMBER($J39),$J39>0,$J39<99),INDEX(Lines!$O$3:$O$1590,MATCH(SMALL(Lines!$G$3:$G$1590,34),Lines!$G$3:$G$1590,0)),"") | G39: =IF($J39=0,INDEX(Lines!$Q$3:$Q$1590,MATCH(SMALL(Lines!$G$3:$G$1590,34),Lines!$G$3:$G$1590,0)),IF(AND(ISNUMBER($J39),$J39>0,$J39<99),INDEX(Lines!$P$3:$P$1590,MATCH(SMALL(Lines!$G$3:$G$1590,34),Lines!$G$3:$G$1590,0)),"")) | H39: =IF($J39=0,INDEX(Lines!$H$3:$H$1590,MATCH(SMALL(Lines!$G$3:$G$1590,34),Lines!$G$3:$G$1590,0))&" groups",IF(AND(ISNUMBER($J39),$J39>0,$J39<99),INDEX(Lines!$I$3:$I$1590,MATCH(SMALL(Lines!$G$3:$G$1590,34),Lines!$G$3:$G$1590,0)),"")) | J39: =IFERROR(IF(MOD(SMALL(Lines!$G$3:$G$1590,34),100000)=0,-1,MOD(SMALL(Lines!$G$3:$G$1590,34),100)),"") | K39: =IF($J39=0,INDEX(Lines!$L$3:$L$1590,MATCH(SMALL(Lines!$G$3:$G$1590,34),Lines!$G$3:$G$1590,0)),"")
A40: =IF(OR($J40=0,AND(ISNUMBER($J40),$J40>0,$J40<99)),INDEX(Lines!$A$3:$A$1590,MATCH(SMALL(Lines!$G$3:$G$1590,35),Lines!$G$3:$G$1590,0)),"") | B40: =IF($J40=-1,INDEX(Lines!$J$3:$J$1590,MATCH(SMALL(Lines!$G$3:$G$1590,35),Lines!$G$3:$G$1590,0)),IF($J40=0,INDEX(Lines!$L$3:$L$1590,MATCH(SMALL(Lines!$G$3:$G$1590,35),Lines!$G$3:$G$1590,0)),IF(AND(ISNUMBER($J40),$J40>0,$J40<99),INDEX(Lines!$N$3:$N$1590,MATCH(SMALL(Lines!$G$3:$G$1590,35),Lines!$G$3:$G$1590,0)),""))) | C40: =IF($J40=0,INDEX(Lines!$K$3:$K$1590,MATCH(SMALL(Lines!$G$3:$G$1590,35),Lines!$G$3:$G$1590,0)),IF(AND(ISNUMBER($J40),$J40>0,$J40<99),INDEX(Lines!$C$3:$C$1590,MATCH(SMALL(Lines!$G$3:$G$1590,35),Lines!$G$3:$G$1590,0)),"")) | D40: =IF(AND(ISNUMBER($J40),$J40>0,$J40<99),INDEX(Lines!$D$3:$D$1590,MATCH(SMALL(Lines!$G$3:$G$1590,35),Lines!$G$3:$G$1590,0)),"") | E40: =IF(AND(ISNUMBER($J40),$J40>0,$J40<99),INDEX(Lines!$E$3:$E$1590,MATCH(SMALL(Lines!$G$3:$G$1590,35),Lines!$G$3:$G$1590,0)),"") | F40: =IF(AND(ISNUMBER($J40),$J40>0,$J40<99),INDEX(Lines!$O$3:$O$1590,MATCH(SMALL(Lines!$G$3:$G$1590,35),Lines!$G$3:$G$1590,0)),"") | G40: =IF($J40=0,INDEX(Lines!$Q$3:$Q$1590,MATCH(SMALL(Lines!$G$3:$G$1590,35),Lines!$G$3:$G$1590,0)),IF(AND(ISNUMBER($J40),$J40>0,$J40<99),INDEX(Lines!$P$3:$P$1590,MATCH(SMALL(Lines!$G$3:$G$1590,35),Lines!$G$3:$G$1590,0)),"")) | H40: =IF($J40=0,INDEX(Lines!$H$3:$H$1590,MATCH(SMALL(Lines!$G$3:$G$1590,35),Lines!$G$3:$G$1590,0))&" groups",IF(AND(ISNUMBER($J40),$J40>0,$J40<99),INDEX(Lines!$I$3:$I$1590,MATCH(SMALL(Lines!$G$3:$G$1590,35),Lines!$G$3:$G$1590,0)),"")) | J40: =IFERROR(IF(MOD(SMALL(Lines!$G$3:$G$1590,35),100000)=0,-1,MOD(SMALL(Lines!$G$3:$G$1590,35),100)),"") | K40: =IF($J40=0,INDEX(Lines!$L$3:$L$1590,MATCH(SMALL(Lines!$G$3:$G$1590,35),Lines!$G$3:$G$1590,0)),"")
A41: =IF(OR($J41=0,AND(ISNUMBER($J41),$J41>0,$J41<99)),INDEX(Lines!$A$3:$A$1590,MATCH(SMALL(Lines!$G$3:$G$1590,36),Lines!$G$3:$G$1590,0)),"") | B41: =IF($J41=-1,INDEX(Lines!$J$3:$J$1590,MATCH(SMALL(Lines!$G$3:$G$1590,36),Lines!$G$3:$G$1590,0)),IF($J41=0,INDEX(Lines!$L$3:$L$1590,MATCH(SMALL(Lines!$G$3:$G$1590,36),Lines!$G$3:$G$1590,0)),IF(AND(ISNUMBER($J41),$J41>0,$J41<99),INDEX(Lines!$N$3:$N$1590,MATCH(SMALL(Lines!$G$3:$G$1590,36),Lines!$G$3:$G$1590,0)),""))) | C41: =IF($J41=0,INDEX(Lines!$K$3:$K$1590,MATCH(SMALL(Lines!$G$3:$G$1590,36),Lines!$G$3:$G$1590,0)),IF(AND(ISNUMBER($J41),$J41>0,$J41<99),INDEX(Lines!$C$3:$C$1590,MATCH(SMALL(Lines!$G$3:$G$1590,36),Lines!$G$3:$G$1590,0)),"")) | D41: =IF(AND(ISNUMBER($J41),$J41>0,$J41<99),INDEX(Lines!$D$3:$D$1590,MATCH(SMALL(Lines!$G$3:$G$1590,36),Lines!$G$3:$G$1590,0)),"") | E41: =IF(AND(ISNUMBER($J41),$J41>0,$J41<99),INDEX(Lines!$E$3:$E$1590,MATCH(SMALL(Lines!$G$3:$G$1590,36),Lines!$G$3:$G$1590,0)),"") | F41: =IF(AND(ISNUMBER($J41),$J41>0,$J41<99),INDEX(Lines!$O$3:$O$1590,MATCH(SMALL(Lines!$G$3:$G$1590,36),Lines!$G$3:$G$1590,0)),"") | G41: =IF($J41=0,INDEX(Lines!$Q$3:$Q$1590,MATCH(SMALL(Lines!$G$3:$G$1590,36),Lines!$G$3:$G$1590,0)),IF(AND(ISNUMBER($J41),$J41>0,$J41<99),INDEX(Lines!$P$3:$P$1590,MATCH(SMALL(Lines!$G$3:$G$1590,36),Lines!$G$3:$G$1590,0)),"")) | H41: =IF($J41=0,INDEX(Lines!$H$3:$H$1590,MATCH(SMALL(Lines!$G$3:$G$1590,36),Lines!$G$3:$G$1590,0))&" groups",IF(AND(ISNUMBER($J41),$J41>0,$J41<99),INDEX(Lines!$I$3:$I$1590,MATCH(SMALL(Lines!$G$3:$G$1590,36),Lines!$G$3:$G$1590,0)),"")) | J41: =IFERROR(IF(MOD(SMALL(Lines!$G$3:$G$1590,36),100000)=0,-1,MOD(SMALL(Lines!$G$3:$G$1590,36),100)),"") | K41: =IF($J41=0,INDEX(Lines!$L$3:$L$1590,MATCH(SMALL(Lines!$G$3:$G$1590,36),Lines!$G$3:$G$1590,0)),"")
A42: =IF(OR($J42=0,AND(ISNUMBER($J42),$J42>0,$J42<99)),INDEX(Lines!$A$3:$A$1590,MATCH(SMALL(Lines!$G$3:$G$1590,37),Lines!$G$3:$G$1590,0)),"") | B42: =IF($J42=-1,INDEX(Lines!$J$3:$J$1590,MATCH(SMALL(Lines!$G$3:$G$1590,37),Lines!$G$3:$G$1590,0)),IF($J42=0,INDEX(Lines!$L$3:$L$1590,MATCH(SMALL(Lines!$G$3:$G$1590,37),Lines!$G$3:$G$1590,0)),IF(AND(ISNUMBER($J42),$J42>0,$J42<99),INDEX(Lines!$N$3:$N$1590,MATCH(SMALL(Lines!$G$3:$G$1590,37),Lines!$G$3:$G$1590,0)),""))) | C42: =IF($J42=0,INDEX(Lines!$K$3:$K$1590,MATCH(SMALL(Lines!$G$3:$G$1590,37),Lines!$G$3:$G$1590,0)),IF(AND(ISNUMBER($J42),$J42>0,$J42<99),INDEX(Lines!$C$3:$C$1590,MATCH(SMALL(Lines!$G$3:$G$1590,37),Lines!$G$3:$G$1590,0)),"")) | D42: =IF(AND(ISNUMBER($J42),$J42>0,$J42<99),INDEX(Lines!$D$3:$D$1590,MATCH(SMALL(Lines!$G$3:$G$1590,37),Lines!$G$3:$G$1590,0)),"") | E42: =IF(AND(ISNUMBER($J42),$J42>0,$J42<99),INDEX(Lines!$E$3:$E$1590,MATCH(SMALL(Lines!$G$3:$G$1590,37),Lines!$G$3:$G$1590,0)),"") | F42: =IF(AND(ISNUMBER($J42),$J42>0,$J42<99),INDEX(Lines!$O$3:$O$1590,MATCH(SMALL(Lines!$G$3:$G$1590,37),Lines!$G$3:$G$1590,0)),"") | G42: =IF($J42=0,INDEX(Lines!$Q$3:$Q$1590,MATCH(SMALL(Lines!$G$3:$G$1590,37),Lines!$G$3:$G$1590,0)),IF(AND(ISNUMBER($J42),$J42>0,$J42<99),INDEX(Lines!$P$3:$P$1590,MATCH(SMALL(Lines!$G$3:$G$1590,37),Lines!$G$3:$G$1590,0)),"")) | H42: =IF($J42=0,INDEX(Lines!$H$3:$H$1590,MATCH(SMALL(Lines!$G$3:$G$1590,37),Lines!$G$3:$G$1590,0))&" groups",IF(AND(ISNUMBER($J42),$J42>0,$J42<99),INDEX(Lines!$I$3:$I$1590,MATCH(SMALL(Lines!$G$3:$G$1590,37),Lines!$G$3:$G$1590,0)),"")) | J42: =IFERROR(IF(MOD(SMALL(Lines!$G$3:$G$1590,37),100000)=0,-1,MOD(SMALL(Lines!$G$3:$G$1590,37),100)),"") | K42: =IF($J42=0,INDEX(Lines!$L$3:$L$1590,MATCH(SMALL(Lines!$G$3:$G$1590,37),Lines!$G$3:$G$1590,0)),"")
A43: =IF(OR($J43=0,AND(ISNUMBER($J43),$J43>0,$J43<99)),INDEX(Lines!$A$3:$A$1590,MATCH(SMALL(Lines!$G$3:$G$1590,38),Lines!$G$3:$G$1590,0)),"") | B43: =IF($J43=-1,INDEX(Lines!$J$3:$J$1590,MATCH(SMALL(Lines!$G$3:$G$1590,38),Lines!$G$3:$G$1590,0)),IF($J43=0,INDEX(Lines!$L$3:$L$1590,MATCH(SMALL(Lines!$G$3:$G$1590,38),Lines!$G$3:$G$1590,0)),IF(AND(ISNUMBER($J43),$J43>0,$J43<99),INDEX(Lines!$N$3:$N$1590,MATCH(SMALL(Lines!$G$3:$G$1590,38),Lines!$G$3:$G$1590,0)),""))) | C43: =IF($J43=0,INDEX(Lines!$K$3:$K$1590,MATCH(SMALL(Lines!$G$3:$G$1590,38),Lines!$G$3:$G$1590,0)),IF(AND(ISNUMBER($J43),$J43>0,$J43<99),INDEX(Lines!$C$3:$C$1590,MATCH(SMALL(Lines!$G$3:$G$1590,38),Lines!$G$3:$G$1590,0)),"")) | D43: =IF(AND(ISNUMBER($J43),$J43>0,$J43<99),INDEX(Lines!$D$3:$D$1590,MATCH(SMALL(Lines!$G$3:$G$1590,38),Lines!$G$3:$G$1590,0)),"") | E43: =IF(AND(ISNUMBER($J43),$J43>0,$J43<99),INDEX(Lines!$E$3:$E$1590,MATCH(SMALL(Lines!$G$3:$G$1590,38),Lines!$G$3:$G$1590,0)),"") | F43: =IF(AND(ISNUMBER($J43),$J43>0,$J43<99),INDEX(Lines!$O$3:$O$1590,MATCH(SMALL(Lines!$G$3:$G$1590,38),Lines!$G$3:$G$1590,0)),"") | G43: =IF($J43=0,INDEX(Lines!$Q$3:$Q$1590,MATCH(SMALL(Lines!$G$3:$G$1590,38),Lines!$G$3:$G$1590,0)),IF(AND(ISNUMBER($J43),$J43>0,$J43<99),INDEX(Lines!$P$3:$P$1590,MATCH(SMALL(Lines!$G$3:$G$1590,38),Lines!$G$3:$G$1590,0)),"")) | H43: =IF($J43=0,INDEX(Lines!$H$3:$H$1590,MATCH(SMALL(Lines!$G$3:$G$1590,38),Lines!$G$3:$G$1590,0))&" groups",IF(AND(ISNUMBER($J43),$J43>0,$J43<99),INDEX(Lines!$I$3:$I$1590,MATCH(SMALL(Lines!$G$3:$G$1590,38),Lines!$G$3:$G$1590,0)),"")) | J43: =IFERROR(IF(MOD(SMALL(Lines!$G$3:$G$1590,38),100000)=0,-1,MOD(SMALL(Lines!$G$3:$G$1590,38),100)),"") | K43: =IF($J43=0,INDEX(Lines!$L$3:$L$1590,MATCH(SMALL(Lines!$G$3:$G$1590,38),Lines!$G$3:$G$1590,0)),"")
A44: =IF(OR($J44=0,AND(ISNUMBER($J44),$J44>0,$J44<99)),INDEX(Lines!$A$3:$A$1590,MATCH(SMALL(Lines!$G$3:$G$1590,39),Lines!$G$3:$G$1590,0)),"") | B44: =IF($J44=-1,INDEX(Lines!$J$3:$J$1590,MATCH(SMALL(Lines!$G$3:$G$1590,39),Lines!$G$3:$G$1590,0)),IF($J44=0,INDEX(Lines!$L$3:$L$1590,MATCH(SMALL(Lines!$G$3:$G$1590,39),Lines!$G$3:$G$1590,0)),IF(AND(ISNUMBER($J44),$J44>0,$J44<99),INDEX(Lines!$N$3:$N$1590,MATCH(SMALL(Lines!$G$3:$G$1590,39),Lines!$G$3:$G$1590,0)),""))) | C44: =IF($J44=0,INDEX(Lines!$K$3:$K$1590,MATCH(SMALL(Lines!$G$3:$G$1590,39),Lines!$G$3:$G$1590,0)),IF(AND(ISNUMBER($J44),$J44>0,$J44<99),INDEX(Lines!$C$3:$C$1590,MATCH(SMALL(Lines!$G$3:$G$1590,39),Lines!$G$3:$G$1590,0)),"")) | D44: =IF(AND(ISNUMBER($J44),$J44>0,$J44<99),INDEX(Lines!$D$3:$D$1590,MATCH(SMALL(Lines!$G$3:$G$1590,39),Lines!$G$3:$G$1590,0)),"") | E44: =IF(AND(ISNUMBER($J44),$J44>0,$J44<99),INDEX(Lines!$E$3:$E$1590,MATCH(SMALL(Lines!$G$3:$G$1590,39),Lines!$G$3:$G$1590,0)),"") | F44: =IF(AND(ISNUMBER($J44),$J44>0,$J44<99),INDEX(Lines!$O$3:$O$1590,MATCH(SMALL(Lines!$G$3:$G$1590,39),Lines!$G$3:$G$1590,0)),"") | G44: =IF($J44=0,INDEX(Lines!$Q$3:$Q$1590,MATCH(SMALL(Lines!$G$3:$G$1590,39),Lines!$G$3:$G$1590,0)),IF(AND(ISNUMBER($J44),$J44>0,$J44<99),INDEX(Lines!$P$3:$P$1590,MATCH(SMALL(Lines!$G$3:$G$1590,39),Lines!$G$3:$G$1590,0)),"")) | H44: =IF($J44=0,INDEX(Lines!$H$3:$H$1590,MATCH(SMALL(Lines!$G$3:$G$1590,39),Lines!$G$3:$G$1590,0))&" groups",IF(AND(ISNUMBER($J44),$J44>0,$J44<99),INDEX(Lines!$I$3:$I$1590,MATCH(SMALL(Lines!$G$3:$G$1590,39),Lines!$G$3:$G$1590,0)),"")) | J44: =IFERROR(IF(MOD(SMALL(Lines!$G$3:$G$1590,39),100000)=0,-1,MOD(SMALL(Lines!$G$3:$G$1590,39),100)),"") | K44: =IF($J44=0,INDEX(Lines!$L$3:$L$1590,MATCH(SMALL(Lines!$G$3:$G$1590,39),Lines!$G$3:$G$1590,0)),"")
A45: =IF(OR($J45=0,AND(ISNUMBER($J45),$J45>0,$J45<99)),INDEX(Lines!$A$3:$A$1590,MATCH(SMALL(Lines!$G$3:$G$1590,40),Lines!$G$3:$G$1590,0)),"") | B45: =IF($J45=-1,INDEX(Lines!$J$3:$J$1590,MATCH(SMALL(Lines!$G$3:$G$1590,40),Lines!$G$3:$G$1590,0)),IF($J45=0,INDEX(Lines!$L$3:$L$1590,MATCH(SMALL(Lines!$G$3:$G$1590,40),Lines!$G$3:$G$1590,0)),IF(AND(ISNUMBER($J45),$J45>0,$J45<99),INDEX(Lines!$N$3:$N$1590,MATCH(SMALL(Lines!$G$3:$G$1590,40),Lines!$G$3:$G$1590,0)),""))) | C45: =IF($J45=0,INDEX(Lines!$K$3:$K$1590,MATCH(SMALL(Lines!$G$3:$G$1590,40),Lines!$G$3:$G$1590,0)),IF(AND(ISNUMBER($J45),$J45>0,$J45<99),INDEX(Lines!$C$3:$C$1590,MATCH(SMALL(Lines!$G$3:$G$1590,40),Lines!$G$3:$G$1590,0)),"")) | D45: =IF(AND(ISNUMBER($J45),$J45>0,$J45<99),INDEX(Lines!$D$3:$D$1590,MATCH(SMALL(Lines!$G$3:$G$1590,40),Lines!$G$3:$G$1590,0)),"") | E45: =IF(AND(ISNUMBER($J45),$J45>0,$J45<99),INDEX(Lines!$E$3:$E$1590,MATCH(SMALL(Lines!$G$3:$G$1590,40),Lines!$G$3:$G$1590,0)),"") | F45: =IF(AND(ISNUMBER($J45),$J45>0,$J45<99),INDEX(Lines!$O$3:$O$1590,MATCH(SMALL(Lines!$G$3:$G$1590,40),Lines!$G$3:$G$1590,0)),"") | G45: =IF($J45=0,INDEX(Lines!$Q$3:$Q$1590,MATCH(SMALL(Lines!$G$3:$G$1590,40),Lines!$G$3:$G$1590,0)),IF(AND(ISNUMBER($J45),$J45>0,$J45<99),INDEX(Lines!$P$3:$P$1590,MATCH(SMALL(Lines!$G$3:$G$1590,40),Lines!$G$3:$G$1590,0)),"")) | H45: =IF($J45=0,INDEX(Lines!$H$3:$H$1590,MATCH(SMALL(Lines!$G$3:$G$1590,40),Lines!$G$3:$G$1590,0))&" groups",IF(AND(ISNUMBER($J45),$J45>0,$J45<99),INDEX(Lines!$I$3:$I$1590,MATCH(SMALL(Lines!$G$3:$G$1590,40),Lines!$G$3:$G$1590,0)),"")) | J45: =IFERROR(IF(MOD(SMALL(Lines!$G$3:$G$1590,40),100000)=0,-1,MOD(SMALL(Lines!$G$3:$G$1590,40),100)),"") | K45: =IF($J45=0,INDEX(Lines!$L$3:$L$1590,MATCH(SMALL(Lines!$G$3:$G$1590,40),Lines!$G$3:$G$1590,0)),"")
A46: =IF(OR($J46=0,AND(ISNUMBER($J46),$J46>0,$J46<99)),INDEX(Lines!$A$3:$A$1590,MATCH(SMALL(Lines!$G$3:$G$1590,41),Lines!$G$3:$G$1590,0)),"") | B46: =IF($J46=-1,INDEX(Lines!$J$3:$J$1590,MATCH(SMALL(Lines!$G$3:$G$1590,41),Lines!$G$3:$G$1590,0)),IF($J46=0,INDEX(Lines!$L$3:$L$1590,MATCH(SMALL(Lines!$G$3:$G$1590,41),Lines!$G$3:$G$1590,0)),IF(AND(ISNUMBER($J46),$J46>0,$J46<99),INDEX(Lines!$N$3:$N$1590,MATCH(SMALL(Lines!$G$3:$G$1590,41),Lines!$G$3:$G$1590,0)),""))) | C46: =IF($J46=0,INDEX(Lines!$K$3:$K$1590,MATCH(SMALL(Lines!$G$3:$G$1590,41),Lines!$G$3:$G$1590,0)),IF(AND(ISNUMBER($J46),$J46>0,$J46<99),INDEX(Lines!$C$3:$C$1590,MATCH(SMALL(Lines!$G$3:$G$1590,41),Lines!$G$3:$G$1590,0)),"")) | D46: =IF(AND(ISNUMBER($J46),$J46>0,$J46<99),INDEX(Lines!$D$3:$D$1590,MATCH(SMALL(Lines!$G$3:$G$1590,41),Lines!$G$3:$G$1590,0)),"") | E46: =IF(AND(ISNUMBER($J46),$J46>0,$J46<99),INDEX(Lines!$E$3:$E$1590,MATCH(SMALL(Lines!$G$3:$G$1590,41),Lines!$G$3:$G$1590,0)),"") | F46: =IF(AND(ISNUMBER($J46),$J46>0,$J46<99),INDEX(Lines!$O$3:$O$1590,MATCH(SMALL(Lines!$G$3:$G$1590,41),Lines!$G$3:$G$1590,0)),"") | G46: =IF($J46=0,INDEX(Lines!$Q$3:$Q$1590,MATCH(SMALL(Lines!$G$3:$G$1590,41),Lines!$G$3:$G$1590,0)),IF(AND(ISNUMBER($J46),$J46>0,$J46<99),INDEX(Lines!$P$3:$P$1590,MATCH(SMALL(Lines!$G$3:$G$1590,41),Lines!$G$3:$G$1590,0)),"")) | H46: =IF($J46=0,INDEX(Lines!$H$3:$H$1590,MATCH(SMALL(Lines!$G$3:$G$1590,41),Lines!$G$3:$G$1590,0))&" groups",IF(AND(ISNUMBER($J46),$J46>0,$J46<99),INDEX(Lines!$I$3:$I$1590,MATCH(SMALL(Lines!$G$3:$G$1590,41),Lines!$G$3:$G$1590,0)),"")) | J46: =IFERROR(IF(MOD(SMALL(Lines!$G$3:$G$1590,41),100000)=0,-1,MOD(SMALL(Lines!$G$3:$G$1590,41),100)),"") | K46: =IF($J46=0,INDEX(Lines!$L$3:$L$1590,MATCH(SMALL(Lines!$G$3:$G$1590,41),Lines!$G$3:$G$1590,0)),"")
A47: =IF(OR($J47=0,AND(ISNUMBER($J47),$J47>0,$J47<99)),INDEX(Lines!$A$3:$A$1590,MATCH(SMALL(Lines!$G$3:$G$1590,42),Lines!$G$3:$G$1590,0)),"") | B47: =IF($J47=-1,INDEX(Lines!$J$3:$J$1590,MATCH(SMALL(Lines!$G$3:$G$1590,42),Lines!$G$3:$G$1590,0)),IF($J47=0,INDEX(Lines!$L$3:$L$1590,MATCH(SMALL(Lines!$G$3:$G$1590,42),Lines!$G$3:$G$1590,0)),IF(AND(ISNUMBER($J47),$J47>0,$J47<99),INDEX(Lines!$N$3:$N$1590,MATCH(SMALL(Lines!$G$3:$G$1590,42),Lines!$G$3:$G$1590,0)),""))) | C47: =IF($J47=0,INDEX(Lines!$K$3:$K$1590,MATCH(SMALL(Lines!$G$3:$G$1590,42),Lines!$G$3:$G$1590,0)),IF(AND(ISNUMBER($J47),$J47>0,$J47<99),INDEX(Lines!$C$3:$C$1590,MATCH(SMALL(Lines!$G$3:$G$1590,42),Lines!$G$3:$G$1590,0)),"")) | D47: =IF(AND(ISNUMBER($J47),$J47>0,$J47<99),INDEX(Lines!$D$3:$D$1590,MATCH(SMALL(Lines!$G$3:$G$1590,42),Lines!$G$3:$G$1590,0)),"") | E47: =IF(AND(ISNUMBER($J47),$J47>0,$J47<99),INDEX(Lines!$E$3:$E$1590,MATCH(SMALL(Lines!$G$3:$G$1590,42),Lines!$G$3:$G$1590,0)),"") | F47: =IF(AND(ISNUMBER($J47),$J47>0,$J47<99),INDEX(Lines!$O$3:$O$1590,MATCH(SMALL(Lines!$G$3:$G$1590,42),Lines!$G$3:$G$1590,0)),"") | G47: =IF($J47=0,INDEX(Lines!$Q$3:$Q$1590,MATCH(SMALL(Lines!$G$3:$G$1590,42),Lines!$G$3:$G$1590,0)),IF(AND(ISNUMBER($J47),$J47>0,$J47<99),INDEX(Lines!$P$3:$P$1590,MATCH(SMALL(Lines!$G$3:$G$1590,42),Lines!$G$3:$G$1590,0)),"")) | H47: =IF($J47=0,INDEX(Lines!$H$3:$H$1590,MATCH(SMALL(Lines!$G$3:$G$1590,42),Lines!$G$3:$G$1590,0))&" groups",IF(AND(ISNUMBER($J47),$J47>0,$J47<99),INDEX(Lines!$I$3:$I$1590,MATCH(SMALL(Lines!$G$3:$G$1590,42),Lines!$G$3:$G$1590,0)),"")) | J47: =IFERROR(IF(MOD(SMALL(Lines!$G$3:$G$1590,42),100000)=0,-1,MOD(SMALL(Lines!$G$3:$G$1590,42),100)),"") | K47: =IF($J47=0,INDEX(Lines!$L$3:$L$1590,MATCH(SMALL(Lines!$G$3:$G$1590,42),Lines!$G$3:$G$1590,0)),"")
A48: =IF(OR($J48=0,AND(ISNUMBER($J48),$J48>0,$J48<99)),INDEX(Lines!$A$3:$A$1590,MATCH(SMALL(Lines!$G$3:$G$1590,43),Lines!$G$3:$G$1590,0)),"") | B48: =IF($J48=-1,INDEX(Lines!$J$3:$J$1590,MATCH(SMALL(Lines!$G$3:$G$1590,43),Lines!$G$3:$G$1590,0)),IF($J48=0,INDEX(Lines!$L$3:$L$1590,MATCH(SMALL(Lines!$G$3:$G$1590,43),Lines!$G$3:$G$1590,0)),IF(AND(ISNUMBER($J48),$J48>0,$J48<99),INDEX(Lines!$N$3:$N$1590,MATCH(SMALL(Lines!$G$3:$G$1590,43),Lines!$G$3:$G$1590,0)),""))) | C48: =IF($J48=0,INDEX(Lines!$K$3:$K$1590,MATCH(SMALL(Lines!$G$3:$G$1590,43),Lines!$G$3:$G$1590,0)),IF(AND(ISNUMBER($J48),$J48>0,$J48<99),INDEX(Lines!$C$3:$C$1590,MATCH(SMALL(Lines!$G$3:$G$1590,43),Lines!$G$3:$G$1590,0)),"")) | D48: =IF(AND(ISNUMBER($J48),$J48>0,$J48<99),INDEX(Lines!$D$3:$D$1590,MATCH(SMALL(Lines!$G$3:$G$1590,43),Lines!$G$3:$G$1590,0)),"") | E48: =IF(AND(ISNUMBER($J48),$J48>0,$J48<99),INDEX(Lines!$E$3:$E$1590,MATCH(SMALL(Lines!$G$3:$G$1590,43),Lines!$G$3:$G$1590,0)),"") | F48: =IF(AND(ISNUMBER($J48),$J48>0,$J48<99),INDEX(Lines!$O$3:$O$1590,MATCH(SMALL(Lines!$G$3:$G$1590,43),Lines!$G$3:$G$1590,0)),"") | G48: =IF($J48=0,INDEX(Lines!$Q$3:$Q$1590,MATCH(SMALL(Lines!$G$3:$G$1590,43),Lines!$G$3:$G$1590,0)),IF(AND(ISNUMBER($J48),$J48>0,$J48<99),INDEX(Lines!$P$3:$P$1590,MATCH(SMALL(Lines!$G$3:$G$1590,43),Lines!$G$3:$G$1590,0)),"")) | H48: =IF($J48=0,INDEX(Lines!$H$3:$H$1590,MATCH(SMALL(Lines!$G$3:$G$1590,43),Lines!$G$3:$G$1590,0))&" groups",IF(AND(ISNUMBER($J48),$J48>0,$J48<99),INDEX(Lines!$I$3:$I$1590,MATCH(SMALL(Lines!$G$3:$G$1590,43),Lines!$G$3:$G$1590,0)),"")) | J48: =IFERROR(IF(MOD(SMALL(Lines!$G$3:$G$1590,43),100000)=0,-1,MOD(SMALL(Lines!$G$3:$G$1590,43),100)),"") | K48: =IF($J48=0,INDEX(Lines!$L$3:$L$1590,MATCH(SMALL(Lines!$G$3:$G$1590,43),Lines!$G$3:$G$1590,0)),"")
A49: =IF(OR($J49=0,AND(ISNUMBER($J49),$J49>0,$J49<99)),INDEX(Lines!$A$3:$A$1590,MATCH(SMALL(Lines!$G$3:$G$1590,44),Lines!$G$3:$G$1590,0)),"") | B49: =IF($J49=-1,INDEX(Lines!$J$3:$J$1590,MATCH(SMALL(Lines!$G$3:$G$1590,44),Lines!$G$3:$G$1590,0)),IF($J49=0,INDEX(Lines!$L$3:$L$1590,MATCH(SMALL(Lines!$G$3:$G$1590,44),Lines!$G$3:$G$1590,0)),IF(AND(ISNUMBER($J49),$J49>0,$J49<99),INDEX(Lines!$N$3:$N$1590,MATCH(SMALL(Lines!$G$3:$G$1590,44),Lines!$G$3:$G$1590,0)),""))) | C49: =IF($J49=0,INDEX(Lines!$K$3:$K$1590,MATCH(SMALL(Lines!$G$3:$G$1590,44),Lines!$G$3:$G$1590,0)),IF(AND(ISNUMBER($J49),$J49>0,$J49<99),INDEX(Lines!$C$3:$C$1590,MATCH(SMALL(Lines!$G$3:$G$1590,44),Lines!$G$3:$G$1590,0)),"")) | D49: =IF(AND(ISNUMBER($J49),$J49>0,$J49<99),INDEX(Lines!$D$3:$D$1590,MATCH(SMALL(Lines!$G$3:$G$1590,44),Lines!$G$3:$G$1590,0)),"") | E49: =IF(AND(ISNUMBER($J49),$J49>0,$J49<99),INDEX(Lines!$E$3:$E$1590,MATCH(SMALL(Lines!$G$3:$G$1590,44),Lines!$G$3:$G$1590,0)),"") | F49: =IF(AND(ISNUMBER($J49),$J49>0,$J49<99),INDEX(Lines!$O$3:$O$1590,MATCH(SMALL(Lines!$G$3:$G$1590,44),Lines!$G$3:$G$1590,0)),"") | G49: =IF($J49=0,INDEX(Lines!$Q$3:$Q$1590,MATCH(SMALL(Lines!$G$3:$G$1590,44),Lines!$G$3:$G$1590,0)),IF(AND(ISNUMBER($J49),$J49>0,$J49<99),INDEX(Lines!$P$3:$P$1590,MATCH(SMALL(Lines!$G$3:$G$1590,44),Lines!$G$3:$G$1590,0)),"")) | H49: =IF($J49=0,INDEX(Lines!$H$3:$H$1590,MATCH(SMALL(Lines!$G$3:$G$1590,44),Lines!$G$3:$G$1590,0))&" groups",IF(AND(ISNUMBER($J49),$J49>0,$J49<99),INDEX(Lines!$I$3:$I$1590,MATCH(SMALL(Lines!$G$3:$G$1590,44),Lines!$G$3:$G$1590,0)),"")) | J49: =IFERROR(IF(MOD(SMALL(Lines!$G$3:$G$1590,44),100000)=0,-1,MOD(SMALL(Lines!$G$3:$G$1590,44),100)),"") | K49: =IF($J49=0,INDEX(Lines!$L$3:$L$1590,MATCH(SMALL(Lines!$G$3:$G$1590,44),Lines!$G$3:$G$1590,0)),"")
A50: =IF(OR($J50=0,AND(ISNUMBER($J50),$J50>0,$J50<99)),INDEX(Lines!$A$3:$A$1590,MATCH(SMALL(Lines!$G$3:$G$1590,45),Lines!$G$3:$G$1590,0)),"") | B50: =IF($J50=-1,INDEX(Lines!$J$3:$J$1590,MATCH(SMALL(Lines!$G$3:$G$1590,45),Lines!$G$3:$G$1590,0)),IF($J50=0,INDEX(Lines!$L$3:$L$1590,MATCH(SMALL(Lines!$G$3:$G$1590,45),Lines!$G$3:$G$1590,0)),IF(AND(ISNUMBER($J50),$J50>0,$J50<99),INDEX(Lines!$N$3:$N$1590,MATCH(SMALL(Lines!$G$3:$G$1590,45),Lines!$G$3:$G$1590,0)),""))) | C50: =IF($J50=0,INDEX(Lines!$K$3:$K$1590,MATCH(SMALL(Lines!$G$3:$G$1590,45),Lines!$G$3:$G$1590,0)),IF(AND(ISNUMBER($J50),$J50>0,$J50<99),INDEX(Lines!$C$3:$C$1590,MATCH(SMALL(Lines!$G$3:$G$1590,45),Lines!$G$3:$G$1590,0)),"")) | D50: =IF(AND(ISNUMBER($J50),$J50>0,$J50<99),INDEX(Lines!$D$3:$D$1590,MATCH(SMALL(Lines!$G$3:$G$1590,45),Lines!$G$3:$G$1590,0)),"") | E50: =IF(AND(ISNUMBER($J50),$J50>0,$J50<99),INDEX(Lines!$E$3:$E$1590,MATCH(SMALL(Lines!$G$3:$G$1590,45),Lines!$G$3:$G$1590,0)),"") | F50: =IF(AND(ISNUMBER($J50),$J50>0,$J50<99),INDEX(Lines!$O$3:$O$1590,MATCH(SMALL(Lines!$G$3:$G$1590,45),Lines!$G$3:$G$1590,0)),"") | G50: =IF($J50=0,INDEX(Lines!$Q$3:$Q$1590,MATCH(SMALL(Lines!$G$3:$G$1590,45),Lines!$G$3:$G$1590,0)),IF(AND(ISNUMBER($J50),$J50>0,$J50<99),INDEX(Lines!$P$3:$P$1590,MATCH(SMALL(Lines!$G$3:$G$1590,45),Lines!$G$3:$G$1590,0)),"")) | H50: =IF($J50=0,INDEX(Lines!$H$3:$H$1590,MATCH(SMALL(Lines!$G$3:$G$1590,45),Lines!$G$3:$G$1590,0))&" groups",IF(AND(ISNUMBER($J50),$J50>0,$J50<99),INDEX(Lines!$I$3:$I$1590,MATCH(SMALL(Lines!$G$3:$G$1590,45),Lines!$G$3:$G$1590,0)),"")) | J50: =IFERROR(IF(MOD(SMALL(Lines!$G$3:$G$1590,45),100000)=0,-1,MOD(SMALL(Lines!$G$3:$G$1590,45),100)),"") | K50: =IF($J50=0,INDEX(Lines!$L$3:$L$1590,MATCH(SMALL(Lines!$G$3:$G$1590,45),Lines!$G$3:$G$1590,0)),"")
A51: =IF(OR($J51=0,AND(ISNUMBER($J51),$J51>0,$J51<99)),INDEX(Lines!$A$3:$A$1590,MATCH(SMALL(Lines!$G$3:$G$1590,46),Lines!$G$3:$G$1590,0)),"") | B51: =IF($J51=-1,INDEX(Lines!$J$3:$J$1590,MATCH(SMALL(Lines!$G$3:$G$1590,46),Lines!$G$3:$G$1590,0)),IF($J51=0,INDEX(Lines!$L$3:$L$1590,MATCH(SMALL(Lines!$G$3:$G$1590,46),Lines!$G$3:$G$1590,0)),IF(AND(ISNUMBER($J51),$J51>0,$J51<99),INDEX(Lines!$N$3:$N$1590,MATCH(SMALL(Lines!$G$3:$G$1590,46),Lines!$G$3:$G$1590,0)),""))) | C51: =IF($J51=0,INDEX(Lines!$K$3:$K$1590,MATCH(SMALL(Lines!$G$3:$G$1590,46),Lines!$G$3:$G$1590,0)),IF(AND(ISNUMBER($J51),$J51>0,$J51<99),INDEX(Lines!$C$3:$C$1590,MATCH(SMALL(Lines!$G$3:$G$1590,46),Lines!$G$3:$G$1590,0)),"")) | D51: =IF(AND(ISNUMBER($J51),$J51>0,$J51<99),INDEX(Lines!$D$3:$D$1590,MATCH(SMALL(Lines!$G$3:$G$1590,46),Lines!$G$3:$G$1590,0)),"") | E51: =IF(AND(ISNUMBER($J51),$J51>0,$J51<99),INDEX(Lines!$E$3:$E$1590,MATCH(SMALL(Lines!$G$3:$G$1590,46),Lines!$G$3:$G$1590,0)),"") | F51: =IF(AND(ISNUMBER($J51),$J51>0,$J51<99),INDEX(Lines!$O$3:$O$1590,MATCH(SMALL(Lines!$G$3:$G$1590,46),Lines!$G$3:$G$1590,0)),"") | G51: =IF($J51=0,INDEX(Lines!$Q$3:$Q$1590,MATCH(SMALL(Lines!$G$3:$G$1590,46),Lines!$G$3:$G$1590,0)),IF(AND(ISNUMBER($J51),$J51>0,$J51<99),INDEX(Lines!$P$3:$P$1590,MATCH(SMALL(Lines!$G$3:$G$1590,46),Lines!$G$3:$G$1590,0)),"")) | H51: =IF($J51=0,INDEX(Lines!$H$3:$H$1590,MATCH(SMALL(Lines!$G$3:$G$1590,46),Lines!$G$3:$G$1590,0))&" groups",IF(AND(ISNUMBER($J51),$J51>0,$J51<99),INDEX(Lines!$I$3:$I$1590,MATCH(SMALL(Lines!$G$3:$G$1590,46),Lines!$G$3:$G$1590,0)),"")) | J51: =IFERROR(IF(MOD(SMALL(Lines!$G$3:$G$1590,46),100000)=0,-1,MOD(SMALL(Lines!$G$3:$G$1590,46),100)),"") | K51: =IF($J51=0,INDEX(Lines!$L$3:$L$1590,MATCH(SMALL(Lines!$G$3:$G$1590,46),Lines!$G$3:$G$1590,0)),"")
A52: =IF(OR($J52=0,AND(ISNUMBER($J52),$J52>0,$J52<99)),INDEX(Lines!$A$3:$A$1590,MATCH(SMALL(Lines!$G$3:$G$1590,47),Lines!$G$3:$G$1590,0)),"") | B52: =IF($J52=-1,INDEX(Lines!$J$3:$J$1590,MATCH(SMALL(Lines!$G$3:$G$1590,47),Lines!$G$3:$G$1590,0)),IF($J52=0,INDEX(Lines!$L$3:$L$1590,MATCH(SMALL(Lines!$G$3:$G$1590,47),Lines!$G$3:$G$1590,0)),IF(AND(ISNUMBER($J52),$J52>0,$J52<99),INDEX(Lines!$N$3:$N$1590,MATCH(SMALL(Lines!$G$3:$G$1590,47),Lines!$G$3:$G$1590,0)),""))) | C52: =IF($J52=0,INDEX(Lines!$K$3:$K$1590,MATCH(SMALL(Lines!$G$3:$G$1590,47),Lines!$G$3:$G$1590,0)),IF(AND(ISNUMBER($J52),$J52>0,$J52<99),INDEX(Lines!$C$3:$C$1590,MATCH(SMALL(Lines!$G$3:$G$1590,47),Lines!$G$3:$G$1590,0)),"")) | D52: =IF(AND(ISNUMBER($J52),$J52>0,$J52<99),INDEX(Lines!$D$3:$D$1590,MATCH(SMALL(Lines!$G$3:$G$1590,47),Lines!$G$3:$G$1590,0)),"") | E52: =IF(AND(ISNUMBER($J52),$J52>0,$J52<99),INDEX(Lines!$E$3:$E$1590,MATCH(SMALL(Lines!$G$3:$G$1590,47),Lines!$G$3:$G$1590,0)),"") | F52: =IF(AND(ISNUMBER($J52),$J52>0,$J52<99),INDEX(Lines!$O$3:$O$1590,MATCH(SMALL(Lines!$G$3:$G$1590,47),Lines!$G$3:$G$1590,0)),"") | G52: =IF($J52=0,INDEX(Lines!$Q$3:$Q$1590,MATCH(SMALL(Lines!$G$3:$G$1590,47),Lines!$G$3:$G$1590,0)),IF(AND(ISNUMBER($J52),$J52>0,$J52<99),INDEX(Lines!$P$3:$P$1590,MATCH(SMALL(Lines!$G$3:$G$1590,47),Lines!$G$3:$G$1590,0)),"")) | H52: =IF($J52=0,INDEX(Lines!$H$3:$H$1590,MATCH(SMALL(Lines!$G$3:$G$1590,47),Lines!$G$3:$G$1590,0))&" groups",IF(AND(ISNUMBER($J52),$J52>0,$J52<99),INDEX(Lines!$I$3:$I$1590,MATCH(SMALL(Lines!$G$3:$G$1590,47),Lines!$G$3:$G$1590,0)),"")) | J52: =IFERROR(IF(MOD(SMALL(Lines!$G$3:$G$1590,47),100000)=0,-1,MOD(SMALL(Lines!$G$3:$G$1590,47),100)),"") | K52: =IF($J52=0,INDEX(Lines!$L$3:$L$1590,MATCH(SMALL(Lines!$G$3:$G$1590,47),Lines!$G$3:$G$1590,0)),"")
A53: =IF(OR($J53=0,AND(ISNUMBER($J53),$J53>0,$J53<99)),INDEX(Lines!$A$3:$A$1590,MATCH(SMALL(Lines!$G$3:$G$1590,48),Lines!$G$3:$G$1590,0)),"") | B53: =IF($J53=-1,INDEX(Lines!$J$3:$J$1590,MATCH(SMALL(Lines!$G$3:$G$1590,48),Lines!$G$3:$G$1590,0)),IF($J53=0,INDEX(Lines!$L$3:$L$1590,MATCH(SMALL(Lines!$G$3:$G$1590,48),Lines!$G$3:$G$1590,0)),IF(AND(ISNUMBER($J53),$J53>0,$J53<99),INDEX(Lines!$N$3:$N$1590,MATCH(SMALL(Lines!$G$3:$G$1590,48),Lines!$G$3:$G$1590,0)),""))) | C53: =IF($J53=0,INDEX(Lines!$K$3:$K$1590,MATCH(SMALL(Lines!$G$3:$G$1590,48),Lines!$G$3:$G$1590,0)),IF(AND(ISNUMBER($J53),$J53>0,$J53<99),INDEX(Lines!$C$3:$C$1590,MATCH(SMALL(Lines!$G$3:$G$1590,48),Lines!$G$3:$G$1590,0)),"")) | D53: =IF(AND(ISNUMBER($J53),$J53>0,$J53<99),INDEX(Lines!$D$3:$D$1590,MATCH(SMALL(Lines!$G$3:$G$1590,48),Lines!$G$3:$G$1590,0)),"") | E53: =IF(AND(ISNUMBER($J53),$J53>0,$J53<99),INDEX(Lines!$E$3:$E$1590,MATCH(SMALL(Lines!$G$3:$G$1590,48),Lines!$G$3:$G$1590,0)),"") | F53: =IF(AND(ISNUMBER($J53),$J53>0,$J53<99),INDEX(Lines!$O$3:$O$1590,MATCH(SMALL(Lines!$G$3:$G$1590,48),Lines!$G$3:$G$1590,0)),"") | G53: =IF($J53=0,INDEX(Lines!$Q$3:$Q$1590,MATCH(SMALL(Lines!$G$3:$G$1590,48),Lines!$G$3:$G$1590,0)),IF(AND(ISNUMBER($J53),$J53>0,$J53<99),INDEX(Lines!$P$3:$P$1590,MATCH(SMALL(Lines!$G$3:$G$1590,48),Lines!$G$3:$G$1590,0)),"")) | H53: =IF($J53=0,INDEX(Lines!$H$3:$H$1590,MATCH(SMALL(Lines!$G$3:$G$1590,48),Lines!$G$3:$G$1590,0))&" groups",IF(AND(ISNUMBER($J53),$J53>0,$J53<99),INDEX(Lines!$I$3:$I$1590,MATCH(SMALL(Lines!$G$3:$G$1590,48),Lines!$G$3:$G$1590,0)),"")) | J53: =IFERROR(IF(MOD(SMALL(Lines!$G$3:$G$1590,48),100000)=0,-1,MOD(SMALL(Lines!$G$3:$G$1590,48),100)),"") | K53: =IF($J53=0,INDEX(Lines!$L$3:$L$1590,MATCH(SMALL(Lines!$G$3:$G$1590,48),Lines!$G$3:$G$1590,0)),"")
A54: =IF(OR($J54=0,AND(ISNUMBER($J54),$J54>0,$J54<99)),INDEX(Lines!$A$3:$A$1590,MATCH(SMALL(Lines!$G$3:$G$1590,49),Lines!$G$3:$G$1590,0)),"") | B54: =IF($J54=-1,INDEX(Lines!$J$3:$J$1590,MATCH(SMALL(Lines!$G$3:$G$1590,49),Lines!$G$3:$G$1590,0)),IF($J54=0,INDEX(Lines!$L$3:$L$1590,MATCH(SMALL(Lines!$G$3:$G$1590,49),Lines!$G$3:$G$1590,0)),IF(AND(ISNUMBER($J54),$J54>0,$J54<99),INDEX(Lines!$N$3:$N$1590,MATCH(SMALL(Lines!$G$3:$G$1590,49),Lines!$G$3:$G$1590,0)),""))) | C54: =IF($J54=0,INDEX(Lines!$K$3:$K$1590,MATCH(SMALL(Lines!$G$3:$G$1590,49),Lines!$G$3:$G$1590,0)),IF(AND(ISNUMBER($J54),$J54>0,$J54<99),INDEX(Lines!$C$3:$C$1590,MATCH(SMALL(Lines!$G$3:$G$1590,49),Lines!$G$3:$G$1590,0)),"")) | D54: =IF(AND(ISNUMBER($J54),$J54>0,$J54<99),INDEX(Lines!$D$3:$D$1590,MATCH(SMALL(Lines!$G$3:$G$1590,49),Lines!$G$3:$G$1590,0)),"") | E54: =IF(AND(ISNUMBER($J54),$J54>0,$J54<99),INDEX(Lines!$E$3:$E$1590,MATCH(SMALL(Lines!$G$3:$G$1590,49),Lines!$G$3:$G$1590,0)),"") | F54: =IF(AND(ISNUMBER($J54),$J54>0,$J54<99),INDEX(Lines!$O$3:$O$1590,MATCH(SMALL(Lines!$G$3:$G$1590,49),Lines!$G$3:$G$1590,0)),"") | G54: =IF($J54=0,INDEX(Lines!$Q$3:$Q$1590,MATCH(SMALL(Lines!$G$3:$G$1590,49),Lines!$G$3:$G$1590,0)),IF(AND(ISNUMBER($J54),$J54>0,$J54<99),INDEX(Lines!$P$3:$P$1590,MATCH(SMALL(Lines!$G$3:$G$1590,49),Lines!$G$3:$G$1590,0)),"")) | H54: =IF($J54=0,INDEX(Lines!$H$3:$H$1590,MATCH(SMALL(Lines!$G$3:$G$1590,49),Lines!$G$3:$G$1590,0))&" groups",IF(AND(ISNUMBER($J54),$J54>0,$J54<99),INDEX(Lines!$I$3:$I$1590,MATCH(SMALL(Lines!$G$3:$G$1590,49),Lines!$G$3:$G$1590,0)),"")) | J54: =IFERROR(IF(MOD(SMALL(Lines!$G$3:$G$1590,49),100000)=0,-1,MOD(SMALL(Lines!$G$3:$G$1590,49),100)),"") | K54: =IF($J54=0,INDEX(Lines!$L$3:$L$1590,MATCH(SMALL(Lines!$G$3:$G$1590,49),Lines!$G$3:$G$1590,0)),"")
A55: =IF(OR($J55=0,AND(ISNUMBER($J55),$J55>0,$J55<99)),INDEX(Lines!$A$3:$A$1590,MATCH(SMALL(Lines!$G$3:$G$1590,50),Lines!$G$3:$G$1590,0)),"") | B55: =IF($J55=-1,INDEX(Lines!$J$3:$J$1590,MATCH(SMALL(Lines!$G$3:$G$1590,50),Lines!$G$3:$G$1590,0)),IF($J55=0,INDEX(Lines!$L$3:$L$1590,MATCH(SMALL(Lines!$G$3:$G$1590,50),Lines!$G$3:$G$1590,0)),IF(AND(ISNUMBER($J55),$J55>0,$J55<99),INDEX(Lines!$N$3:$N$1590,MATCH(SMALL(Lines!$G$3:$G$1590,50),Lines!$G$3:$G$1590,0)),""))) | C55: =IF($J55=0,INDEX(Lines!$K$3:$K$1590,MATCH(SMALL(Lines!$G$3:$G$1590,50),Lines!$G$3:$G$1590,0)),IF(AND(ISNUMBER($J55),$J55>0,$J55<99),INDEX(Lines!$C$3:$C$1590,MATCH(SMALL(Lines!$G$3:$G$1590,50),Lines!$G$3:$G$1590,0)),"")) | D55: =IF(AND(ISNUMBER($J55),$J55>0,$J55<99),INDEX(Lines!$D$3:$D$1590,MATCH(SMALL(Lines!$G$3:$G$1590,50),Lines!$G$3:$G$1590,0)),"") | E55: =IF(AND(ISNUMBER($J55),$J55>0,$J55<99),INDEX(Lines!$E$3:$E$1590,MATCH(SMALL(Lines!$G$3:$G$1590,50),Lines!$G$3:$G$1590,0)),"") | F55: =IF(AND(ISNUMBER($J55),$J55>0,$J55<99),INDEX(Lines!$O$3:$O$1590,MATCH(SMALL(Lines!$G$3:$G$1590,50),Lines!$G$3:$G$1590,0)),"") | G55: =IF($J55=0,INDEX(Lines!$Q$3:$Q$1590,MATCH(SMALL(Lines!$G$3:$G$1590,50),Lines!$G$3:$G$1590,0)),IF(AND(ISNUMBER($J55),$J55>0,$J55<99),INDEX(Lines!$P$3:$P$1590,MATCH(SMALL(Lines!$G$3:$G$1590,50),Lines!$G$3:$G$1590,0)),"")) | H55: =IF($J55=0,INDEX(Lines!$H$3:$H$1590,MATCH(SMALL(Lines!$G$3:$G$1590,50),Lines!$G$3:$G$1590,0))&" groups",IF(AND(ISNUMBER($J55),$J55>0,$J55<99),INDEX(Lines!$I$3:$I$1590,MATCH(SMALL(Lines!$G$3:$G$1590,50),Lines!$G$3:$G$1590,0)),"")) | J55: =IFERROR(IF(MOD(SMALL(Lines!$G$3:$G$1590,50),100000)=0,-1,MOD(SMALL(Lines!$G$3:$G$1590,50),100)),"") | K55: =IF($J55=0,INDEX(Lines!$L$3:$L$1590,MATCH(SMALL(Lines!$G$3:$G$1590,50),Lines!$G$3:$G$1590,0)),"")
A56: =IF(OR($J56=0,AND(ISNUMBER($J56),$J56>0,$J56<99)),INDEX(Lines!$A$3:$A$1590,MATCH(SMALL(Lines!$G$3:$G$1590,51),Lines!$G$3:$G$1590,0)),"") | B56: =IF($J56=-1,INDEX(Lines!$J$3:$J$1590,MATCH(SMALL(Lines!$G$3:$G$1590,51),Lines!$G$3:$G$1590,0)),IF($J56=0,INDEX(Lines!$L$3:$L$1590,MATCH(SMALL(Lines!$G$3:$G$1590,51),Lines!$G$3:$G$1590,0)),IF(AND(ISNUMBER($J56),$J56>0,$J56<99),INDEX(Lines!$N$3:$N$1590,MATCH(SMALL(Lines!$G$3:$G$1590,51),Lines!$G$3:$G$1590,0)),""))) | C56: =IF($J56=0,INDEX(Lines!$K$3:$K$1590,MATCH(SMALL(Lines!$G$3:$G$1590,51),Lines!$G$3:$G$1590,0)),IF(AND(ISNUMBER($J56),$J56>0,$J56<99),INDEX(Lines!$C$3:$C$1590,MATCH(SMALL(Lines!$G$3:$G$1590,51),Lines!$G$3:$G$1590,0)),"")) | D56: =IF(AND(ISNUMBER($J56),$J56>0,$J56<99),INDEX(Lines!$D$3:$D$1590,MATCH(SMALL(Lines!$G$3:$G$1590,51),Lines!$G$3:$G$1590,0)),"") | E56: =IF(AND(ISNUMBER($J56),$J56>0,$J56<99),INDEX(Lines!$E$3:$E$1590,MATCH(SMALL(Lines!$G$3:$G$1590,51),Lines!$G$3:$G$1590,0)),"") | F56: =IF(AND(ISNUMBER($J56),$J56>0,$J56<99),INDEX(Lines!$O$3:$O$1590,MATCH(SMALL(Lines!$G$3:$G$1590,51),Lines!$G$3:$G$1590,0)),"") | G56: =IF($J56=0,INDEX(Lines!$Q$3:$Q$1590,MATCH(SMALL(Lines!$G$3:$G$1590,51),Lines!$G$3:$G$1590,0)),IF(AND(ISNUMBER($J56),$J56>0,$J56<99),INDEX(Lines!$P$3:$P$1590,MATCH(SMALL(Lines!$G$3:$G$1590,51),Lines!$G$3:$G$1590,0)),"")) | H56: =IF($J56=0,INDEX(Lines!$H$3:$H$1590,MATCH(SMALL(Lines!$G$3:$G$1590,51),Lines!$G$3:$G$1590,0))&" groups",IF(AND(ISNUMBER($J56),$J56>0,$J56<99),INDEX(Lines!$I$3:$I$1590,MATCH(SMALL(Lines!$G$3:$G$1590,51),Lines!$G$3:$G$1590,0)),"")) | J56: =IFERROR(IF(MOD(SMALL(Lines!$G$3:$G$1590,51),100000)=0,-1,MOD(SMALL(Lines!$G$3:$G$1590,51),100)),"") | K56: =IF($J56=0,INDEX(Lines!$L$3:$L$1590,MATCH(SMALL(Lines!$G$3:$G$1590,51),Lines!$G$3:$G$1590,0)),"")
A57: =IF(OR($J57=0,AND(ISNUMBER($J57),$J57>0,$J57<99)),INDEX(Lines!$A$3:$A$1590,MATCH(SMALL(Lines!$G$3:$G$1590,52),Lines!$G$3:$G$1590,0)),"") | B57: =IF($J57=-1,INDEX(Lines!$J$3:$J$1590,MATCH(SMALL(Lines!$G$3:$G$1590,52),Lines!$G$3:$G$1590,0)),IF($J57=0,INDEX(Lines!$L$3:$L$1590,MATCH(SMALL(Lines!$G$3:$G$1590,52),Lines!$G$3:$G$1590,0)),IF(AND(ISNUMBER($J57),$J57>0,$J57<99),INDEX(Lines!$N$3:$N$1590,MATCH(SMALL(Lines!$G$3:$G$1590,52),Lines!$G$3:$G$1590,0)),""))) | C57: =IF($J57=0,INDEX(Lines!$K$3:$K$1590,MATCH(SMALL(Lines!$G$3:$G$1590,52),Lines!$G$3:$G$1590,0)),IF(AND(ISNUMBER($J57),$J57>0,$J57<99),INDEX(Lines!$C$3:$C$1590,MATCH(SMALL(Lines!$G$3:$G$1590,52),Lines!$G$3:$G$1590,0)),"")) | D57: =IF(AND(ISNUMBER($J57),$J57>0,$J57<99),INDEX(Lines!$D$3:$D$1590,MATCH(SMALL(Lines!$G$3:$G$1590,52),Lines!$G$3:$G$1590,0)),"") | E57: =IF(AND(ISNUMBER($J57),$J57>0,$J57<99),INDEX(Lines!$E$3:$E$1590,MATCH(SMALL(Lines!$G$3:$G$1590,52),Lines!$G$3:$G$1590,0)),"") | F57: =IF(AND(ISNUMBER($J57),$J57>0,$J57<99),INDEX(Lines!$O$3:$O$1590,MATCH(SMALL(Lines!$G$3:$G$1590,52),Lines!$G$3:$G$1590,0)),"") | G57: =IF($J57=0,INDEX(Lines!$Q$3:$Q$1590,MATCH(SMALL(Lines!$G$3:$G$1590,52),Lines!$G$3:$G$1590,0)),IF(AND(ISNUMBER($J57),$J57>0,$J57<99),INDEX(Lines!$P$3:$P$1590,MATCH(SMALL(Lines!$G$3:$G$1590,52),Lines!$G$3:$G$1590,0)),"")) | H57: =IF($J57=0,INDEX(Lines!$H$3:$H$1590,MATCH(SMALL(Lines!$G$3:$G$1590,52),Lines!$G$3:$G$1590,0))&" groups",IF(AND(ISNUMBER($J57),$J57>0,$J57<99),INDEX(Lines!$I$3:$I$1590,MATCH(SMALL(Lines!$G$3:$G$1590,52),Lines!$G$3:$G$1590,0)),"")) | J57: =IFERROR(IF(MOD(SMALL(Lines!$G$3:$G$1590,52),100000)=0,-1,MOD(SMALL(Lines!$G$3:$G$1590,52),100)),"") | K57: =IF($J57=0,INDEX(Lines!$L$3:$L$1590,MATCH(SMALL(Lines!$G$3:$G$1590,52),Lines!$G$3:$G$1590,0)),"")
A58: =IF(OR($J58=0,AND(ISNUMBER($J58),$J58>0,$J58<99)),INDEX(Lines!$A$3:$A$1590,MATCH(SMALL(Lines!$G$3:$G$1590,53),Lines!$G$3:$G$1590,0)),"") | B58: =IF($J58=-1,INDEX(Lines!$J$3:$J$1590,MATCH(SMALL(Lines!$G$3:$G$1590,53),Lines!$G$3:$G$1590,0)),IF($J58=0,INDEX(Lines!$L$3:$L$1590,MATCH(SMALL(Lines!$G$3:$G$1590,53),Lines!$G$3:$G$1590,0)),IF(AND(ISNUMBER($J58),$J58>0,$J58<99),INDEX(Lines!$N$3:$N$1590,MATCH(SMALL(Lines!$G$3:$G$1590,53),Lines!$G$3:$G$1590,0)),""))) | C58: =IF($J58=0,INDEX(Lines!$K$3:$K$1590,MATCH(SMALL(Lines!$G$3:$G$1590,53),Lines!$G$3:$G$1590,0)),IF(AND(ISNUMBER($J58),$J58>0,$J58<99),INDEX(Lines!$C$3:$C$1590,MATCH(SMALL(Lines!$G$3:$G$1590,53),Lines!$G$3:$G$1590,0)),"")) | D58: =IF(AND(ISNUMBER($J58),$J58>0,$J58<99),INDEX(Lines!$D$3:$D$1590,MATCH(SMALL(Lines!$G$3:$G$1590,53),Lines!$G$3:$G$1590,0)),"") | E58: =IF(AND(ISNUMBER($J58),$J58>0,$J58<99),INDEX(Lines!$E$3:$E$1590,MATCH(SMALL(Lines!$G$3:$G$1590,53),Lines!$G$3:$G$1590,0)),"") | F58: =IF(AND(ISNUMBER($J58),$J58>0,$J58<99),INDEX(Lines!$O$3:$O$1590,MATCH(SMALL(Lines!$G$3:$G$1590,53),Lines!$G$3:$G$1590,0)),"") | G58: =IF($J58=0,INDEX(Lines!$Q$3:$Q$1590,MATCH(SMALL(Lines!$G$3:$G$1590,53),Lines!$G$3:$G$1590,0)),IF(AND(ISNUMBER($J58),$J58>0,$J58<99),INDEX(Lines!$P$3:$P$1590,MATCH(SMALL(Lines!$G$3:$G$1590,53),Lines!$G$3:$G$1590,0)),"")) | H58: =IF($J58=0,INDEX(Lines!$H$3:$H$1590,MATCH(SMALL(Lines!$G$3:$G$1590,53),Lines!$G$3:$G$1590,0))&" groups",IF(AND(ISNUMBER($J58),$J58>0,$J58<99),INDEX(Lines!$I$3:$I$1590,MATCH(SMALL(Lines!$G$3:$G$1590,53),Lines!$G$3:$G$1590,0)),"")) | J58: =IFERROR(IF(MOD(SMALL(Lines!$G$3:$G$1590,53),100000)=0,-1,MOD(SMALL(Lines!$G$3:$G$1590,53),100)),"") | K58: =IF($J58=0,INDEX(Lines!$L$3:$L$1590,MATCH(SMALL(Lines!$G$3:$G$1590,53),Lines!$G$3:$G$1590,0)),"")
A59: =IF(OR($J59=0,AND(ISNUMBER($J59),$J59>0,$J59<99)),INDEX(Lines!$A$3:$A$1590,MATCH(SMALL(Lines!$G$3:$G$1590,54),Lines!$G$3:$G$1590,0)),"") | B59: =IF($J59=-1,INDEX(Lines!$J$3:$J$1590,MATCH(SMALL(Lines!$G$3:$G$1590,54),Lines!$G$3:$G$1590,0)),IF($J59=0,INDEX(Lines!$L$3:$L$1590,MATCH(SMALL(Lines!$G$3:$G$1590,54),Lines!$G$3:$G$1590,0)),IF(AND(ISNUMBER($J59),$J59>0,$J59<99),INDEX(Lines!$N$3:$N$1590,MATCH(SMALL(Lines!$G$3:$G$1590,54),Lines!$G$3:$G$1590,0)),""))) | C59: =IF($J59=0,INDEX(Lines!$K$3:$K$1590,MATCH(SMALL(Lines!$G$3:$G$1590,54),Lines!$G$3:$G$1590,0)),IF(AND(ISNUMBER($J59),$J59>0,$J59<99),INDEX(Lines!$C$3:$C$1590,MATCH(SMALL(Lines!$G$3:$G$1590,54),Lines!$G$3:$G$1590,0)),"")) | D59: =IF(AND(ISNUMBER($J59),$J59>0,$J59<99),INDEX(Lines!$D$3:$D$1590,MATCH(SMALL(Lines!$G$3:$G$1590,54),Lines!$G$3:$G$1590,0)),"") | E59: =IF(AND(ISNUMBER($J59),$J59>0,$J59<99),INDEX(Lines!$E$3:$E$1590,MATCH(SMALL(Lines!$G$3:$G$1590,54),Lines!$G$3:$G$1590,0)),"") | F59: =IF(AND(ISNUMBER($J59),$J59>0,$J59<99),INDEX(Lines!$O$3:$O$1590,MATCH(SMALL(Lines!$G$3:$G$1590,54),Lines!$G$3:$G$1590,0)),"") | G59: =IF($J59=0,INDEX(Lines!$Q$3:$Q$1590,MATCH(SMALL(Lines!$G$3:$G$1590,54),Lines!$G$3:$G$1590,0)),IF(AND(ISNUMBER($J59),$J59>0,$J59<99),INDEX(Lines!$P$3:$P$1590,MATCH(SMALL(Lines!$G$3:$G$1590,54),Lines!$G$3:$G$1590,0)),"")) | H59: =IF($J59=0,INDEX(Lines!$H$3:$H$1590,MATCH(SMALL(Lines!$G$3:$G$1590,54),Lines!$G$3:$G$1590,0))&" groups",IF(AND(ISNUMBER($J59),$J59>0,$J59<99),INDEX(Lines!$I$3:$I$1590,MATCH(SMALL(Lines!$G$3:$G$1590,54),Lines!$G$3:$G$1590,0)),"")) | J59: =IFERROR(IF(MOD(SMALL(Lines!$G$3:$G$1590,54),100000)=0,-1,MOD(SMALL(Lines!$G$3:$G$1590,54),100)),"") | K59: =IF($J59=0,INDEX(Lines!$L$3:$L$1590,MATCH(SMALL(Lines!$G$3:$G$1590,54),Lines!$G$3:$G$1590,0)),"")
A60: =IF(OR($J60=0,AND(ISNUMBER($J60),$J60>0,$J60<99)),INDEX(Lines!$A$3:$A$1590,MATCH(SMALL(Lines!$G$3:$G$1590,55),Lines!$G$3:$G$1590,0)),"") | B60: =IF($J60=-1,INDEX(Lines!$J$3:$J$1590,MATCH(SMALL(Lines!$G$3:$G$1590,55),Lines!$G$3:$G$1590,0)),IF($J60=0,INDEX(Lines!$L$3:$L$1590,MATCH(SMALL(Lines!$G$3:$G$1590,55),Lines!$G$3:$G$1590,0)),IF(AND(ISNUMBER($J60),$J60>0,$J60<99),INDEX(Lines!$N$3:$N$1590,MATCH(SMALL(Lines!$G$3:$G$1590,55),Lines!$G$3:$G$1590,0)),""))) | C60: =IF($J60=0,INDEX(Lines!$K$3:$K$1590,MATCH(SMALL(Lines!$G$3:$G$1590,55),Lines!$G$3:$G$1590,0)),IF(AND(ISNUMBER($J60),$J60>0,$J60<99),INDEX(Lines!$C$3:$C$1590,MATCH(SMALL(Lines!$G$3:$G$1590,55),Lines!$G$3:$G$1590,0)),"")) | D60: =IF(AND(ISNUMBER($J60),$J60>0,$J60<99),INDEX(Lines!$D$3:$D$1590,MATCH(SMALL(Lines!$G$3:$G$1590,55),Lines!$G$3:$G$1590,0)),"") | E60: =IF(AND(ISNUMBER($J60),$J60>0,$J60<99),INDEX(Lines!$E$3:$E$1590,MATCH(SMALL(Lines!$G$3:$G$1590,55),Lines!$G$3:$G$1590,0)),"") | F60: =IF(AND(ISNUMBER($J60),$J60>0,$J60<99),INDEX(Lines!$O$3:$O$1590,MATCH(SMALL(Lines!$G$3:$G$1590,55),Lines!$G$3:$G$1590,0)),"") | G60: =IF($J60=0,INDEX(Lines!$Q$3:$Q$1590,MATCH(SMALL(Lines!$G$3:$G$1590,55),Lines!$G$3:$G$1590,0)),IF(AND(ISNUMBER($J60),$J60>0,$J60<99),INDEX(Lines!$P$3:$P$1590,MATCH(SMALL(Lines!$G$3:$G$1590,55),Lines!$G$3:$G$1590,0)),"")) | H60: =IF($J60=0,INDEX(Lines!$H$3:$H$1590,MATCH(SMALL(Lines!$G$3:$G$1590,55),Lines!$G$3:$G$1590,0))&" groups",IF(AND(ISNUMBER($J60),$J60>0,$J60<99),INDEX(Lines!$I$3:$I$1590,MATCH(SMALL(Lines!$G$3:$G$1590,55),Lines!$G$3:$G$1590,0)),"")) | J60: =IFERROR(IF(MOD(SMALL(Lines!$G$3:$G$1590,55),100000)=0,-1,MOD(SMALL(Lines!$G$3:$G$1590,55),100)),"") | K60: =IF($J60=0,INDEX(Lines!$L$3:$L$1590,MATCH(SMALL(Lines!$G$3:$G$1590,55),Lines!$G$3:$G$1590,0)),"")
A61: =IF(OR($J61=0,AND(ISNUMBER($J61),$J61>0,$J61<99)),INDEX(Lines!$A$3:$A$1590,MATCH(SMALL(Lines!$G$3:$G$1590,56),Lines!$G$3:$G$1590,0)),"") | B61: =IF($J61=-1,INDEX(Lines!$J$3:$J$1590,MATCH(SMALL(Lines!$G$3:$G$1590,56),Lines!$G$3:$G$1590,0)),IF($J61=0,INDEX(Lines!$L$3:$L$1590,MATCH(SMALL(Lines!$G$3:$G$1590,56),Lines!$G$3:$G$1590,0)),IF(AND(ISNUMBER($J61),$J61>0,$J61<99),INDEX(Lines!$N$3:$N$1590,MATCH(SMALL(Lines!$G$3:$G$1590,56),Lines!$G$3:$G$1590,0)),""))) | C61: =IF($J61=0,INDEX(Lines!$K$3:$K$1590,MATCH(SMALL(Lines!$G$3:$G$1590,56),Lines!$G$3:$G$1590,0)),IF(AND(ISNUMBER($J61),$J61>0,$J61<99),INDEX(Lines!$C$3:$C$1590,MATCH(SMALL(Lines!$G$3:$G$1590,56),Lines!$G$3:$G$1590,0)),"")) | D61: =IF(AND(ISNUMBER($J61),$J61>0,$J61<99),INDEX(Lines!$D$3:$D$1590,MATCH(SMALL(Lines!$G$3:$G$1590,56),Lines!$G$3:$G$1590,0)),"") | E61: =IF(AND(ISNUMBER($J61),$J61>0,$J61<99),INDEX(Lines!$E$3:$E$1590,MATCH(SMALL(Lines!$G$3:$G$1590,56),Lines!$G$3:$G$1590,0)),"") | F61: =IF(AND(ISNUMBER($J61),$J61>0,$J61<99),INDEX(Lines!$O$3:$O$1590,MATCH(SMALL(Lines!$G$3:$G$1590,56),Lines!$G$3:$G$1590,0)),"") | G61: =IF($J61=0,INDEX(Lines!$Q$3:$Q$1590,MATCH(SMALL(Lines!$G$3:$G$1590,56),Lines!$G$3:$G$1590,0)),IF(AND(ISNUMBER($J61),$J61>0,$J61<99),INDEX(Lines!$P$3:$P$1590,MATCH(SMALL(Lines!$G$3:$G$1590,56),Lines!$G$3:$G$1590,0)),"")) | H61: =IF($J61=0,INDEX(Lines!$H$3:$H$1590,MATCH(SMALL(Lines!$G$3:$G$1590,56),Lines!$G$3:$G$1590,0))&" groups",IF(AND(ISNUMBER($J61),$J61>0,$J61<99),INDEX(Lines!$I$3:$I$1590,MATCH(SMALL(Lines!$G$3:$G$1590,56),Lines!$G$3:$G$1590,0)),"")) | J61: =IFERROR(IF(MOD(SMALL(Lines!$G$3:$G$1590,56),100000)=0,-1,MOD(SMALL(Lines!$G$3:$G$1590,56),100)),"") | K61: =IF($J61=0,INDEX(Lines!$L$3:$L$1590,MATCH(SMALL(Lines!$G$3:$G$1590,56),Lines!$G$3:$G$1590,0)),"")
A62: =IF(OR($J62=0,AND(ISNUMBER($J62),$J62>0,$J62<99)),INDEX(Lines!$A$3:$A$1590,MATCH(SMALL(Lines!$G$3:$G$1590,57),Lines!$G$3:$G$1590,0)),"") | B62: =IF($J62=-1,INDEX(Lines!$J$3:$J$1590,MATCH(SMALL(Lines!$G$3:$G$1590,57),Lines!$G$3:$G$1590,0)),IF($J62=0,INDEX(Lines!$L$3:$L$1590,MATCH(SMALL(Lines!$G$3:$G$1590,57),Lines!$G$3:$G$1590,0)),IF(AND(ISNUMBER($J62),$J62>0,$J62<99),INDEX(Lines!$N$3:$N$1590,MATCH(SMALL(Lines!$G$3:$G$1590,57),Lines!$G$3:$G$1590,0)),""))) | C62: =IF($J62=0,INDEX(Lines!$K$3:$K$1590,MATCH(SMALL(Lines!$G$3:$G$1590,57),Lines!$G$3:$G$1590,0)),IF(AND(ISNUMBER($J62),$J62>0,$J62<99),INDEX(Lines!$C$3:$C$1590,MATCH(SMALL(Lines!$G$3:$G$1590,57),Lines!$G$3:$G$1590,0)),"")) | D62: =IF(AND(ISNUMBER($J62),$J62>0,$J62<99),INDEX(Lines!$D$3:$D$1590,MATCH(SMALL(Lines!$G$3:$G$1590,57),Lines!$G$3:$G$1590,0)),"") | E62: =IF(AND(ISNUMBER($J62),$J62>0,$J62<99),INDEX(Lines!$E$3:$E$1590,MATCH(SMALL(Lines!$G$3:$G$1590,57),Lines!$G$3:$G$1590,0)),"") | F62: =IF(AND(ISNUMBER($J62),$J62>0,$J62<99),INDEX(Lines!$O$3:$O$1590,MATCH(SMALL(Lines!$G$3:$G$1590,57),Lines!$G$3:$G$1590,0)),"") | G62: =IF($J62=0,INDEX(Lines!$Q$3:$Q$1590,MATCH(SMALL(Lines!$G$3:$G$1590,57),Lines!$G$3:$G$1590,0)),IF(AND(ISNUMBER($J62),$J62>0,$J62<99),INDEX(Lines!$P$3:$P$1590,MATCH(SMALL(Lines!$G$3:$G$1590,57),Lines!$G$3:$G$1590,0)),"")) | H62: =IF($J62=0,INDEX(Lines!$H$3:$H$1590,MATCH(SMALL(Lines!$G$3:$G$1590,57),Lines!$G$3:$G$1590,0))&" groups",IF(AND(ISNUMBER($J62),$J62>0,$J62<99),INDEX(Lines!$I$3:$I$1590,MATCH(SMALL(Lines!$G$3:$G$1590,57),Lines!$G$3:$G$1590,0)),"")) | J62: =IFERROR(IF(MOD(SMALL(Lines!$G$3:$G$1590,57),100000)=0,-1,MOD(SMALL(Lines!$G$3:$G$1590,57),100)),"") | K62: =IF($J62=0,INDEX(Lines!$L$3:$L$1590,MATCH(SMALL(Lines!$G$3:$G$1590,57),Lines!$G$3:$G$1590,0)),"")
A63: =IF(OR($J63=0,AND(ISNUMBER($J63),$J63>0,$J63<99)),INDEX(Lines!$A$3:$A$1590,MATCH(SMALL(Lines!$G$3:$G$1590,58),Lines!$G$3:$G$1590,0)),"") | B63: =IF($J63=-1,INDEX(Lines!$J$3:$J$1590,MATCH(SMALL(Lines!$G$3:$G$1590,58),Lines!$G$3:$G$1590,0)),IF($J63=0,INDEX(Lines!$L$3:$L$1590,MATCH(SMALL(Lines!$G$3:$G$1590,58),Lines!$G$3:$G$1590,0)),IF(AND(ISNUMBER($J63),$J63>0,$J63<99),INDEX(Lines!$N$3:$N$1590,MATCH(SMALL(Lines!$G$3:$G$1590,58),Lines!$G$3:$G$1590,0)),""))) | C63: =IF($J63=0,INDEX(Lines!$K$3:$K$1590,MATCH(SMALL(Lines!$G$3:$G$1590,58),Lines!$G$3:$G$1590,0)),IF(AND(ISNUMBER($J63),$J63>0,$J63<99),INDEX(Lines!$C$3:$C$1590,MATCH(SMALL(Lines!$G$3:$G$1590,58),Lines!$G$3:$G$1590,0)),"")) | D63: =IF(AND(ISNUMBER($J63),$J63>0,$J63<99),INDEX(Lines!$D$3:$D$1590,MATCH(SMALL(Lines!$G$3:$G$1590,58),Lines!$G$3:$G$1590,0)),"") | E63: =IF(AND(ISNUMBER($J63),$J63>0,$J63<99),INDEX(Lines!$E$3:$E$1590,MATCH(SMALL(Lines!$G$3:$G$1590,58),Lines!$G$3:$G$1590,0)),"") | F63: =IF(AND(ISNUMBER($J63),$J63>0,$J63<99),INDEX(Lines!$O$3:$O$1590,MATCH(SMALL(Lines!$G$3:$G$1590,58),Lines!$G$3:$G$1590,0)),"") | G63: =IF($J63=0,INDEX(Lines!$Q$3:$Q$1590,MATCH(SMALL(Lines!$G$3:$G$1590,58),Lines!$G$3:$G$1590,0)),IF(AND(ISNUMBER($J63),$J63>0,$J63<99),INDEX(Lines!$P$3:$P$1590,MATCH(SMALL(Lines!$G$3:$G$1590,58),Lines!$G$3:$G$1590,0)),"")) | H63: =IF($J63=0,INDEX(Lines!$H$3:$H$1590,MATCH(SMALL(Lines!$G$3:$G$1590,58),Lines!$G$3:$G$1590,0))&" groups",IF(AND(ISNUMBER($J63),$J63>0,$J63<99),INDEX(Lines!$I$3:$I$1590,MATCH(SMALL(Lines!$G$3:$G$1590,58),Lines!$G$3:$G$1590,0)),"")) | J63: =IFERROR(IF(MOD(SMALL(Lines!$G$3:$G$1590,58),100000)=0,-1,MOD(SMALL(Lines!$G$3:$G$1590,58),100)),"") | K63: =IF($J63=0,INDEX(Lines!$L$3:$L$1590,MATCH(SMALL(Lines!$G$3:$G$1590,58),Lines!$G$3:$G$1590,0)),"")
A64: =IF(OR($J64=0,AND(ISNUMBER($J64),$J64>0,$J64<99)),INDEX(Lines!$A$3:$A$1590,MATCH(SMALL(Lines!$G$3:$G$1590,59),Lines!$G$3:$G$1590,0)),"") | B64: =IF($J64=-1,INDEX(Lines!$J$3:$J$1590,MATCH(SMALL(Lines!$G$3:$G$1590,59),Lines!$G$3:$G$1590,0)),IF($J64=0,INDEX(Lines!$L$3:$L$1590,MATCH(SMALL(Lines!$G$3:$G$1590,59),Lines!$G$3:$G$1590,0)),IF(AND(ISNUMBER($J64),$J64>0,$J64<99),INDEX(Lines!$N$3:$N$1590,MATCH(SMALL(Lines!$G$3:$G$1590,59),Lines!$G$3:$G$1590,0)),""))) | C64: =IF($J64=0,INDEX(Lines!$K$3:$K$1590,MATCH(SMALL(Lines!$G$3:$G$1590,59),Lines!$G$3:$G$1590,0)),IF(AND(ISNUMBER($J64),$J64>0,$J64<99),INDEX(Lines!$C$3:$C$1590,MATCH(SMALL(Lines!$G$3:$G$1590,59),Lines!$G$3:$G$1590,0)),"")) | D64: =IF(AND(ISNUMBER($J64),$J64>0,$J64<99),INDEX(Lines!$D$3:$D$1590,MATCH(SMALL(Lines!$G$3:$G$1590,59),Lines!$G$3:$G$1590,0)),"") | E64: =IF(AND(ISNUMBER($J64),$J64>0,$J64<99),INDEX(Lines!$E$3:$E$1590,MATCH(SMALL(Lines!$G$3:$G$1590,59),Lines!$G$3:$G$1590,0)),"") | F64: =IF(AND(ISNUMBER($J64),$J64>0,$J64<99),INDEX(Lines!$O$3:$O$1590,MATCH(SMALL(Lines!$G$3:$G$1590,59),Lines!$G$3:$G$1590,0)),"") | G64: =IF($J64=0,INDEX(Lines!$Q$3:$Q$1590,MATCH(SMALL(Lines!$G$3:$G$1590,59),Lines!$G$3:$G$1590,0)),IF(AND(ISNUMBER($J64),$J64>0,$J64<99),INDEX(Lines!$P$3:$P$1590,MATCH(SMALL(Lines!$G$3:$G$1590,59),Lines!$G$3:$G$1590,0)),"")) | H64: =IF($J64=0,INDEX(Lines!$H$3:$H$1590,MATCH(SMALL(Lines!$G$3:$G$1590,59),Lines!$G$3:$G$1590,0))&" groups",IF(AND(ISNUMBER($J64),$J64>0,$J64<99),INDEX(Lines!$I$3:$I$1590,MATCH(SMALL(Lines!$G$3:$G$1590,59),Lines!$G$3:$G$1590,0)),"")) | J64: =IFERROR(IF(MOD(SMALL(Lines!$G$3:$G$1590,59),100000)=0,-1,MOD(SMALL(Lines!$G$3:$G$1590,59),100)),"") | K64: =IF($J64=0,INDEX(Lines!$L$3:$L$1590,MATCH(SMALL(Lines!$G$3:$G$1590,59),Lines!$G$3:$G$1590,0)),"")
A65: =IF(OR($J65=0,AND(ISNUMBER($J65),$J65>0,$J65<99)),INDEX(Lines!$A$3:$A$1590,MATCH(SMALL(Lines!$G$3:$G$1590,60),Lines!$G$3:$G$1590,0)),"") | B65: =IF($J65=-1,INDEX(Lines!$J$3:$J$1590,MATCH(SMALL(Lines!$G$3:$G$1590,60),Lines!$G$3:$G$1590,0)),IF($J65=0,INDEX(Lines!$L$3:$L$1590,MATCH(SMALL(Lines!$G$3:$G$1590,60),Lines!$G$3:$G$1590,0)),IF(AND(ISNUMBER($J65),$J65>0,$J65<99),INDEX(Lines!$N$3:$N$1590,MATCH(SMALL(Lines!$G$3:$G$1590,60),Lines!$G$3:$G$1590,0)),""))) | C65: =IF($J65=0,INDEX(Lines!$K$3:$K$1590,MATCH(SMALL(Lines!$G$3:$G$1590,60),Lines!$G$3:$G$1590,0)),IF(AND(ISNUMBER($J65),$J65>0,$J65<99),INDEX(Lines!$C$3:$C$1590,MATCH(SMALL(Lines!$G$3:$G$1590,60),Lines!$G$3:$G$1590,0)),"")) | D65: =IF(AND(ISNUMBER($J65),$J65>0,$J65<99),INDEX(Lines!$D$3:$D$1590,MATCH(SMALL(Lines!$G$3:$G$1590,60),Lines!$G$3:$G$1590,0)),"") | E65: =IF(AND(ISNUMBER($J65),$J65>0,$J65<99),INDEX(Lines!$E$3:$E$1590,MATCH(SMALL(Lines!$G$3:$G$1590,60),Lines!$G$3:$G$1590,0)),"") | F65: =IF(AND(ISNUMBER($J65),$J65>0,$J65<99),INDEX(Lines!$O$3:$O$1590,MATCH(SMALL(Lines!$G$3:$G$1590,60),Lines!$G$3:$G$1590,0)),"") | G65: =IF($J65=0,INDEX(Lines!$Q$3:$Q$1590,MATCH(SMALL(Lines!$G$3:$G$1590,60),Lines!$G$3:$G$1590,0)),IF(AND(ISNUMBER($J65),$J65>0,$J65<99),INDEX(Lines!$P$3:$P$1590,MATCH(SMALL(Lines!$G$3:$G$1590,60),Lines!$G$3:$G$1590,0)),"")) | H65: =IF($J65=0,INDEX(Lines!$H$3:$H$1590,MATCH(SMALL(Lines!$G$3:$G$1590,60),Lines!$G$3:$G$1590,0))&" groups",IF(AND(ISNUMBER($J65),$J65>0,$J65<99),INDEX(Lines!$I$3:$I$1590,MATCH(SMALL(Lines!$G$3:$G$1590,60),Lines!$G$3:$G$1590,0)),"")) | J65: =IFERROR(IF(MOD(SMALL(Lines!$G$3:$G$1590,60),100000)=0,-1,MOD(SMALL(Lines!$G$3:$G$1590,60),100)),"") | K65: =IF($J65=0,INDEX(Lines!$L$3:$L$1590,MATCH(SMALL(Lines!$G$3:$G$1590,60),Lines!$G$3:$G$1590,0)),"")
A66: =IF(OR($J66=0,AND(ISNUMBER($J66),$J66>0,$J66<99)),INDEX(Lines!$A$3:$A$1590,MATCH(SMALL(Lines!$G$3:$G$1590,61),Lines!$G$3:$G$1590,0)),"") | B66: =IF($J66=-1,INDEX(Lines!$J$3:$J$1590,MATCH(SMALL(Lines!$G$3:$G$1590,61),Lines!$G$3:$G$1590,0)),IF($J66=0,INDEX(Lines!$L$3:$L$1590,MATCH(SMALL(Lines!$G$3:$G$1590,61),Lines!$G$3:$G$1590,0)),IF(AND(ISNUMBER($J66),$J66>0,$J66<99),INDEX(Lines!$N$3:$N$1590,MATCH(SMALL(Lines!$G$3:$G$1590,61),Lines!$G$3:$G$1590,0)),""))) | C66: =IF($J66=0,INDEX(Lines!$K$3:$K$1590,MATCH(SMALL(Lines!$G$3:$G$1590,61),Lines!$G$3:$G$1590,0)),IF(AND(ISNUMBER($J66),$J66>0,$J66<99),INDEX(Lines!$C$3:$C$1590,MATCH(SMALL(Lines!$G$3:$G$1590,61),Lines!$G$3:$G$1590,0)),"")) | D66: =IF(AND(ISNUMBER($J66),$J66>0,$J66<99),INDEX(Lines!$D$3:$D$1590,MATCH(SMALL(Lines!$G$3:$G$1590,61),Lines!$G$3:$G$1590,0)),"") | E66: =IF(AND(ISNUMBER($J66),$J66>0,$J66<99),INDEX(Lines!$E$3:$E$1590,MATCH(SMALL(Lines!$G$3:$G$1590,61),Lines!$G$3:$G$1590,0)),"") | F66: =IF(AND(ISNUMBER($J66),$J66>0,$J66<99),INDEX(Lines!$O$3:$O$1590,MATCH(SMALL(Lines!$G$3:$G$1590,61),Lines!$G$3:$G$1590,0)),"") | G66: =IF($J66=0,INDEX(Lines!$Q$3:$Q$1590,MATCH(SMALL(Lines!$G$3:$G$1590,61),Lines!$G$3:$G$1590,0)),IF(AND(ISNUMBER($J66),$J66>0,$J66<99),INDEX(Lines!$P$3:$P$1590,MATCH(SMALL(Lines!$G$3:$G$1590,61),Lines!$G$3:$G$1590,0)),"")) | H66: =IF($J66=0,INDEX(Lines!$H$3:$H$1590,MATCH(SMALL(Lines!$G$3:$G$1590,61),Lines!$G$3:$G$1590,0))&" groups",IF(AND(ISNUMBER($J66),$J66>0,$J66<99),INDEX(Lines!$I$3:$I$1590,MATCH(SMALL(Lines!$G$3:$G$1590,61),Lines!$G$3:$G$1590,0)),"")) | J66: =IFERROR(IF(MOD(SMALL(Lines!$G$3:$G$1590,61),100000)=0,-1,MOD(SMALL(Lines!$G$3:$G$1590,61),100)),"") | K66: =IF($J66=0,INDEX(Lines!$L$3:$L$1590,MATCH(SMALL(Lines!$G$3:$G$1590,61),Lines!$G$3:$G$1590,0)),"")
A67: =IF(OR($J67=0,AND(ISNUMBER($J67),$J67>0,$J67<99)),INDEX(Lines!$A$3:$A$1590,MATCH(SMALL(Lines!$G$3:$G$1590,62),Lines!$G$3:$G$1590,0)),"") | B67: =IF($J67=-1,INDEX(Lines!$J$3:$J$1590,MATCH(SMALL(Lines!$G$3:$G$1590,62),Lines!$G$3:$G$1590,0)),IF($J67=0,INDEX(Lines!$L$3:$L$1590,MATCH(SMALL(Lines!$G$3:$G$1590,62),Lines!$G$3:$G$1590,0)),IF(AND(ISNUMBER($J67),$J67>0,$J67<99),INDEX(Lines!$N$3:$N$1590,MATCH(SMALL(Lines!$G$3:$G$1590,62),Lines!$G$3:$G$1590,0)),""))) | C67: =IF($J67=0,INDEX(Lines!$K$3:$K$1590,MATCH(SMALL(Lines!$G$3:$G$1590,62),Lines!$G$3:$G$1590,0)),IF(AND(ISNUMBER($J67),$J67>0,$J67<99),INDEX(Lines!$C$3:$C$1590,MATCH(SMALL(Lines!$G$3:$G$1590,62),Lines!$G$3:$G$1590,0)),"")) | D67: =IF(AND(ISNUMBER($J67),$J67>0,$J67<99),INDEX(Lines!$D$3:$D$1590,MATCH(SMALL(Lines!$G$3:$G$1590,62),Lines!$G$3:$G$1590,0)),"") | E67: =IF(AND(ISNUMBER($J67),$J67>0,$J67<99),INDEX(Lines!$E$3:$E$1590,MATCH(SMALL(Lines!$G$3:$G$1590,62),Lines!$G$3:$G$1590,0)),"") | F67: =IF(AND(ISNUMBER($J67),$J67>0,$J67<99),INDEX(Lines!$O$3:$O$1590,MATCH(SMALL(Lines!$G$3:$G$1590,62),Lines!$G$3:$G$1590,0)),"") | G67: =IF($J67=0,INDEX(Lines!$Q$3:$Q$1590,MATCH(SMALL(Lines!$G$3:$G$1590,62),Lines!$G$3:$G$1590,0)),IF(AND(ISNUMBER($J67),$J67>0,$J67<99),INDEX(Lines!$P$3:$P$1590,MATCH(SMALL(Lines!$G$3:$G$1590,62),Lines!$G$3:$G$1590,0)),"")) | H67: =IF($J67=0,INDEX(Lines!$H$3:$H$1590,MATCH(SMALL(Lines!$G$3:$G$1590,62),Lines!$G$3:$G$1590,0))&" groups",IF(AND(ISNUMBER($J67),$J67>0,$J67<99),INDEX(Lines!$I$3:$I$1590,MATCH(SMALL(Lines!$G$3:$G$1590,62),Lines!$G$3:$G$1590,0)),"")) | J67: =IFERROR(IF(MOD(SMALL(Lines!$G$3:$G$1590,62),100000)=0,-1,MOD(SMALL(Lines!$G$3:$G$1590,62),100)),"") | K67: =IF($J67=0,INDEX(Lines!$L$3:$L$1590,MATCH(SMALL(Lines!$G$3:$G$1590,62),Lines!$G$3:$G$1590,0)),"")
A68: =IF(OR($J68=0,AND(ISNUMBER($J68),$J68>0,$J68<99)),INDEX(Lines!$A$3:$A$1590,MATCH(SMALL(Lines!$G$3:$G$1590,63),Lines!$G$3:$G$1590,0)),"") | B68: =IF($J68=-1,INDEX(Lines!$J$3:$J$1590,MATCH(SMALL(Lines!$G$3:$G$1590,63),Lines!$G$3:$G$1590,0)),IF($J68=0,INDEX(Lines!$L$3:$L$1590,MATCH(SMALL(Lines!$G$3:$G$1590,63),Lines!$G$3:$G$1590,0)),IF(AND(ISNUMBER($J68),$J68>0,$J68<99),INDEX(Lines!$N$3:$N$1590,MATCH(SMALL(Lines!$G$3:$G$1590,63),Lines!$G$3:$G$1590,0)),""))) | C68: =IF($J68=0,INDEX(Lines!$K$3:$K$1590,MATCH(SMALL(Lines!$G$3:$G$1590,63),Lines!$G$3:$G$1590,0)),IF(AND(ISNUMBER($J68),$J68>0,$J68<99),INDEX(Lines!$C$3:$C$1590,MATCH(SMALL(Lines!$G$3:$G$1590,63),Lines!$G$3:$G$1590,0)),"")) | D68: =IF(AND(ISNUMBER($J68),$J68>0,$J68<99),INDEX(Lines!$D$3:$D$1590,MATCH(SMALL(Lines!$G$3:$G$1590,63),Lines!$G$3:$G$1590,0)),"") | E68: =IF(AND(ISNUMBER($J68),$J68>0,$J68<99),INDEX(Lines!$E$3:$E$1590,MATCH(SMALL(Lines!$G$3:$G$1590,63),Lines!$G$3:$G$1590,0)),"") | F68: =IF(AND(ISNUMBER($J68),$J68>0,$J68<99),INDEX(Lines!$O$3:$O$1590,MATCH(SMALL(Lines!$G$3:$G$1590,63),Lines!$G$3:$G$1590,0)),"") | G68: =IF($J68=0,INDEX(Lines!$Q$3:$Q$1590,MATCH(SMALL(Lines!$G$3:$G$1590,63),Lines!$G$3:$G$1590,0)),IF(AND(ISNUMBER($J68),$J68>0,$J68<99),INDEX(Lines!$P$3:$P$1590,MATCH(SMALL(Lines!$G$3:$G$1590,63),Lines!$G$3:$G$1590,0)),"")) | H68: =IF($J68=0,INDEX(Lines!$H$3:$H$1590,MATCH(SMALL(Lines!$G$3:$G$1590,63),Lines!$G$3:$G$1590,0))&" groups",IF(AND(ISNUMBER($J68),$J68>0,$J68<99),INDEX(Lines!$I$3:$I$1590,MATCH(SMALL(Lines!$G$3:$G$1590,63),Lines!$G$3:$G$1590,0)),"")) | J68: =IFERROR(IF(MOD(SMALL(Lines!$G$3:$G$1590,63),100000)=0,-1,MOD(SMALL(Lines!$G$3:$G$1590,63),100)),"") | K68: =IF($J68=0,INDEX(Lines!$L$3:$L$1590,MATCH(SMALL(Lines!$G$3:$G$1590,63),Lines!$G$3:$G$1590,0)),"")
A69: =IF(OR($J69=0,AND(ISNUMBER($J69),$J69>0,$J69<99)),INDEX(Lines!$A$3:$A$1590,MATCH(SMALL(Lines!$G$3:$G$1590,64),Lines!$G$3:$G$1590,0)),"") | B69: =IF($J69=-1,INDEX(Lines!$J$3:$J$1590,MATCH(SMALL(Lines!$G$3:$G$1590,64),Lines!$G$3:$G$1590,0)),IF($J69=0,INDEX(Lines!$L$3:$L$1590,MATCH(SMALL(Lines!$G$3:$G$1590,64),Lines!$G$3:$G$1590,0)),IF(AND(ISNUMBER($J69),$J69>0,$J69<99),INDEX(Lines!$N$3:$N$1590,MATCH(SMALL(Lines!$G$3:$G$1590,64),Lines!$G$3:$G$1590,0)),""))) | C69: =IF($J69=0,INDEX(Lines!$K$3:$K$1590,MATCH(SMALL(Lines!$G$3:$G$1590,64),Lines!$G$3:$G$1590,0)),IF(AND(ISNUMBER($J69),$J69>0,$J69<99),INDEX(Lines!$C$3:$C$1590,MATCH(SMALL(Lines!$G$3:$G$1590,64),Lines!$G$3:$G$1590,0)),"")) | D69: =IF(AND(ISNUMBER($J69),$J69>0,$J69<99),INDEX(Lines!$D$3:$D$1590,MATCH(SMALL(Lines!$G$3:$G$1590,64),Lines!$G$3:$G$1590,0)),"") | E69: =IF(AND(ISNUMBER($J69),$J69>0,$J69<99),INDEX(Lines!$E$3:$E$1590,MATCH(SMALL(Lines!$G$3:$G$1590,64),Lines!$G$3:$G$1590,0)),"") | F69: =IF(AND(ISNUMBER($J69),$J69>0,$J69<99),INDEX(Lines!$O$3:$O$1590,MATCH(SMALL(Lines!$G$3:$G$1590,64),Lines!$G$3:$G$1590,0)),"") | G69: =IF($J69=0,INDEX(Lines!$Q$3:$Q$1590,MATCH(SMALL(Lines!$G$3:$G$1590,64),Lines!$G$3:$G$1590,0)),IF(AND(ISNUMBER($J69),$J69>0,$J69<99),INDEX(Lines!$P$3:$P$1590,MATCH(SMALL(Lines!$G$3:$G$1590,64),Lines!$G$3:$G$1590,0)),"")) | H69: =IF($J69=0,INDEX(Lines!$H$3:$H$1590,MATCH(SMALL(Lines!$G$3:$G$1590,64),Lines!$G$3:$G$1590,0))&" groups",IF(AND(ISNUMBER($J69),$J69>0,$J69<99),INDEX(Lines!$I$3:$I$1590,MATCH(SMALL(Lines!$G$3:$G$1590,64),Lines!$G$3:$G$1590,0)),"")) | J69: =IFERROR(IF(MOD(SMALL(Lines!$G$3:$G$1590,64),100000)=0,-1,MOD(SMALL(Lines!$G$3:$G$1590,64),100)),"") | K69: =IF($J69=0,INDEX(Lines!$L$3:$L$1590,MATCH(SMALL(Lines!$G$3:$G$1590,64),Lines!$G$3:$G$1590,0)),"")
A70: =IF(OR($J70=0,AND(ISNUMBER($J70),$J70>0,$J70<99)),INDEX(Lines!$A$3:$A$1590,MATCH(SMALL(Lines!$G$3:$G$1590,65),Lines!$G$3:$G$1590,0)),"") | B70: =IF($J70=-1,INDEX(Lines!$J$3:$J$1590,MATCH(SMALL(Lines!$G$3:$G$1590,65),Lines!$G$3:$G$1590,0)),IF($J70=0,INDEX(Lines!$L$3:$L$1590,MATCH(SMALL(Lines!$G$3:$G$1590,65),Lines!$G$3:$G$1590,0)),IF(AND(ISNUMBER($J70),$J70>0,$J70<99),INDEX(Lines!$N$3:$N$1590,MATCH(SMALL(Lines!$G$3:$G$1590,65),Lines!$G$3:$G$1590,0)),""))) | C70: =IF($J70=0,INDEX(Lines!$K$3:$K$1590,MATCH(SMALL(Lines!$G$3:$G$1590,65),Lines!$G$3:$G$1590,0)),IF(AND(ISNUMBER($J70),$J70>0,$J70<99),INDEX(Lines!$C$3:$C$1590,MATCH(SMALL(Lines!$G$3:$G$1590,65),Lines!$G$3:$G$1590,0)),"")) | D70: =IF(AND(ISNUMBER($J70),$J70>0,$J70<99),INDEX(Lines!$D$3:$D$1590,MATCH(SMALL(Lines!$G$3:$G$1590,65),Lines!$G$3:$G$1590,0)),"") | E70: =IF(AND(ISNUMBER($J70),$J70>0,$J70<99),INDEX(Lines!$E$3:$E$1590,MATCH(SMALL(Lines!$G$3:$G$1590,65),Lines!$G$3:$G$1590,0)),"") | F70: =IF(AND(ISNUMBER($J70),$J70>0,$J70<99),INDEX(Lines!$O$3:$O$1590,MATCH(SMALL(Lines!$G$3:$G$1590,65),Lines!$G$3:$G$1590,0)),"") | G70: =IF($J70=0,INDEX(Lines!$Q$3:$Q$1590,MATCH(SMALL(Lines!$G$3:$G$1590,65),Lines!$G$3:$G$1590,0)),IF(AND(ISNUMBER($J70),$J70>0,$J70<99),INDEX(Lines!$P$3:$P$1590,MATCH(SMALL(Lines!$G$3:$G$1590,65),Lines!$G$3:$G$1590,0)),"")) | H70: =IF($J70=0,INDEX(Lines!$H$3:$H$1590,MATCH(SMALL(Lines!$G$3:$G$1590,65),Lines!$G$3:$G$1590,0))&" groups",IF(AND(ISNUMBER($J70),$J70>0,$J70<99),INDEX(Lines!$I$3:$I$1590,MATCH(SMALL(Lines!$G$3:$G$1590,65),Lines!$G$3:$G$1590,0)),"")) | J70: =IFERROR(IF(MOD(SMALL(Lines!$G$3:$G$1590,65),100000)=0,-1,MOD(SMALL(Lines!$G$3:$G$1590,65),100)),"") | K70: =IF($J70=0,INDEX(Lines!$L$3:$L$1590,MATCH(SMALL(Lines!$G$3:$G$1590,65),Lines!$G$3:$G$1590,0)),"")
